Price,Date,Close,High,Low,Open,Volume
Ticker,,POWERGRID.NS,POWERGRID.NS,POWERGRID.NS,POWERGRID.NS,POWERGRID.NS
0,2007-10-05,32.5454216003418,35.4246891776911,26.90011689528922,29.051480080819935,855215656
1,2007-10-08,30.879331588745117,33.645368840548784,30.685222864632642,33.645368840548784,126671715
2,2007-10-09,32.982177734375,33.27333872493625,29.22942388956217,30.895515924150608,116725709
3,2007-10-10,33.28950119018555,33.96887948189164,32.99834031886197,33.839472943776364,67931378
4,2007-10-11,37.0098991394043,38.821573014807456,32.99833837896425,38.821573014807456,106320954
5,2007-10-12,36.76726150512695,38.142191798388325,35.90995290573742,36.23346591591656,99410791
6,2007-10-15,37.252540588378906,37.753988515704634,36.9290274951083,37.52752759524435,41814972
7,2007-10-16,41.0538215637207,41.70085217174976,37.04225987667578,37.301068609545496,138614496
8,2007-10-17,44.2566032409668,45.291842522417625,34.324747177407374,36.88050196948446,204876259
9,2007-10-18,42.7037353515625,48.349040354809915,40.87588732647553,44.96832691239553,146617799
10,2007-10-19,42.55817413330078,44.28897068231998,40.43915997757362,41.733212816028534,110266491
11,2007-10-22,41.992008209228516,43.30223439737445,40.600899365049735,41.7008473216324,72253405
12,2007-10-23,44.984500885009766,45.38889219637619,43.02724430524036,43.02724430524036,74594921
13,2007-10-24,44.28895568847656,46.42414302665404,43.78750775058117,45.93886898859224,63055170
14,2007-10-25,44.191898345947266,45.2271420031388,39.0318627353921,42.78461550780248,34522489
15,2007-10-26,45.5182991027832,46.24620350425056,43.755151130724876,44.968325133170474,62370025
16,2007-10-29,46.44031524658203,47.556437156688446,46.03592388609813,46.26238480313995,43657697
17,2007-10-30,47.47554397583008,48.75341764091185,45.680044266366686,47.07115274233729,79921711
18,2007-10-31,48.4622802734375,49.529876279050825,47.55644522739694,47.71820179904189,44655368
19,2007-11-01,47.37849807739258,50.031306919488635,46.99028503889122,49.65926777878566,50632492
20,2007-11-02,48.235816955566406,48.52698228060946,45.291846618226735,45.66389022513117,32001693
21,2007-11-05,49.2225341796875,50.306304024365964,47.91230339268425,48.20346871508114,38833135
22,2007-11-06,49.86954879760742,53.023801025867414,49.19017051701227,50.07983140190611,81880281
23,2007-11-07,49.141666412353516,51.50331097134222,48.0417224312893,50.791584577914094,33593141
24,2007-11-08,48.300514221191406,49.61074482709531,47.23292281305665,47.87994897263577,27990521
25,2007-11-12,49.46515655517578,50.33864352634539,45.56682175472056,46.84470002959342,35153735
26,2007-11-13,50.64598083496094,51.66504609402847,48.70490247943165,50.30629387791399,43830531
27,2007-11-14,49.98277282714844,52.24736387985777,49.723959788368916,51.535633508121585,36738579
28,2007-11-15,50.82392501831055,51.71358609524621,49.86955956242675,50.920977198805254,29242252
29,2007-11-16,50.468055725097656,51.61652545129008,49.88572952432617,50.59746008484893,18895294
30,2007-11-19,52.29591369628906,54.18846652716282,51.22832204191309,51.61653519444617,40716718
31,2007-11-20,51.48712921142578,53.54143855571067,50.856276824748555,52.08562940608123,26342171
32,2007-11-21,47.47554397583008,52.10177793181725,46.32707023995514,51.79444322711816,26814499
33,2007-11-22,45.84181594848633,48.882842542272904,43.85221129807327,46.974111777428554,34096185
34,2007-11-23,48.882850646972656,49.1740116022464,46.13298450426231,48.85049845462493,27664090
35,2007-11-26,49.27104949951172,50.694506058564414,48.882836467730044,50.694506058564414,20159123
36,2007-11-27,48.0578727722168,50.112181422665834,47.55642932298752,50.112181422665834,20573198
37,2007-11-28,47.34614181518555,49.33575046932399,47.022628783673774,49.10928959209522,16435311
38,2007-11-29,46.068267822265625,48.785776400459895,45.46976783834797,48.52696773127046,25530967
39,2007-11-30,47.847591400146484,48.13875226159133,46.262378365234376,46.90940445196801,18437721
40,2007-12-03,48.526973724365234,49.125473782197815,48.05787801710885,48.42991717048796,16851227
41,2007-12-04,47.8961296081543,49.25488648955349,47.540264292747125,48.85049508293797,14008727
42,2007-12-05,49.804840087890625,49.98277488210315,47.87994024670438,47.97699239778308,27725290
43,2007-12-06,48.882850646972656,51.648886303965035,48.25199825393965,50.88862952946901,24104710
44,2007-12-07,48.67254638671875,49.88572026148683,47.79906382964153,49.1901681175384,11742386
45,2007-12-10,48.721092224121094,49.319588014164644,48.0902398550299,49.14165754489673,8330010
46,2007-12-11,48.494625091552734,49.432812186852786,48.2519902709789,49.15782517928368,11685950
47,2007-12-12,48.4622802734375,48.89902389446441,47.55644522739694,47.879958370686836,16342131
48,2007-12-13,47.65349578857422,49.17400926530553,47.47556532100952,48.52698300081181,14620172
49,2007-12-14,47.18440246582031,47.92848534176165,46.941767603912304,47.491741712741636,10991851
50,2007-12-17,44.337486267089844,47.718200260649056,43.67428171197001,47.45938712160436,19355678
51,2007-12-18,44.14337921142578,45.61536226751016,42.768448343769535,43.8360399681903,21607783
52,2007-12-19,43.3345947265625,45.95505198327339,42.96255550093888,45.566834468231896,19526912
53,2007-12-20,42.897850036621094,44.25660691705124,42.70374128399857,43.90074160189786,17105204
54,2007-12-24,44.20807647705078,44.90362874992519,43.18900672301207,43.54487200315835,16711519
55,2007-12-26,45.5506477355957,46.100621662327924,44.450704270057734,44.450704270057734,20930094
56,2007-12-27,45.87417221069336,47.13587251172646,45.48595470825507,46.488846266281016,44565277
57,2007-12-28,46.23002243041992,46.42413111826782,45.29183117047611,45.77710069613279,18354518
58,2007-12-31,46.56972885131836,46.84471590863475,46.00358083422556,46.585907141706365,11982308
59,2008-01-01,47.427024841308594,47.86376835534431,46.37560738318733,46.81235089722305,16687746
60,2008-01-02,47.16822814941406,47.782902249932214,46.47267576230332,47.427036911339215,13437280
61,2008-01-03,49.10930633544922,49.3034150981211,46.31091853637379,46.8770665345422,31815218
62,2008-01-04,48.850486755371094,50.46805210608601,48.526973685228114,49.82102596580005,28011310
63,2008-01-07,48.44610595703125,49.562223659077276,47.928484054609655,48.54315814401689,15858063
64,2008-01-08,46.796173095703125,49.173994795617425,46.23002528086288,48.49461654022386,13282666
65,2008-01-09,46.052101135253906,47.054992659791424,45.93887066849642,46.8447100146289,13113527
66,2008-01-10,44.9521598815918,47.55644320720231,44.644820653351026,46.26239068901402,18023003
67,2008-01-11,45.631534576416016,46.068278142952465,43.8360342224167,45.56683020065977,11629440
68,2008-01-14,46.327091217041016,46.81236091696435,44.98451259150532,45.712417141390326,10264240
69,2008-01-15,44.919795989990234,47.26526556824016,44.54775686550831,47.07116125141585,11558334
70,2008-01-16,43.9977912902832,44.968330610454416,42.881673704842704,44.59629141530758,14834065
71,2008-01-17,45.178619384765625,46.18151093192193,43.221362380749966,44.159549548891995,16169395
72,2008-01-18,43.07578659057617,44.855108848736755,42.70374297170948,44.80657836771744,13254156
73,2008-01-21,35.74821472167969,42.70374800525613,31.138149769996275,42.70374800525613,33202389
74,2008-01-22,32.15721130371094,33.968885612588906,25.541366393195094,32.221913487464356,58755707
75,2008-01-23,35.74821472167969,37.12314571959596,32.67483954986684,32.67483954986684,28425991
76,2008-01-24,35.82908248901367,38.36866105191106,34.13063881412348,37.67310880549381,29911930
77,2008-01-25,37.67311096191406,37.85104141144036,36.15259763933074,37.52752831199091,12550722
78,2008-01-28,38.07750701904297,38.368667966769344,34.13064496519897,37.155493694636284,13601109
79,2008-01-29,37.44664764404297,38.724526060374416,36.88049975618698,38.174552071286385,7679877
80,2008-01-30,35.37617492675781,37.68929322342189,34.907079073312104,37.52753663781002,9016102
81,2008-01-31,33.06305694580078,35.84527130709622,32.674841549657394,35.74821690956931,41538563
82,2008-02-01,34.211517333984375,34.45415214645339,33.32185635493134,33.62919334526605,9089201
83,2008-02-04,35.97465896606445,36.395226363649414,34.85853939883135,34.85853939883135,12009385
84,2008-02-05,37.090789794921875,37.57605951009831,35.26294141200956,36.03937207870628,14593303
85,2008-02-06,36.76726150512695,37.204004946454006,34.71295520686717,36.07170941082699,12429218
86,2008-02-07,35.0364875793457,37.5113647912914,34.810028785864425,36.265838136198056,11300078
87,2008-02-08,34.13064193725586,35.55409874602265,33.499789616542415,35.262937824126986,13514197
88,2008-02-11,31.720470428466797,34.61591478944772,31.380781192344376,34.61591478944772,15133331
89,2008-02-12,31.154312133789062,32.88510773988027,30.895501268303953,32.6748251457779,10237627
90,2008-02-13,30.701396942138672,32.108677420711544,30.070546921125775,31.704286100323362,10395753
91,2008-02-14,33.386558532714844,33.72624770896333,31.380775661138497,31.380775661138497,12514003
92,2008-02-15,34.34092712402344,34.615914165922604,32.36749612606958,33.257157245907756,12080990
93,2008-02-18,34.146820068359375,35.11736171417577,33.85565911038923,35.11736171417577,6977153
94,2008-02-19,33.774776458740234,34.84237015662831,33.51596553289408,34.76149187942412,7226542
95,2008-02-20,32.93363952636719,33.46743744033253,32.56160035108879,33.45126134706748,5604999
96,2008-02-21,33.16010284423828,33.72625079174727,32.75571145316044,33.467439862664705,3874365
97,2008-02-22,32.739532470703125,32.94981509792866,31.72046493870277,32.06015411603622,2691220
98,2008-02-25,33.01451873779297,33.41891011110396,32.22191208489615,33.12774919990549,6270186
99,2008-02-26,33.1439208984375,33.61301439047935,32.982164370563524,33.32185351789153,7139423
100,2008-02-27,35.08501052856445,36.815804617668114,33.629201309000095,33.629201309000095,43223132
101,2008-02-28,36.07172393798828,36.34671098497127,34.93942794635183,35.424697657053166,35763847
102,2008-02-29,35.55409240722656,36.55698374866786,34.97177066725502,35.84525547117563,16477462
103,2008-03-03,34.06593704223633,35.19823510586223,33.67772175428772,34.0012348599055,10049153
104,2008-03-04,33.19245529174805,34.421805650254555,32.35132245253276,34.2924012731334,11485198
105,2008-03-05,33.80712890625,33.96888546189783,32.38366990017093,33.354209234057876,8581053
106,2008-03-07,32.076332092285156,33.321858417646325,30.733751397135748,33.321858417646325,14251925
107,2008-03-10,31.9625301361084,32.190136675314314,30.12541753491607,32.125106550553156,11713659
108,2008-03-11,34.59626770019531,34.92142051750635,30.954556587328454,31.702406303076902,19665129
109,2008-03-12,33.718360900878906,35.766824416976,33.393208031818546,35.53921784965055,12262350
110,2008-03-13,29.084932327270508,33.16560376286942,28.288308183883373,32.840450871275955,47000084
111,2008-03-14,31.084627151489258,31.21468743955676,29.296286062596863,29.897817651264575,35798540
112,2008-03-17,29.86529541015625,30.499342997774217,29.23124782253829,30.499342997774217,19211273
113,2008-03-18,30.125411987304688,30.71068741254379,29.328785939157484,29.816515092676177,12632937
114,2008-03-19,30.30425262451172,33.75087135509931,30.109160041328888,31.539831634390335,16449023
115,2008-03-24,30.596887588500977,31.442285795052648,29.930323872383354,31.442285795052648,11636914
116,2008-03-25,31.751178741455078,31.946269097687008,30.824492382831902,31.393509780737897,13232423
117,2008-03-26,31.55609130859375,32.32020139199737,31.214680373347797,31.53983322499463,11448313
118,2008-03-27,32.12510681152344,32.43400376554482,31.084618191641226,31.084618191641226,17425122
119,2008-03-28,32.19013595581055,32.43400277711061,31.344739942644054,32.271424161216004,11599511
120,2008-03-31,31.9625301361084,32.336457212381596,31.539831017535263,32.190136675314314,9914705
121,2008-04-01,32.02756118774414,32.48277648441361,31.62112013986987,32.19013760689385,6034588
122,2008-04-02,32.54779815673828,33.49074246592629,32.19012924548021,32.19012924548021,6087024
123,2008-04-03,32.287681579589844,32.77541080199652,32.027558886622884,32.62909247629125,3883474
124,2008-04-04,32.12510681152344,32.499033890834255,31.507317313648183,32.499033890834255,5906537
125,2008-04-07,31.995040893554688,32.3201936674902,31.62111388047882,32.17387536023589,4088729
126,2008-04-08,31.18215560913086,32.011295534616934,30.954549132842143,31.9462632227489,5753811
127,2008-04-09,31.26344871520996,31.53982726382262,30.905779763965956,31.27970679573623,3776374
128,2008-04-10,31.881242752075195,32.108849297158024,31.100876824624404,31.214678994623917,7075297
129,2008-04-11,32.02756118774414,32.35271402604356,31.702408349444724,32.19013760689385,4012660
130,2008-04-15,32.51528549194336,32.67786187530141,31.27970453740551,31.83246379980622,6362785
131,2008-04-16,32.076332092285156,33.06804858671953,31.94626964747531,32.840442064656784,4725794
132,2008-04-17,33.31190872192383,34.07601638672283,32.206388012198744,32.56405693109754,14831167
133,2008-04-21,33.84840393066406,34.43367923796391,33.490737279874025,33.81588998336473,7639361
134,2008-04-22,34.40116882324219,34.79135389657506,33.49074286568751,33.815895623409396,8814769
135,2008-04-23,34.43368911743164,34.840130113408165,33.97847608397135,34.466205279143175,5265604
136,2008-04-24,33.214359283447266,34.85638100976,32.92172270869505,34.79135090482429,8801780
137,2008-04-25,33.490753173828125,33.962224376622636,33.0355378498565,33.81590603162902,4095990
138,2008-04-28,33.62080764770508,34.271113251368604,33.4907474090058,33.52326136613884,4708244
139,2008-04-29,34.0922737121582,34.417426465757394,33.65331881784924,33.81589519464883,6497143
140,2008-04-30,34.319889068603516,34.758846281443795,34.14105677197151,34.43369344380916,6331377
141,2008-05-02,34.628787994384766,35.60424656266784,34.56375565909875,34.840136468812524,5658418
142,2008-05-05,34.466209411621094,35.27909150103821,34.238600662517264,35.083998917544584,7642293
143,2008-05-06,34.1735725402832,34.856394417467065,33.97848215043347,34.18983062404166,5061166
144,2008-05-07,33.68584060668945,34.36866243012981,33.16559740295353,34.141055890677606,4303106
145,2008-05-08,33.27939987182617,33.62081078664135,33.08430949556305,33.42571820529446,3642073
146,2008-05-09,33.08430862426758,33.945962724842666,32.58032130663073,32.840444006548175,8621761
147,2008-05-12,33.08430862426758,33.32817324198699,32.35271256602565,33.08430862426758,4890395
148,2008-05-13,33.18185043334961,33.425715034357076,32.90547187525795,33.23062467660124,5056766
149,2008-05-14,33.23063278198242,33.409467307358,32.51529688556423,32.51529688556423,2982486
150,2008-05-15,33.24688720703125,33.62081209658402,32.51529330610151,32.51529330610151,2646760
151,2008-05-16,33.50700759887695,33.60455389300175,33.100566544260154,33.490751720759356,4422288
152,2008-05-20,33.44197463989258,33.57203708940892,33.100563741902214,33.16559606920221,3464912
153,2008-05-21,33.65332794189453,34.14105720452583,32.67786941663195,32.67786941663195,3419088
154,2008-05-22,33.19810485839844,33.3606812411659,32.84043813936002,32.84043813936002,3558000
155,2008-05-23,32.64534378051758,33.45822564909871,32.515283563577874,33.00301268472655,4417028
156,2008-05-26,32.4014892578125,32.59658184874426,30.88952719080107,30.88952719080107,2605807
157,2008-05-27,31.426027297973633,32.807926752485876,31.279708973218476,32.45025777634337,3316550
158,2008-05-28,32.5803108215332,32.77540112987393,30.987061175460774,31.53982035671733,4505700
159,2008-05-29,33.11681365966797,33.490740629126705,32.15761352946185,32.921723341113214,11026212
160,2008-05-30,32.06007766723633,33.32817507205955,31.930017412677767,33.198112612417155,4023430
161,2008-06-02,30.694438934326172,32.51529589239508,30.239223592266924,31.864987945869874,4431595
162,2008-06-03,29.55640411376953,30.564376697693223,29.280023289501074,30.23922382447577,6240766
163,2008-06-04,28.64596939086914,29.735229955940564,28.467134908519036,29.426335234654147,5762089
164,2008-06-05,28.59719467163086,28.808545312740193,27.63799436145574,28.613452752498272,9721099
165,2008-06-06,28.28830337524414,29.475112550868825,27.881862329841944,28.450879793405015,6317089
166,2008-06-09,27.898115158081055,28.580936867781187,26.66253417176258,27.96314527208026,6500809
167,2008-06-10,27.70302963256836,27.930638396880035,27.06898200147541,27.637999502086714,6717902
168,2008-06-11,27.833086013793945,28.288299032731523,27.637993459915865,27.963146246323696,2586175
169,2008-06-12,28.028173446655273,28.190749822945424,26.66253232683464,27.475414208285404,3244212
170,2008-06-13,27.849349975585938,28.255791044431295,27.556711082966928,27.979410235582883,4248430
171,2008-06-16,28.824796676635742,29.26375152726619,27.99565679644532,28.093203053835314,4354615
172,2008-06-17,29.686458587646484,29.91406511346399,28.320817227657823,29.23124553601147,4736084
173,2008-06-18,29.6539363861084,30.304244078294097,29.588906278414775,29.588906278414775,5055019
174,2008-06-19,29.019901275634766,29.588918817995204,28.54843003869579,29.06867553088755,4221271
175,2008-06-20,28.35332489013672,29.377557336524866,27.979400123967107,29.26375299634292,3837789
176,2008-06-23,27.361623764038086,28.223280319194103,27.085245106979418,28.125734002844546,4516050
177,2008-06-24,26.516216278076172,27.768055363714268,26.239835532909296,27.361612183434513,5238203
178,2008-06-25,25.78462791442871,26.32112923183986,25.199352346744995,26.01223446711575,3933879
179,2008-06-26,27.2478084564209,28.418359279272302,25.930939331983893,25.930939331983893,18253250
180,2008-06-27,26.044748306274414,26.92266275620914,25.89842996631325,26.337387191280612,6821283
181,2008-06-30,25.52450180053711,26.272353692842472,24.79290798949387,26.02848908916139,4596315
182,2008-07-01,23.71990394592285,25.52450250390835,22.809475626075027,25.52450250390835,6202295
183,2008-07-02,24.760387420654297,25.020510059306527,22.972047311909595,23.736157149497426,5245963
184,2008-07-03,24.11008644104004,24.760392056895,23.4110087860294,24.54904361377558,4726793
185,2008-07-04,24.435232162475586,24.906703156221823,23.57357835339049,23.736154710205263,4862814
186,2008-07-07,24.97174072265625,25.979715318251735,24.7603922776525,24.7603922776525,5528014
187,2008-07-08,25.703336715698242,26.337384254895177,23.085853946151765,23.085853946151765,8354280
188,2008-07-09,27.491680145263672,27.60548231814651,26.044748218617883,26.044748218617883,6860769
189,2008-07-10,28.694747924804688,29.036158885651872,26.72757258381289,27.491682724514487,7216175
190,2008-07-11,27.32909393310547,29.328782334743433,27.117743336171678,28.971115655835824,6040791
191,2008-07-14,27.345355987548828,28.32081660031426,26.662536425221663,26.662536425221663,5942149
192,2008-07-15,26.207313537597656,26.955165206460606,26.01222323599184,26.662528651510417,3693378
193,2008-07-16,25.491987228393555,26.662538281123897,25.053030032348747,26.207323002802667,6973872
194,2008-07-17,26.79258918762207,26.987681696750442,26.01222356127448,26.01222356127448,5038238
195,2008-07-18,28.28830337524414,28.515909919652607,26.483704692641634,27.280328700613175,5983177
196,2008-07-21,29.881553649902344,30.06038815121704,28.30456150887793,28.776032681373913,8754188
197,2008-07-22,31.10087776184082,31.37725635881149,29.62143186659402,29.88155458527761,12631056
198,2008-07-23,33.295654296875,33.94595988981591,31.89749683103535,32.48277230569887,12798869
199,2008-07-24,32.12510681152344,33.913447384943524,30.12541777964175,30.12541777964175,10764301
200,2008-07-25,32.19013595581055,33.230626749067305,30.97081287472875,31.783694928783284,10710381
201,2008-07-28,31.93001937866211,32.82418974778832,31.57235034897804,32.19013990379529,5533881
202,2008-07-29,30.64566421508789,31.702411028875336,30.401799565752327,31.21468173020421,5145929
203,2008-07-30,31.93001937866211,32.19013990379529,30.922044625977165,30.922044625977165,7354746
204,2008-07-31,30.808225631713867,32.48276339734721,30.401784747591638,32.48276339734721,6006517
205,2008-08-01,31.70240592956543,31.832468378007672,29.263759828464313,30.320506472274797,4699412
206,2008-08-04,31.897493362426758,32.482768773446054,31.068353380573036,31.068353380573036,4301346
207,2008-08-05,33.32817077636719,33.57203537604548,31.70240457342837,32.027557372999425,9161115
208,2008-08-06,32.4827766418457,34.51498189106642,32.25517009494975,34.51498189106642,8616591
209,2008-08-07,32.4014892578125,33.133083166180775,31.393514546471547,31.393514546471547,4809365
210,2008-08-08,31.84872817993164,32.64535217496902,31.734923807033258,32.027560472938006,4883824
211,2008-08-11,32.14136505126953,32.61283621827784,31.897500426428977,32.2551694248953,2714705
212,2008-08-12,31.588594436645508,32.51528056335486,31.34472989857284,32.35270199955676,5801276
213,2008-08-13,31.718658447265625,32.02755312486968,30.97080666643044,31.214671233762573,2754609
214,2008-08-14,30.954553604125977,31.86497964078889,30.889521282864237,31.539826854814002,2566362
215,2008-08-18,30.596887588500977,31.53982987612243,30.304250935124298,30.88952424187766,2963058
216,2008-08-19,30.027868270874023,30.726945901707083,29.410076634127957,30.548113627598763,2941144
217,2008-08-20,30.36927604675293,30.613140619358283,30.15792542744498,30.23921361831343,3319410
218,2008-08-21,30.044126510620117,30.5481137891595,29.686457550344805,30.23921686661103,4138486
219,2008-08-22,29.735231399536133,31.084616918157714,28.971123599792904,31.084616918157714,4139879
220,2008-08-25,30.060382843017578,30.46682381737805,29.84903221330008,30.46682381737805,2034227
221,2008-08-26,30.109149932861328,30.206696191703788,29.556390739531455,29.751481052133325,1489491
222,2008-08-27,29.507614135742188,30.483072235593212,29.345037785767015,30.27172386265864,4297168
223,2008-08-28,29.068674087524414,29.914070214003967,28.694746969489618,29.58891734880014,7382078
224,2008-08-29,30.27173614501953,30.385540518209936,29.458854065327408,29.58891431604464,2219080
225,2008-09-01,30.255348205566406,30.386393730068086,29.649257655722195,30.206204467536963,3417069
226,2008-09-02,31.84428596496582,31.97533148580673,30.20620362372427,30.46829688719445,5030404
227,2008-09-04,31.172683715820312,31.746011960753723,30.910590359492925,31.483918604426336,2813325
228,2008-09-05,30.484682083129883,30.82867939714991,30.14068476910986,30.795916901799945,3330688
229,2008-09-08,32.090003967285156,33.384087058626505,31.778766909116385,32.1063829941035,8377948
230,2008-09-09,32.20466995239258,32.466763278481125,31.467533722524795,32.0900056497087,3737279
231,2008-09-10,31.926191329956055,32.466756903670785,31.61495431658069,32.04085561012574,3847698
232,2008-09-11,31.074392318725586,31.778765992413735,30.828680262073156,31.778765992413735,2567354
233,2008-09-12,31.3856201171875,32.23742261153337,30.87781486947317,31.28733487218018,6093354
234,2008-09-15,29.403547286987305,30.714011492964875,28.518984392310156,30.238968662655715,6770268
235,2008-09-16,29.97688102722168,30.238974362174922,27.847376291133635,28.256896432689025,4654621
236,2008-09-17,29.20698356628418,30.40278145292063,28.830223714949256,30.40278145292063,4674190
237,2008-09-18,29.141450881958008,29.714778910700716,27.044709265557145,28.830216110712488,6603710
238,2008-09-19,30.910581588745117,31.074389612246254,29.48545089556984,29.829448189279926,9821730
239,2008-09-22,30.23897361755371,33.08923551002399,29.993261538671025,31.778768867527425,4162514
240,2008-09-23,29.878585815429688,30.550199068653193,29.321639052435156,29.878585815429688,6569683
241,2008-09-24,30.566591262817383,30.894207384501115,29.583742897766175,29.976881799428853,5730103
242,2008-09-25,29.61649513244629,30.77953240562839,28.912119381916277,30.648484669307617,10926783
243,2008-09-26,29.141450881958008,29.780303891416242,28.633647833930826,29.780303891416242,4967945
244,2008-09-29,28.060327529907227,29.976880420524278,27.519759620921203,29.976880420524278,7859964
245,2008-09-30,28.109460830688477,29.157831620679207,26.53690353480825,26.53690353480825,6616439
246,2008-10-01,29.043167114257812,29.321639388048336,27.896508864208194,28.469839100127125,3743739
247,2008-10-03,29.452693939208984,29.813070298403208,28.666414004824865,29.19060062774761,4681406
248,2008-10-06,28.846599578857422,29.485450415758237,28.25689025949187,29.12507410299319,5560277
249,2008-10-07,29.79669189453125,30.435545096518428,28.830224799176122,28.830224799176122,9928258
250,2008-10-08,29.567352294921875,29.8130643084639,27.552512450804286,28.79745598556319,9985473
251,2008-10-10,29.387168884277344,30.058782299200328,27.208522819695887,29.452693878348864,9025179
252,2008-10-13,29.97688102722168,30.206211862134907,29.33803005075306,29.534600607415232,6805621
253,2008-10-14,29.256120681762695,31.090771469732545,29.026789888713605,30.14068358168837,5099383
254,2008-10-15,29.01040267944336,29.632872164330276,28.699167936999903,29.09230667596996,5495022
255,2008-10-16,27.896509170532227,28.600884928700292,27.355943639988503,28.600884928700292,6651066
256,2008-10-17,25.799772262573242,28.666412884485155,25.423012447763043,28.469844574912972,5586092
257,2008-10-20,26.09462547302246,27.126617415556687,25.275585306783544,25.89805716619831,7922965
258,2008-10-21,26.30758285522461,27.68357018335866,25.55406529735933,26.3567243869551,8047276
259,2008-10-22,24.866065979003906,26.242053055725002,24.6203539216684,26.045484742929823,5408099
260,2008-10-23,23.653886795043945,24.47292698112551,23.293508224452577,24.24359617338041,6641370
261,2008-10-24,20.59067726135254,23.260747593350317,20.31220268704112,22.933131492649295,9905588
262,2008-10-27,19.001733779907227,20.312197872067955,17.036037641666137,20.21391262079823,12878172
263,2008-10-29,21.507997512817383,22.867603108566577,19.656965664750512,21.622661786867898,13094201
264,2008-10-31,22.883983612060547,23.588359366056952,21.753708822843368,22.638271604761673,8097887
265,2008-11-03,23.588363647460938,24.210833290217423,22.769321252682868,24.178070794582382,4951148
266,2008-11-04,24.62034797668457,24.816918463803315,23.146075988658502,23.26074025465429,4515828
267,2008-11-05,23.719417572021484,25.81616248921616,23.260753579921342,25.81616248921616,6145587
268,2008-11-06,22.933130264282227,24.489308881047375,22.458087388068236,23.26074634743515,4896229
269,2008-11-07,24.71863555908203,25.45577162284171,22.605510398873577,22.769318413042395,8250147
270,2008-11-10,25.275585174560547,25.848913287928568,24.71863830878934,25.488534727953216,3775177
271,2008-11-11,24.980731964111328,26.029102942127167,24.407403842500777,25.390252050976006,8900004
272,2008-11-12,23.932355880737305,25.521294515039163,23.637502342436612,25.521294515039163,5705390
273,2008-11-14,23.850448608398438,24.898821538376808,23.55559511045958,23.719403103045188,4038880
274,2008-11-17,24.833303451538086,25.652345863419242,22.605513690128895,25.652345863419242,5361538
275,2008-11-18,23.490083694458008,24.767785764549156,23.03141976078719,24.767785764549156,6392448
276,2008-11-19,22.9167537689209,24.325503526445534,22.621897928440482,23.588367257928006,5606729
277,2008-11-20,22.671043395996094,23.09694260595612,21.70457399333051,22.933134533882516,5080395
278,2008-11-21,24.112545013427734,24.866062322820902,21.950278338088808,22.523606387572332,8350092
279,2008-11-24,24.71863555908203,25.111774348729515,23.4900754528159,24.83329983592717,5420119
280,2008-11-25,24.112545013427734,25.275582358166275,23.91597672953499,24.98072882143296,5453771
281,2008-11-26,24.653114318847656,25.02987188596619,23.670266173193884,24.37463978886368,5246053
282,2008-11-27,24.653114318847656,24.653114318847656,24.653114318847656,24.653114318847656,0
283,2008-11-28,24.259973526000977,24.735018578586384,23.293506617458007,23.91597844900954,8464961
284,2008-12-01,24.063405990600586,25.685105054200424,23.96512072757877,24.73501936249629,5733003
285,2008-12-02,23.850448608398438,24.11254184089303,23.09693139814702,23.8832110956308,5879324
286,2008-12-03,24.57121467590332,24.88244953301233,23.34265427537649,24.079790515692586,6430656
287,2008-12-04,25.750635147094727,25.881682942330112,21.78647877798353,21.78647877798353,4648185
288,2008-12-05,25.43939781188965,26.667958277210232,24.58759500055177,24.58759500055177,5338962
289,2008-12-08,25.504913330078125,26.340334652976,24.40740095997091,26.127385121671313,11709287
290,2008-12-10,25.09539794921875,26.700718131155426,24.73502158152679,26.700718131155426,11172070
291,2008-12-11,24.816925048828125,25.537679989864642,24.423783970272964,25.537679989864642,9867592
292,2008-12-12,24.047021865844727,24.325496374121588,23.522835340307694,24.210829877351504,9847702
293,2008-12-15,24.44015884399414,24.980726575114094,24.243590577777223,24.866060086813082,5741641
294,2008-12-16,25.37386703491211,25.685101810350563,23.2607419230762,24.571208228216623,9183505
295,2008-12-17,25.341110229492188,26.045486165396486,24.66949679173742,26.045486165396486,8720755
296,2008-12-18,26.09462547302246,26.37310001825915,24.767779959357682,24.767779959357682,12640018
297,2008-12-19,27.355953216552734,27.683569342914236,26.0618699617826,26.864529027010477,10050607
298,2008-12-22,27.37233543395996,27.601666286154668,26.42224730088312,26.42224730088312,6524631
299,2008-12-23,26.815380096435547,27.634420254167463,26.618811791653062,27.192139902065403,5151765
300,2008-12-24,26.356719970703125,27.17576017423621,22.114089938970757,22.114089938970757,13318746
301,2008-12-26,26.405853271484375,27.798221183910808,25.717861047828855,27.798221183910808,5480531
302,2008-12-29,26.962804794311523,27.17575431258264,25.88167151448432,26.70071154135519,3418418
303,2008-12-30,26.913667678833008,27.355950290834546,25.914438155940182,26.897286429909098,4868199
304,2008-12-31,27.24127960205078,27.650799653545082,26.635191258912304,27.650799653545082,4396180
305,2009-01-02,27.634416580200195,28.09308034062437,27.11023228201471,28.09308034062437,3976548
306,2009-01-05,27.01194953918457,28.09308294836924,26.667952242381922,28.09308294836924,4505326
307,2009-01-06,26.815380096435547,28.043942554822042,26.37309974433349,28.043942554822042,3969700
308,2009-01-07,25.406635284423828,27.749091902279826,23.801317166784948,27.749091902279826,12109220
309,2009-01-09,25.275585174560547,27.51975610703082,24.01426243643545,27.51975610703082,5272587
310,2009-01-12,24.603971481323242,25.88167545063102,23.62112329960431,25.88167545063102,6595708
311,2009-01-13,24.243593215942383,24.88244403879585,23.88321468931303,24.57120925040964,4104761
312,2009-01-14,24.292736053466797,24.70225611882109,23.62112270192805,24.70225611882109,2777281
313,2009-01-15,23.932355880737305,24.292734402472284,23.42455281164038,24.07978487167605,3693599
314,2009-01-16,24.68587875366211,25.046257356558232,23.752174190903983,24.767782779612237,2131503
315,2009-01-19,25.635963439941406,25.848912990886976,24.587590267256314,25.357488899361567,2587926
316,2009-01-20,28.502609252929688,29.157841496321932,24.571215792576222,25.66872846718482,19101726
317,2009-01-21,26.602418899536133,29.125063258551062,26.242040499166098,29.125063258551062,11311625
318,2009-01-22,27.86375617980957,28.24051380291764,26.27481721949011,27.454236058262172,10535551
319,2009-01-23,28.25689125061035,28.600888550788437,26.995568557220242,28.322414016885094,7005930
320,2009-01-27,29.174213409423828,29.567352185275503,27.192136063177422,28.174984113700766,8487928
321,2009-01-28,29.829450607299805,29.97687739604376,28.830221138586147,29.780309084981386,6636133
322,2009-01-29,29.632877349853516,30.435538433704117,28.518983690884273,30.435538433704117,13844487
323,2009-01-30,28.91213607788086,29.141466971639197,28.174999633935787,29.125087939205375,4578388
324,2009-02-02,27.388708114624023,29.157836182441084,26.995569284594215,28.830220120451475,6678800
325,2009-02-03,27.830989837646484,28.50260318858582,25.09539491480591,25.09539491480591,6591337
326,2009-02-04,28.259416580200195,29.528207305316588,27.056536568154307,28.836139230717954,7225484
327,2009-02-05,28.094635009765625,28.836135463561607,27.814511722132163,28.012246070454964,3622655
328,2009-02-06,28.473634719848633,28.81966658939079,28.177033101027686,28.325332792966286,2228530
329,2009-02-09,28.490100860595703,29.59411351766405,27.748600422698658,29.59411351766405,3190528
330,2009-02-10,28.440664291381836,29.050343235280053,27.913374273148644,28.9020413811289,3258153
331,2009-02-11,28.506576538085938,28.67135439839378,27.51790937623885,28.341798677778087,1899711
332,2009-02-12,29.890716552734375,30.2202723442988,28.17702688358802,28.490104438585572,8517373
333,2009-02-13,30.912342071533203,31.225419643454217,30.319141167663016,30.483919072352325,9331167
334,2009-02-16,29.478775024414062,31.43963398577417,29.05035423666686,31.43963398577417,3238379
335,2009-02-17,28.177030563354492,29.44582142055199,28.028730884772024,29.44582142055199,2684742
336,2009-02-18,28.951494216918945,29.29752836850667,27.369625406049384,28.17703693645804,4576718
337,2009-02-19,29.05034637451172,29.660023149350035,28.621923467768944,29.000911672805117,5072418
338,2009-02-20,28.440664291381836,28.9020413811289,28.09463035660022,28.67135283625537,3336292
339,2009-02-24,30.253225326538086,30.549826845687416,27.023578494884337,28.53953585513293,9913081
340,2009-02-25,30.170835494995117,31.620882108598575,29.857757985391466,30.582780174721737,7821109
341,2009-02-26,30.615745544433594,30.7805234642325,29.511732587803493,30.30266570886081,9451371
342,2009-02-27,31.93396759033203,33.120369458100214,30.022543352235946,30.154364788679754,35406885
343,2009-03-02,30.450960159301758,31.15950414675355,30.022537225867712,30.31913651481427,9682882
344,2009-03-03,29.363431930541992,30.81347668257615,29.165697539381195,30.615744526358856,6218930
345,2009-03-04,30.170835494995117,30.467437005364037,29.495245773254872,29.923668687159143,6597422
346,2009-03-05,30.220273971557617,30.599264493230002,29.758896732501128,30.599264493230002,6109769
347,2009-03-06,30.500398635864258,30.61574406813895,29.66003083842375,29.758898032524424,3962742
348,2009-03-09,29.97310447692871,30.64869427355044,29.69298340463211,30.64869427355044,2964226
349,2009-03-12,30.846426010131836,31.126549293528118,30.02253662948745,30.96177141739924,6091612
350,2009-03-13,31.274850845336914,31.472582967803344,30.51687212185782,31.30780508160976,6329765
351,2009-03-16,31.60439682006836,31.83508534223517,30.56629511790407,31.47257321101416,8232474
352,2009-03-17,31.736228942871094,32.230562615628926,31.34076245165346,31.81861788833073,4981205
353,2009-03-18,31.50554847717285,32.41182711122621,28.3418112606818,28.3418112606818,4007849
354,2009-03-19,31.703269958496094,31.884523823412316,30.319134094076162,30.319134094076162,3286397
355,2009-03-20,31.835094451904297,32.08226127529791,31.324282569902206,31.620884098940387,3154546
356,2009-03-23,32.362396240234375,32.62603915897946,31.571460779167495,31.620895502640103,7034396
357,2009-03-24,32.42829895019531,33.00502160347477,31.96691948660575,32.790808991290696,7551877
358,2009-03-25,31.98339080810547,32.62602403581821,31.52201367922012,32.148168673413494,5666796
359,2009-03-26,31.719749450683594,32.939107583154026,31.077116148535424,32.939107583154026,9588411
360,2009-03-27,31.159509658813477,32.131698872275706,30.879388555242823,32.131698872275706,6291705
361,2009-03-30,31.159509658813477,31.868056006548837,28.83614070125566,31.868056006548837,4842258
362,2009-03-31,31.50554847717285,32.23057093742678,29.676512968730954,32.23057093742678,7683950
363,2009-04-01,30.30266761779785,32.92263849560216,30.154367927625312,32.92263849560216,7321541
364,2009-04-02,30.846426010131836,31.307803169315495,30.533348492475564,30.945293182797755,9185217
365,2009-04-06,30.483922958374023,31.423158028812,30.26971254894821,30.978256735458505,6958026
366,2009-04-08,32.0987434387207,32.52716643202151,29.49525123939633,30.15436284910731,16888845
367,2009-04-09,31.620887756347656,33.252188532440144,31.390196906543135,32.79080906777443,7959989
368,2009-04-13,31.192461013793945,32.13169359737959,30.731081604627388,31.802137834379067,6786405
369,2009-04-15,31.9998779296875,32.21408832010839,30.97825398704145,30.97825398704145,9517190
370,2009-04-16,31.175979614257812,32.560113231380235,30.895856350162983,32.42829183353727,16019178
371,2009-04-17,32.13169479370117,33.48287436628739,31.011206051758798,31.901006198000463,24728264
372,2009-04-20,33.58175277709961,34.24086454807707,31.489072010268618,33.25219689161088,20235831
373,2009-04-21,32.95559310913086,33.69709375294138,32.6589915106405,33.416970393524416,8757532
374,2009-04-22,31.85157012939453,33.74651562324555,31.390190755143333,33.74651562324555,10270548
375,2009-04-23,32.97205352783203,33.2356985235543,31.324275098246027,32.115210085412826,7645123
376,2009-04-24,32.97205352783203,33.4828652879922,32.32942038728199,33.416954597797265,4953362
377,2009-04-27,31.88452911376953,32.95558765702339,31.65384050973742,32.95558765702339,6298942
378,2009-04-28,30.319133758544922,32.593069628539354,30.154355894122553,32.247035666263805,8020828
379,2009-04-29,30.516868591308594,31.143023592426005,30.055489222378473,30.945291492835544,10317407
380,2009-04-30,30.516868591308594,30.516868591308597,30.516868591308597,30.516868591308597,0
381,2009-05-04,30.99472999572754,31.60440911683119,30.829952096504204,31.25837508147353,6346688
382,2009-05-05,31.620887756347656,31.96691956116779,30.813474251918485,31.30780795588247,10754066
383,2009-05-06,31.752708435058594,32.4942089735284,31.390196166718273,31.950442805961185,8162872
384,2009-05-07,31.9998779296875,32.26352303439714,31.472587720268226,31.966921453494997,6552316
385,2009-05-08,32.0822639465332,33.28514392816891,31.505541310595653,31.966918525368396,16052278
386,2009-05-11,32.0822639465332,32.939109899617726,31.8680535757337,31.999874998542126,8177989
387,2009-05-12,33.35105514526367,33.49935480690758,31.686797923620666,32.39534199311006,9045014
388,2009-05-13,32.69194030761719,33.7629965414701,32.37886054361343,33.61469689454062,8210662
389,2009-05-14,32.74137496948242,33.44992125103166,31.884529031078802,32.922631098945864,7465672
390,2009-05-15,33.26866149902344,33.581739014946464,32.72489316984274,32.7908038729408,5990389
391,2009-05-18,38.57451248168945,39.54670385292572,35.62499083468204,37.56936910726808,170650
392,2009-05-19,38.904056549072266,40.831958239101375,35.26246794448351,37.56935778591335,19037417
393,2009-05-20,39.1512336730957,42.84226018359492,36.91025616521952,40.53536973200448,10704619
394,2009-05-21,38.70633316040039,40.86492151236955,38.4097294125938,39.51374205752422,11495294
395,2009-05-22,39.118289947509766,40.46946982043498,38.393265292802404,39.18419843528218,8524108
396,2009-05-25,38.42622756958008,39.546716729648885,37.964850206009146,39.530240722691616,5914983
397,2009-05-26,35.509647369384766,38.77224898541347,34.73519032404235,38.72281650802709,11328948
398,2009-05-27,36.15227127075195,37.569361325263465,35.50963805851498,36.25113843454444,9833643
399,2009-05-28,36.91026306152344,37.53641826425425,35.31191634173812,36.91026306152344,18047010
400,2009-05-29,37.882442474365234,38.22847420823757,37.09150736922435,37.569362738091606,12795881
401,2009-06-01,39.57965850830078,39.81034486943467,37.66823232668212,38.854634013568486,13519274
402,2009-06-02,39.23362350463867,40.76606148660086,38.294393089741114,39.87625907577678,10664555
403,2009-06-03,41.39221954345703,41.68881887829127,38.88759449507071,39.87626192444267,19445390
404,2009-06-04,41.359249114990234,41.82062619906345,40.10693924823648,41.688804813597564,11373782
405,2009-06-05,41.21096420288086,42.34792902518766,40.48593965860006,41.82063885388222,13240784
406,2009-06-08,39.85977554321289,41.9359748163382,39.101794696125516,41.194474437381224,8283946
407,2009-06-09,39.892738342285156,40.35411553512172,38.34382440574139,39.77739292660445,6301719
408,2009-06-10,40.3046875,41.42517636878798,39.74444083066262,41.42517636878798,5514227
409,2009-06-11,40.403541564941406,41.359252269826115,39.94216444567488,41.177998409720345,8425194
410,2009-06-12,39.958648681640625,40.93084005506747,38.92054883180858,40.53537131709026,8819990
411,2009-06-15,40.18933868408203,40.766061307481955,39.052369438567624,40.766061307481955,6088490
412,2009-06-16,40.485939025878906,40.782538345763356,38.96998148327489,40.46946302417453,5235173
413,2009-06-17,39.23362350463867,41.45812953169887,38.590992403387,41.45812953169887,8548532
414,2009-06-18,36.06988525390625,39.38192098138169,35.49316269262744,39.2171431067306,15756310
415,2009-06-19,35.60850143432617,37.22332340969742,34.33971114300408,37.22332340969742,11260656
416,2009-06-22,35.04827117919922,36.05341693808443,34.60337213621117,35.59203965610937,11032509
417,2009-06-23,35.377811431884766,35.88862093854761,34.02663227472785,34.2737990301876,9061729
418,2009-06-24,35.44373321533203,36.51478949095133,35.01531025809568,36.51478949095133,12156270
419,2009-06-25,35.278961181640625,36.39945011580506,34.78462519898746,35.921594606674454,22858397
420,2009-06-26,36.53126907348633,36.74547944252959,34.94939860309497,36.21818928573247,16833106
421,2009-06-29,36.7289924621582,37.585835969289285,36.41591498388064,37.585835969289285,16727201
422,2009-06-30,36.05341339111328,37.388114858655285,35.52612544000885,36.910259384705114,10678356
423,2009-07-01,35.26247787475586,36.35001241039351,34.60336630587767,36.10284557206419,9694486
424,2009-07-02,36.28410339355469,36.53127024341711,35.180090570191865,36.53127024341711,11593296
425,2009-07-03,37.223331451416016,37.48697650546001,35.344864073134985,36.0698862955487,14320723
426,2009-07-06,34.15846252441406,38.722810688327364,33.779474294894776,37.83300834955507,16536927
427,2009-07-07,34.455074310302734,35.888643278306084,33.9442644856739,35.888643278306084,6256398
428,2009-07-08,33.58175277709961,34.24086454807707,32.52717439052445,34.24086454807707,9995092
429,2009-07-09,33.91130447387695,34.33972751908242,33.021504139953954,33.779483029941545,5766023
430,2009-07-10,33.82891845703125,35.064752982526876,33.31810640617096,34.10904184345444,4813799
431,2009-07-13,33.97720718383789,34.702229424405715,32.708416586636886,34.10903083163218,6649724
432,2009-07-14,35.592037200927734,35.888636542459984,34.15846850198722,34.52098079492079,6681312
433,2009-07-15,36.59717559814453,36.81138594268512,35.657940812204764,36.08636373622892,5318107
434,2009-07-16,36.53126907348633,37.70119033741324,35.59203418011122,37.70119033741324,6733724
435,2009-07-17,36.81138229370117,37.173894478466195,36.28409448442986,37.173894478466195,4714999
436,2009-07-20,36.8937873840332,37.56937735069195,36.51479903526899,36.92674386433606,3204852
437,2009-07-21,36.317054748535156,37.1409441826493,35.756810380326165,37.1409441826493,3387311
438,2009-07-22,35.872154235839844,37.14094256825987,35.460209536688595,36.415920344742275,4155805
439,2009-07-23,37.43754196166992,37.80005417026604,35.95454112913783,37.042073285040374,7225701
440,2009-07-24,37.25629425048828,38.376785361791946,36.95969267619757,38.376785361791946,3938895
441,2009-07-27,37.7835807800293,38.19552553291017,37.07503669905153,38.19552553291017,5271010
442,2009-07-28,38.32733917236328,38.55802997505861,37.60231923653719,38.4591650424096,5714377
443,2009-07-29,38.68986511230469,38.88759951769531,37.17390953243669,38.854643038482315,8829709
444,2009-07-30,39.23362350463867,39.76091365661271,38.78872676911306,38.920548189634964,17110331
445,2009-07-31,38.68986511230469,39.958656037849906,38.49213070691407,39.51375474319284,5752956
446,2009-08-03,38.65690994262695,39.299545664444466,38.49213201086734,39.08533524713445,3665243
447,2009-08-04,38.19552230834961,39.4972694055111,38.063700892533745,39.4972694055111,3621563
448,2009-08-05,37.8494873046875,38.393253392225766,37.23980827992028,38.393253392225766,4774621
449,2009-08-06,37.091514587402344,38.16256869987869,36.81139126409988,37.701191474967544,7103528
450,2009-08-07,37.17389678955078,37.73414109951916,36.63012847859741,36.910251751053046,3574790
451,2009-08-10,36.46535110473633,37.83300654780939,36.16875182923272,37.53640727230579,2330557
452,2009-08-11,36.696048736572266,37.10799349300268,36.00398065179183,37.10799349300268,2647345
453,2009-08-12,36.21818161010742,36.69603919122137,34.603359478924055,34.603359478924055,3169220
454,2009-08-13,36.82786560058594,37.20685383555668,36.44887736561519,37.20685383555668,3372052
455,2009-08-14,36.87729263305664,37.569360530011856,36.58069338290026,36.58069338290026,5692114
456,2009-08-17,35.08121871948242,36.712519264717024,34.89996260669125,36.251142100287666,7525848
457,2009-08-18,35.83919906616211,35.921588008981395,34.60336492387281,35.16360928805533,3831268
458,2009-08-19,34.965877532958984,36.23466824075802,34.85053434539571,36.16875752858711,2016070
459,2009-08-20,35.311912536621094,35.57555762749833,35.09770215743897,35.394301487836266,1291386
460,2009-08-21,35.726566314697266,35.85925682981483,34.84749924457834,35.49436072529151,2476248
461,2009-08-24,36.04169464111328,36.2739024286729,35.72655839324744,36.12462535105901,3720905
462,2009-08-25,36.47294235229492,36.78807866556365,36.07487531186915,36.45635575693552,5644025
463,2009-08-26,36.30707931518555,36.9539385088828,35.991943015655075,36.48952735690525,4450635
464,2009-08-27,35.8426628112793,36.63879673854708,35.62704161248295,36.30707389391225,7528977
465,2009-08-28,35.693389892578125,36.27390490177688,35.29532065798726,36.091456877529346,4498782
466,2009-08-31,35.693389892578125,35.892422260233914,35.228976535435336,35.46118208918691,5347897
467,2009-09-01,35.34508514404297,35.99194665274734,35.063122005291916,35.79291199627829,4467549
468,2009-09-02,35.79291534423828,35.89243268178135,34.99678114317429,35.162642622532644,3513954
469,2009-09-03,35.27873992919922,36.157807010465326,34.99677679907387,36.157807010465326,5440841
470,2009-09-04,35.54412078857422,35.62705152280164,34.747986639847106,35.36167272334588,3523284
471,2009-09-07,35.49436569213867,36.20756915575163,35.36167515845327,36.124638415813365,4931172
472,2009-09-08,35.8426628112793,36.25731636707283,35.676801388961884,35.70997232364165,4162308
473,2009-09-09,34.98019027709961,35.82608416854106,34.83091541381936,35.82608416854106,8053306
474,2009-09-10,35.627044677734375,36.04169826920354,35.2123910862652,35.428012303612995,7355612
475,2009-09-11,35.89242172241211,36.09145633672515,35.37825084346976,35.89242172241211,4466196
476,2009-09-14,35.82608413696289,35.95877240428615,35.49436121901471,35.6602226779888,2292939
477,2009-09-15,35.593875885009766,36.07487363016994,35.428014438427645,36.02511609605124,6351632
478,2009-09-16,35.75973129272461,36.10804072165483,35.394835272009246,35.859248593796025,7262510
479,2009-09-17,35.8426628112793,36.04169516827648,35.510939966644465,35.97535104927742,4533815
480,2009-09-18,35.776329040527344,35.90901731690535,35.52753683508847,35.52753683508847,3807983
481,2009-09-22,35.82608413696289,36.09146292124943,35.726566811650436,35.82608413696289,3732519
482,2009-09-23,36.52269744873047,37.086625871059915,35.925595839941785,36.02511314967985,10885467
483,2009-09-24,36.95394515991211,37.60080671967238,36.45636072910591,36.82125687821989,10152395
484,2009-09-25,36.920780181884766,37.38519149251147,36.65540132596639,36.8212628297103,5754133
485,2009-09-29,36.80466079711914,37.5842104377046,36.65538595626907,37.48469312725799,3351144
486,2009-09-30,36.47294235229492,37.28566302850585,36.356840684059044,36.887595988080086,5591598
487,2009-10-01,36.3900032043457,36.82124333569957,36.27390156297621,36.52269368687582,4613924
488,2009-10-05,36.1246223449707,36.34024352267049,35.875830235836624,36.1246223449707,3847231
489,2009-10-06,36.323673248291016,36.45636153290879,35.577296585625334,36.3734307926126,2883224
490,2009-10-07,36.09145736694336,36.62221260419568,35.90900934022175,36.48952435729252,3492297
491,2009-10-08,35.79291534423828,36.29049978231335,35.6934002563355,36.15781149868278,6173266
492,2009-10-09,35.776329040527344,36.09146538415522,35.51095023813117,35.99194805205164,4193022
493,2009-10-12,35.925601959228516,36.074876824442086,35.70998070979554,35.826084632539455,1800379
494,2009-10-13,35.925601959228516,35.925601959228516,35.925601959228516,35.925601959228516,0
495,2009-10-14,36.87101364135742,37.15297904603811,35.94219118988266,36.25732753946447,6809859
496,2009-10-15,37.302242279052734,37.81641313611407,36.87100213281937,36.87100213281937,7572106
497,2009-10-16,37.15298080444336,37.65056524827214,37.003705921222796,37.48470376699588,3312168
498,2009-10-20,37.10321044921875,37.71689636826819,36.85441831320531,36.98710655255666,3209019
499,2009-10-21,36.95394515991211,37.3851854498722,36.7217395421306,37.08663569124459,1976113
500,2009-10-22,36.190982818603516,36.95394378439485,33.504026092409106,36.65539403688,2682882
501,2009-10-23,36.58904266357422,36.65538678883229,36.15780247493717,36.48952535086725,1979627
502,2009-10-26,36.47294235229492,36.82125185628245,36.05828871650976,36.32366749334025,1820035
503,2009-10-27,36.190982818603516,36.572463301499184,36.00853475083769,36.124636430586726,4096925
504,2009-10-28,35.693389892578125,36.15780100008128,35.228976535435336,36.15780100008128,1873167
505,2009-10-29,35.09629440307617,36.14122301839257,34.83091784963725,35.19581173543585,4457277
506,2009-10-30,34.61528015136719,35.79289648422946,34.2006266714607,35.79289648422946,2912146
507,2009-11-03,33.96842956542969,35.046528879559204,33.73622400923742,34.33332561776016,3200653
508,2009-11-04,34.648468017578125,34.797742883696316,33.27181653092357,34.38308922801242,2690289
509,2009-11-05,35.34508514404297,35.494362261214796,33.98502249030474,34.58212421007181,2975233
510,2009-11-06,35.394840240478516,35.94218434838374,35.228978798623565,35.792907251002454,2665782
511,2009-11-09,35.61045455932617,35.74314278722419,34.84748937517489,35.70996960543001,1222652
512,2009-11-10,34.89725875854492,35.82608335854665,34.66505317095448,35.82608335854665,2700520
513,2009-11-11,36.00852584838867,36.14121409233716,34.83090924719725,35.11287232799769,3211200
514,2009-11-12,35.27873992919922,36.52270311961579,35.01336114523888,36.52270311961579,7034805
515,2009-11-13,34.747982025146484,35.577289257284605,34.53236079500667,35.32849708764317,5050823
516,2009-11-16,34.8143196105957,35.444594338347294,34.53235430480691,35.162629032558506,6037955
517,2009-11-17,34.79773712158203,34.9635985563908,34.41625672137774,34.9635985563908,4578478
518,2009-11-18,34.648468017578125,35.09629261593269,34.51577749797524,34.83091607600705,3519599
519,2009-11-19,34.69822692871094,34.99677892239504,34.532365459877596,34.76457106631624,3934390
520,2009-11-20,35.42801284790039,35.56070109935315,34.731393903674004,34.864082155126766,4677765
521,2009-11-23,35.22898483276367,35.560707773292215,34.963606030412805,35.49436363511454,2821321
522,2009-11-24,34.44942855834961,35.32849553558047,34.34991124493709,35.32849553558047,5439086
523,2009-11-25,34.73140335083008,34.78116089624929,34.43285132939374,34.4991977228065,1865683
524,2009-11-26,34.20063781738281,34.731395344491624,34.034776371366284,34.466016580937215,5780245
525,2009-11-27,33.88550567626953,34.33333253530044,33.30499054400581,34.13429787581112,7226035
526,2009-11-30,33.1059455871582,34.41625256356145,31.53026214683273,34.16746044140479,34539390
527,2009-12-01,34.00161361694336,34.3001633917852,33.17230618722673,33.835752131000035,9492411
528,2009-12-02,34.184051513671875,34.399672745111644,33.76939789510293,34.03477666091503,4964876
529,2009-12-03,34.20063781738281,34.432843391877974,34.117707094374545,34.23381100644205,3578736
530,2009-12-04,34.416263580322266,34.631882588689294,33.91867917673053,34.00160991066249,3567645
531,2009-12-07,34.333335876464844,34.5655415020395,34.300162680108315,34.48261076078853,4545289
532,2009-12-08,34.73140335083008,34.913851433434445,34.23381889807654,34.43285132939374,4206166
533,2009-12-09,34.49919509887695,34.96360631960206,34.43284871051035,34.6982275150562,3096689
534,2009-12-10,34.99678039550781,35.22898601172064,34.49919596806307,34.49919596806307,3347394
535,2009-12-11,34.88066101074219,35.411418398084955,34.747972788726116,35.16262629457539,2530102
536,2009-12-14,34.8143196105957,35.079698324931144,34.68162912860827,34.830906202049064,1458861
537,2009-12-15,34.8143196105957,34.99676761730378,34.565527487713624,34.88066372676971,2359025
538,2009-12-16,34.681644439697266,34.89726572450353,34.349921462740326,34.66506009056175,3602393
539,2009-12-17,34.714813232421875,35.129466901004264,34.61529590203408,35.129466901004264,1264927
540,2009-12-18,34.681644439697266,34.91385232327946,34.36650806151626,34.681644439697266,1671508
541,2009-12-21,34.681644439697266,34.79774838148836,34.43285220697956,34.515782951218796,1309866
542,2009-12-22,35.3285026550293,35.62705240579126,34.5157796397458,34.71481430668057,3246132
543,2009-12-23,36.34025573730469,36.63880546875797,35.42801769719291,35.4943618320003,9531688
544,2009-12-24,36.09145736694336,36.904177940914494,35.84266521677017,36.32366292384373,3529789
545,2009-12-29,36.3900032043457,36.937347226708496,36.22414178841263,36.40658979586689,3582130
546,2009-12-30,36.10805130004883,36.655393241834425,36.00853396982232,36.32367030750615,1887030
547,2009-12-31,36.53927993774414,37.4515177730357,36.240730273322725,36.39000510553343,8785123
548,2010-01-04,37.28566360473633,37.53445579005238,36.522702702812424,36.5558736444039,4353415
549,2010-01-05,37.40176010131836,37.94910190052733,37.23589867735934,37.484690813297874,4374738
550,2010-01-06,37.66712951660156,37.949092517834465,37.48468154542793,37.683716104824434,5549959
551,2010-01-07,37.99887466430664,38.23108255066954,37.38518849937161,37.78325562655874,4535147
552,2010-01-08,38.09838104248047,38.41351506548025,37.83300005022456,38.18131175894557,3809958
553,2010-01-11,38.28162384033203,38.73140874067079,38.181673648680096,38.64811540797666,3041300
554,2010-01-12,37.73188781738281,38.48152779313403,37.58196027412781,38.04840428139207,2569224
555,2010-01-13,38.298282623291016,38.481526135221166,37.248785346769445,37.73188619176694,3322262
556,2010-01-14,39.097904205322266,39.48105267011429,38.331602756785266,38.481532578159644,6747297
557,2010-01-15,39.53102111816406,40.46390909169586,39.097897625456156,39.431070933370606,11273753
558,2010-01-18,39.181190490722656,39.98080551650422,39.01460383872848,39.564338886518804,4085821
559,2010-01-19,38.73141098022461,39.614319454043915,38.531506066409186,39.14787766777643,4992784
560,2010-01-20,38.94797134399414,39.29780606024486,38.61479800601399,38.73140957809756,3697700
561,2010-01-21,37.86514663696289,39.131207652872426,37.665244049826356,38.81469126915723,3555527
562,2010-01-22,38.08171844482422,38.298284722185876,36.56578161700733,36.6490749486226,4943166
563,2010-01-25,38.41489791870117,38.98129447190464,37.33208669390003,38.08172453892341,2912852
564,2010-01-27,37.748558044433594,39.114567713231025,37.38206637797653,38.414902626168214,8252922
565,2010-01-28,37.94845199584961,39.29780674971486,36.0826826261121,38.61479868350079,11600411
566,2010-01-29,37.54863739013672,37.88181067145108,36.99890237975839,37.61527159450441,3996285
567,2010-02-01,37.63195037841797,37.86517134533338,37.31543604764154,37.39872941150255,2078776
568,2010-02-02,37.88181686401367,38.481529320310045,37.48200931297485,37.781864411384895,3466800
569,2010-02-03,37.63195037841797,38.065076322390645,37.48202277536357,37.981782958529635,2006355
570,2010-02-04,37.31543731689453,38.065077617142016,37.2154848249661,37.48202405028286,2254939
571,2010-02-05,35.7828254699707,36.982250418538534,35.64955703545266,36.84898198402049,4391981
572,2010-02-08,36.14931869506836,36.299246255576044,35.582924433441285,36.14931869506836,1831316
573,2010-02-09,36.016056060791016,36.31591123014722,35.83281023086141,36.016056060791016,1113258
574,2010-02-10,35.749515533447266,36.19929827057502,35.66622218292619,36.14932316405307,1023345
575,2010-02-11,35.66621780395508,36.066025385473935,35.632899564046646,35.81614536459009,640478
576,2010-02-15,34.949893951416016,36.14931896333132,34.91657571128863,35.749511379185044,1575236
577,2010-02-16,35.56626892089844,35.81614896691477,34.91657899367461,34.98321548019365,1192982
578,2010-02-17,35.68287658691406,35.899438365844226,35.549605888015435,35.81614502633625,989784
579,2010-02-18,36.03270721435547,36.46583303660963,35.38301961071245,35.732852092512985,1713670
580,2010-02-19,35.69953155517578,36.03270489554966,35.482969787723285,36.03270489554966,1267093
581,2010-02-22,35.64956283569336,36.09934782945612,35.56626948569853,35.7828312918944,835164
582,2010-02-23,35.51628875732422,35.716193682175444,35.33304295279001,35.64955946038387,801182
583,2010-02-24,35.399681091308594,35.61624288713876,35.19977615709873,35.38302197021167,906081
584,2010-02-25,35.466312408447266,35.649558206536454,35.01652747308986,35.649558206536454,1650113
585,2010-02-26,35.83280563354492,36.28258832987252,35.316386455263725,35.649559827125586,1548385
586,2010-03-02,35.83280563354492,36.482493256780245,35.649559827125586,35.84946475403332,780476
587,2010-03-03,36.2159538269043,36.315906289584035,35.49962972726327,35.49962972726327,1578097
588,2010-03-04,36.249267578125,36.48248845584214,36.08268091411615,36.31590179183329,1157814
589,2010-03-05,36.0660285949707,36.53247043833837,35.98273524726386,36.31590863809124,766252
590,2010-03-08,36.665733337402344,36.88229509150321,36.149314239766234,36.315900899682646,1998979
591,2010-03-09,36.249267578125,36.782343547267565,36.149315127824444,36.649075119850984,1368556
592,2010-03-10,36.34922790527344,36.54913058971706,36.03271136748677,36.28259141764884,1572349
593,2010-03-11,35.58292770385742,36.71571633122583,35.34970452221393,36.31590871330031,4256779
594,2010-03-12,35.41633605957031,35.782827666203524,35.16645603490489,35.33304271801517,7813231
595,2010-03-15,34.86659622192383,35.482967770362634,34.71666867917487,35.482967770362634,2420100
596,2010-03-16,34.966556549072266,35.06650901991871,34.5001124382811,34.666699136532934,1690093
597,2010-03-17,35.433006286621094,35.59959528142692,35.01653944829953,35.01653944829953,2067076
598,2010-03-18,35.34969711303711,35.61623622228064,34.03366294427512,35.16645133421491,2257266
599,2010-03-19,36.04936981201172,36.399202327560474,35.18311808393638,35.316388797204645,3363560
600,2010-03-22,35.83280563354492,36.34922481182611,35.53294824318332,35.649559827125586,2178427
601,2010-03-23,35.966068267822266,36.28258246805971,35.58291985587318,35.89943405611062,1381649
602,2010-03-25,35.466312408447266,36.13265912187962,35.316384849820274,36.13265912187962,3128139
603,2010-03-26,35.56626892089844,35.81614896691477,35.26641150999282,35.49963243437939,2059990
604,2010-03-29,35.56626892089844,35.86612407232736,35.34970485866493,35.79948984528501,1977720
605,2010-03-30,35.54960250854492,35.81614162152759,35.48296829516831,35.56626162675813,1369034
606,2010-03-31,35.69953155517578,35.84946136592508,35.083159971693576,35.64955645791023,1719363
607,2010-04-01,35.532958984375,35.84947559090421,35.48298386727945,35.8161573398557,928358
608,2010-04-05,35.83280563354492,36.066026541952915,35.56626648416012,35.982733198987454,1444077
609,2010-04-06,35.7161979675293,35.982737146152395,35.61624549311104,35.982737146152395,2818200
610,2010-04-07,36.83232116699219,36.98224871378293,35.6828736289615,35.6828736289615,3932498
611,2010-04-08,37.032230377197266,37.61528380882473,36.03271020869305,37.31542866206413,4525961
612,2010-04-09,36.53246307373047,37.13217550821859,36.41585376613424,37.04888217730291,2218499
613,2010-04-12,36.132659912109375,36.81566576021032,36.0160505903943,36.349223954397054,854787
614,2010-04-13,35.899436950683594,36.38253784889067,35.78282537617869,35.81614361445905,1196945
615,2010-04-15,35.86613082885742,36.28259765067279,35.74952147443538,36.14932917148272,1834504
616,2010-04-16,35.94942855834961,36.04938105961737,35.68289156760543,35.74952581529148,3410045
617,2010-04-19,35.83280563354492,35.94941495801065,35.482973141194655,35.78282827207972,1997149
618,2010-04-20,35.966068267822266,36.26592560973892,35.49962426688841,35.81614072660202,2663183
619,2010-04-21,36.665733337402344,37.04888175141962,35.94940934407607,35.98272757984982,4408329
620,2010-04-22,36.19928741455078,37.19880732105157,35.849457254856354,36.54911983372127,3257926
621,2010-04-23,36.53246307373047,36.6490746408029,36.11599641915208,36.31590131714019,1225052
622,2010-04-26,36.782344818115234,37.09886129824882,36.5491239323402,36.64907638609416,1204934
623,2010-04-27,37.71522521972656,38.19832604096644,36.682389370778544,36.73236446076074,11718037
624,2010-04-28,38.28162384033203,40.14739539647082,36.01604699863298,37.482008750258984,8993805
625,2010-04-29,36.799007415771484,37.94845509391398,36.515811406085774,37.94845509391398,5294606
626,2010-04-30,36.665733337402344,37.148834199264705,36.58244000744414,37.148834199264705,1318467
627,2010-05-03,36.43252182006836,36.63242450761067,36.349228468723204,36.63242450761067,1557313
628,2010-05-04,35.816139221191406,36.63241336417111,35.69952766099027,36.44916759505907,1045708
629,2010-05-05,35.73285675048828,35.88278433095341,35.383024223085144,35.649563399176905,1404451
630,2010-05-06,35.56626892089844,35.81614896691477,35.11648393427836,35.48297557222632,1322298
631,2010-05-07,35.31638717651367,35.56626721051325,34.9998706591996,35.14980048718061,5243780
632,2010-05-10,36.016056060791016,36.1992996312438,35.38302521735028,35.41634120312496,1121466
633,2010-05-11,35.56626892089844,36.28259081568792,35.466316450596565,36.28259081568792,838559
634,2010-05-12,35.599586486816406,35.8661233899145,35.34970418607781,35.84946652807835,1266616
635,2010-05-13,36.099342346191406,36.1826356835345,35.48297074606199,35.816144095434346,1612426
636,2010-05-14,35.399681091308594,36.11600296318679,35.14980105328458,35.732854475340616,1711958
637,2010-05-17,34.53342819213867,35.283068280228896,34.33352326485733,34.98321314878342,1851642
638,2010-05-18,34.65003204345703,34.966546224785624,34.350174719454124,34.966546224785624,1361316
639,2010-05-19,34.21690368652344,34.65002939285551,34.01699881914683,34.65002939285551,2450689
640,2010-05-20,34.683349609375,34.84993626608565,33.733807021810016,34.0669803352313,2116627
641,2010-05-21,34.433467864990234,34.71666607071926,33.43394797579512,33.70048706480902,1432024
642,2010-05-24,34.23357009887695,34.6666936380527,34.01700606981274,34.51676608530138,3809046
643,2010-05-25,33.61721420288086,34.06699933058489,33.33401582477426,33.98370595578618,2621138
644,2010-05-26,34.383506774902344,34.65004597244804,34.11696757735665,34.28355429338809,1674436
645,2010-05-27,33.767127990722656,34.816625438878035,33.38397952742121,34.816625438878035,4522469
646,2010-05-28,34.333518981933594,34.6167172170086,33.76712477125984,33.76712477125984,1223573
647,2010-05-31,34.41682052612305,34.53343212355877,34.03367200793732,34.40016366318377,3962642
648,2010-06-01,34.66670227050781,34.98321883338173,34.26689461045492,34.98321883338173,2173677
649,2010-06-02,34.78330993652344,34.866603283751424,34.31686809583737,34.78330993652344,1067731
650,2010-06-03,35.1831169128418,35.299728500635446,34.78330930529824,34.94989599673111,855327
651,2010-06-04,35.23309326171875,35.36636170723806,34.916576749526435,35.31638660503746,730766
652,2010-06-07,34.79997253417969,34.96655924527671,33.983698101699666,34.78331341117461,1110289
653,2010-06-08,34.333518981933594,34.983208784814344,34.20025055335492,34.799963000911475,1369731
654,2010-06-09,34.13362503051758,34.60006690878939,34.03367255389452,34.33352772428685,2036943
655,2010-06-10,33.9670295715332,34.55008289889628,33.81710202496366,34.250225546280944,2079894
656,2010-06-11,33.783790588378906,34.31686892734533,33.71715636087728,34.150282228852916,1791437
657,2010-06-14,34.333518981933594,34.43347143310573,33.88373634087337,34.300203004527056,1700881
658,2010-06-15,34.41682052612305,34.483457015787344,34.15028360537304,34.35018629593554,1047592
659,2010-06-16,34.20026397705078,34.71668329457257,34.116970611627174,34.4168258233613,1289944
660,2010-06-17,34.26688766479492,34.433474344340745,34.066985005025806,34.20025344487188,662067
661,2010-06-18,34.26688766479492,34.61672014373644,33.95037342555316,34.183594325022014,1111519
662,2010-06-21,34.45014190673828,34.56675351478844,34.26689606243532,34.38350767048548,1131800
663,2010-06-22,34.1836051940918,34.56675603456026,34.01701846157781,34.48346266830327,1139377
664,2010-06-23,34.083641052246094,34.26688684726998,33.950372615579475,33.98369085448433,1355354
665,2010-06-24,33.80044937133789,34.25023209707318,33.6505217960928,34.01701117341673,2329371
666,2010-06-25,33.767127990722656,34.05032625279867,33.61720042940802,33.68383465005048,1672844
667,2010-06-28,34.4001579284668,34.566744605902926,33.78378631816254,33.78378631816254,2401306
668,2010-06-29,34.166934967041016,34.89991815951515,34.01700740839001,34.56674480274561,1542276
669,2010-06-30,34.683349609375,34.8166202904292,33.85041632582178,33.98368700687598,2708253
670,2010-07-01,34.4001579284668,34.66669480478347,34.150277912312596,34.55008548626403,1450319
671,2010-07-02,34.5001106262207,34.73333379910498,34.35018305756408,34.516769747066235,1534161
672,2010-07-05,34.017005920410156,34.61671838825785,33.31734325748479,34.31686328407217,1409644
673,2010-07-06,34.0003547668457,34.13362549063184,33.91706141178318,34.01701388975358,765539
674,2010-07-07,34.21690368652344,34.916566203389834,34.166926339941355,34.31685612021174,4099698
675,2010-07-08,33.98369598388672,34.65004278674907,33.933718617986,34.65004278674907,2147848
676,2010-07-09,33.9670295715332,34.21690956897452,33.86707712066142,34.150275354885416,2076435
677,2010-07-12,33.63386154174805,34.15028073640109,33.55056819614196,34.03366914876193,4188571
678,2010-07-13,33.6505241394043,33.80045172508986,33.40064407676942,33.583887648453526,3777184
679,2010-07-14,33.550567626953125,33.98369346865206,33.46727428276012,33.95037522718423,2928502
680,2010-07-15,33.567230224609375,33.86708539097282,33.50059373477145,33.81711028307118,3552196
681,2010-07-16,33.43396759033203,33.80045933516851,33.317358223867586,33.80045933516851,1309829
682,2010-07-19,33.33399963378906,33.78378454302364,33.017485415186655,33.017485415186655,3056097
683,2010-07-20,33.26737594604492,33.533915152182274,33.21740083341537,33.483940039552714,2241425
684,2010-07-21,33.28403091430664,33.43395849295269,33.184078442050364,33.43395849295269,1373142
685,2010-07-22,33.80044937133789,34.21691611339465,33.31734840244739,33.55056932610384,5819774
686,2010-07-23,33.6505241394043,34.116966019198664,33.51725341697959,34.116966019198664,1826820
687,2010-07-26,33.6505241394043,33.80045172508986,33.31735072255779,33.6505241394043,1879489
688,2010-07-27,33.70049285888672,33.91705463498841,33.367319505206325,33.367319505206325,2785906
689,2010-07-28,33.73381805419922,34.18360081873031,33.567231343007656,33.817111409795,3199899
690,2010-07-29,33.43396759033203,33.9670460810983,33.23406485090269,33.38399247034403,2312762
691,2010-07-30,33.45061492919922,33.71715408065695,33.36732158558596,33.483933170435144,1285466
692,2010-08-02,33.500587463378906,33.78378571374426,33.41729412615102,33.650517277970195,778568
693,2010-08-03,33.28403091430664,33.58388607159875,33.21739668596137,33.58388607159875,1708893
694,2010-08-04,33.36732864379883,33.48394025331494,32.8675684764047,33.48394025331494,1886451
695,2010-08-05,32.91753387451172,33.58388056771389,32.81758141863612,33.16741388446253,1508701
696,2010-08-06,33.16741180419922,33.73380826547771,32.984166023166544,33.06745935459265,3922176
697,2010-08-09,34.033668518066406,34.11696186212894,33.51724933298339,33.56722669510685,3155186
698,2010-08-10,33.81710433959961,34.3002052491571,33.66717452329176,34.3002052491571,2033594
699,2010-08-11,33.36732864379883,33.85042968705108,33.31735353085023,33.65052697577965,1383082
700,2010-08-12,33.23405838012695,33.383985970376926,33.150762763902634,33.18408101039236,746648
701,2010-08-13,33.950374603271484,34.05032706636156,33.20073451931073,33.43395542686988,2838836
702,2010-08-16,35.083168029785156,35.81615135454432,34.116966024568946,34.116966024568946,10437835
703,2010-08-17,34.98320388793945,35.749502893692565,34.84993321853947,35.466304698259044,4272775
704,2010-08-18,34.633392333984375,35.399691800986446,34.200266351811266,35.19978680629815,2042150
705,2010-08-19,34.76665115356445,35.31638860630573,34.36684353487414,35.31638860630573,2150678
706,2010-08-20,34.383506774902344,35.01653539203105,34.316872540385155,34.81663268847949,1350531
707,2010-08-23,34.76665115356445,34.94989697114488,34.08364524775197,34.55008935245456,1558660
708,2010-08-24,34.333518981933594,34.96654966637295,34.16693231647212,34.96654966637295,1419761
709,2010-08-25,34.333518981933594,34.6500354538914,34.100298102182784,34.15027545750698,1708531
710,2010-08-26,35.133140563964844,35.383020592257544,34.31686625677065,34.61672138693128,6819779
711,2010-08-27,34.76665115356445,35.48297530238308,34.55008935245456,35.283070363299586,3318728
712,2010-08-30,36.232608795166016,36.48248879349195,34.98320880353633,35.11647723218633,12599675
713,2010-08-31,36.249267578125,36.89895511586425,35.81614179980675,36.282583555241025,7251681
714,2010-09-01,36.04936981201172,36.549129902945175,35.749514661242316,36.24927475217577,4105554
715,2010-09-02,35.84946060180664,36.34922060171525,35.666214816611564,36.34922060171525,2077611
716,2010-09-03,35.98273468017578,36.349226308100654,35.91610045495579,36.11600313061576,2025354
717,2010-09-06,35.9993896484375,36.24926965879361,35.64955718204367,35.64955718204367,1657041
718,2010-09-07,35.881690979003906,36.48700566345249,35.730362878037575,36.48700566345249,2364772
719,2010-09-08,35.8144416809082,36.0162140441759,35.56222736711543,35.881698375136196,2119627
720,2010-09-09,35.14186477661133,35.982579026713665,35.024163869363655,35.94894954447623,4325702
721,2010-09-13,35.494964599609375,35.81443785407762,35.25956505467235,35.57903602855713,2223035
722,2010-09-14,35.326820373535156,35.76399224324887,35.15867752215168,35.34363511479018,2096762
723,2010-09-15,35.93214416503906,36.08347230376284,35.326827048976334,35.326827048976334,3700295
724,2010-09-16,35.52859115600586,36.28523395419127,35.4108902529437,35.948948266108864,1645185
725,2010-09-17,35.39406967163086,35.79761194861796,35.309998268900934,35.730355282550576,3999245
726,2010-09-20,35.52859115600586,35.73036348108861,35.44451973398525,35.57903309698491,1658444
727,2010-09-21,35.52859115600586,35.982577747150415,35.4108902529437,35.83124736304671,4168036
728,2010-09-22,35.59585189819336,35.915325162783,35.41089429253187,35.562224693898976,2530696
729,2010-09-23,35.326820373535156,35.7303650413222,35.209121745916754,35.51177796617365,1296047
730,2010-09-24,35.494964599609375,35.57903602855713,35.12505168058933,35.326821741713864,2212027
731,2010-09-27,35.59585189819336,36.01621133683322,35.41089429253187,36.01621133683322,1731020
732,2010-09-28,35.948951721191406,36.03302315129218,35.51177982855069,35.64629548506202,3076594
733,2010-09-29,36.53744888305664,37.142763588702266,36.01620788154002,36.01620788154002,11684464
734,2010-09-30,35.8144416809082,36.92418511771314,35.696740755571426,36.58789936598944,5236368
735,2010-10-01,36.48699951171875,36.73921373100023,35.94894159835179,35.94894159835179,3875195
736,2010-10-04,36.89054489135742,37.15957387053797,36.26841780012191,36.73921680325057,4550532
737,2010-10-05,37.630374908447266,37.86577670332349,36.85691968728199,36.89054688613347,10282420
738,2010-10-06,37.57994079589844,38.218882793551074,37.31091174614546,37.832155102432424,5975746
739,2010-10-07,36.73921203613281,37.7985107960139,36.45336835523398,37.57992606162026,5825104
740,2010-10-08,36.82329559326172,37.22683800257984,36.53745181801198,36.82329559326172,2872678
741,2010-10-11,36.95780944824219,37.57993895274641,36.823296070254884,37.529497006147054,2923343
742,2010-10-12,36.80647659301758,37.04187611450496,36.38611949015324,36.991434174394534,1328063
743,2010-10-13,36.94099044799805,37.327718051699684,36.756032875564735,36.9241757085799,2785869
744,2010-10-14,35.96575927734375,37.260459954446944,35.64628836290803,37.125944324811925,6206210
745,2010-10-15,35.89850997924805,36.470195251063465,35.54540951470268,35.9825814098263,3825540
746,2010-10-18,35.89850997924805,36.55426668164172,35.57903671858388,36.45338050883112,2661071
747,2010-10-19,35.42771530151367,36.15073110960951,35.24275766313641,36.04984491771428,2506333
748,2010-10-20,35.057796478271484,35.73036793833743,34.889653613255,35.57903753535574,1611212
749,2010-10-21,35.51178741455078,35.982588892037455,35.377274009888296,35.747187013002126,5077785
750,2010-10-22,35.948951721191406,36.587895958307385,35.54540931282439,35.96576646332826,7613777
751,2010-10-25,34.88965606689453,36.28524103244343,34.755140397071294,36.01621425396441,4373958
752,2010-10-26,34.368408203125,35.10823630846817,34.23389255087315,34.97372293679975,3559839
753,2010-10-27,34.25070571899414,34.721507059371774,34.16663429541778,34.5869914132996,4326267
754,2010-10-28,33.61176300048828,34.53654863749926,33.35954873584892,34.53654863749926,12789477
755,2010-10-29,33.76308822631836,34.30114619060289,33.62857487553877,33.66220207294213,2557085
756,2010-11-01,33.84716033935547,34.20026074316925,33.729459444556504,33.89760227679324,3644082
757,2010-11-02,33.66220474243164,33.77990564413504,32.97281863370441,33.62857754236156,8722079
758,2010-11-03,33.779911041259766,33.830352989715784,33.309109639807964,33.62858291530811,5792586
759,2010-11-04,34.13300323486328,35.09141598691456,33.62857475044164,33.897601451000064,7578044
760,2010-11-08,33.073707580566406,33.426808034831666,32.3843214137787,32.70379238455834,23828591
761,2010-11-09,34.90645217895508,35.30999671880953,33.09051087194065,33.19139700690427,37552410
762,2010-11-10,34.3011589050293,35.39408769712493,34.183457969031586,34.97373046939584,23142609
763,2010-11-11,34.0489387512207,34.87283832069187,33.8976083506255,34.301153044768014,9305659
764,2010-11-12,33.47724914550781,34.28433620380599,33.29229155211135,33.91442101701307,8655373
765,2010-11-15,34.03211975097656,34.57017547487579,33.62857738790633,33.62857738790633,6781511
766,2010-11-16,33.67902374267578,34.21708181768623,33.594952310991864,34.21708181768623,5839719
767,2010-11-18,34.0993766784668,34.38522042302862,33.443620048653315,33.99849051682243,11698558
768,2010-11-19,34.267520904541016,34.72150750997844,33.72946287443618,33.7967218386368,13151040
769,2010-11-22,34.11619567871094,34.26752379978124,33.19140992923477,33.96486755764064,16159489
770,2010-11-23,33.10733413696289,33.76309076228815,32.61971807244975,33.325918918543564,29650997
771,2010-11-24,32.65334701538086,33.04007463199009,32.28343185816779,32.451574696794964,29495589
772,2010-11-25,32.46839141845703,32.703790950785866,31.375462900674346,31.947148130782466,297127250
773,2010-11-26,32.43476486206055,32.53564874893394,31.4259077486595,32.19936304446692,108003635
774,2010-11-29,31.560422897338867,32.28343629046734,31.274579120194943,32.19936485961131,47311917
775,2010-11-30,31.930330276489258,31.980772210401845,30.871029139078257,31.308200928458213,56380039
776,2010-12-01,32.56927490234375,32.703788258147085,31.745375466736224,31.81263214463789,49377032
777,2010-12-02,33.29228591918945,33.325915396147344,32.46838653955121,32.75423025194426,69791050
778,2010-12-03,33.56131362915039,33.74627118428708,32.70378480484967,33.29228466536819,70133580
779,2010-12-06,33.52769470214844,33.72946476430546,33.225036188037684,33.628580873518686,35990183
780,2010-12-07,33.275474548339844,33.46042983590136,32.98963082660883,33.275474548339844,22324627
781,2010-12-08,32.905555725097656,33.20821187136227,32.72059817767691,33.02325660452435,8690959
782,2010-12-09,32.14892578125,33.0400821155882,31.947153416962546,32.88875398266447,19659317
783,2010-12-10,32.31706619262695,32.434767109579674,31.8126376009728,32.081666639305055,12656908
784,2010-12-13,32.9223747253418,33.0400733394264,32.266618136466356,32.317060073847884,10228525
785,2010-12-14,32.63653564453125,33.124149470770696,32.535649474823636,32.95600661478582,12502825
786,2010-12-15,32.50202941894531,32.72061426755755,32.36751373622829,32.61972807566577,7532899
787,2010-12-16,32.31706619262695,32.53565100344367,32.06485189679988,32.51883854152204,10117565
788,2010-12-20,32.232994079589844,32.65335123041934,32.115293165124186,32.199364595290085,12117884
789,2010-12-21,32.670169830322266,32.9896408465597,32.24981262985622,32.28343983754324,13693395
790,2010-12-22,32.93918991088867,33.05688852656773,32.67016091984873,32.75423233701227,11598882
791,2010-12-23,32.70379638671875,32.98964018957663,32.65335443590087,32.80468256893822,4611659
792,2010-12-24,32.87193298339844,32.95600440575559,32.451575871612654,32.451575871612654,4676656
793,2010-12-27,32.51882553100586,32.88873831520303,32.401124661144294,32.787852181119206,5508784
794,2010-12-28,32.33388137817383,32.602910420192345,32.24980994507951,32.45158001615572,6071879
795,2010-12-29,32.18256378173828,32.45159063117274,32.115304788795335,32.30026245821978,10314957
796,2010-12-30,32.48521041870117,32.80468141736168,31.829453678169894,32.182554163250934,31947999
797,2010-12-31,33.05689239501953,33.12414908050438,32.53564909149098,32.58609331604218,12208677
798,2011-01-03,33.05689239501953,33.2082205075063,32.90556428253277,33.10733661957073,5686478
799,2011-01-04,33.090518951416016,33.25866179054872,32.87193189219357,33.10733369144593,9878712
800,2011-01-05,32.9896354675293,33.24184974668485,32.855122097546364,33.0905216353082,6557909
801,2011-01-06,33.29228591918945,33.54450243520761,32.88874359860981,33.023259225858354,16916733
802,2011-01-07,32.905555725097656,33.59494170334798,32.670156246827084,33.292283276500534,15775814
803,2011-01-10,32.33388137817383,33.15778096638139,32.266624687815096,32.888751924362865,11747099
804,2011-01-11,32.30024719238281,32.956003818976285,32.014405729807834,32.55246145496363,8402847
805,2011-01-12,32.70379638671875,32.77105536192088,32.11529631778617,32.518841046664065,5356220
806,2011-01-13,32.53564453125,32.771046318327855,32.43476065745446,32.6869749031095,5840003
807,2011-01-14,32.82148742675781,33.34273064407116,32.36750088380486,32.451572296901105,13619178
808,2011-01-17,32.87193298339844,32.95600440575559,32.16573440394829,32.451575871612654,10222664
809,2011-01-18,33.174591064453125,33.258662485776874,32.686977276892,32.686977276892,8525103
810,2011-01-19,32.9223747253418,33.29228758750027,32.754231893292555,32.90555998602025,8181638
811,2011-01-20,33.25865936279297,33.292286559814926,32.61971525237925,32.61971525237925,8113388
812,2011-01-21,33.241851806640625,33.2922937533642,32.9223808226964,33.04007945857925,7263505
813,2011-01-24,33.140960693359375,33.376360210625236,32.92237591602319,33.006447335088374,10580288
814,2011-01-25,33.090518951416016,33.443619369711335,32.97281805178984,33.292288990025334,5774233
815,2011-01-27,33.22504425048828,33.46044385375238,31.325030397718862,33.05690135093049,21308494
816,2011-01-28,32.46839141845703,33.22503423846043,32.014407094805,33.12414807300998,12161301
817,2011-01-31,32.46839141845703,33.09052087158206,32.014407094805,32.232991886128204,10372393
818,2011-02-01,32.165740966796875,32.821497738861574,32.115296734740355,32.619725371803014,5685819
819,2011-02-02,32.132110595703125,32.45158160094634,31.72856815325992,32.3002534701031,9759510
820,2011-02-03,33.174591064453125,33.27547722615828,31.96396168515776,32.11528978742386,8272335
821,2011-02-04,32.720611572265625,33.6958416394417,32.67016962076676,33.107341562564045,13585721
822,2011-02-07,32.88875198364258,33.12415154061423,32.45158007464746,32.737423859916774,10075695
823,2011-02-08,32.18256378173828,33.29230523711626,32.09849232114393,33.29230523711626,6969251
824,2011-02-09,32.24979782104492,32.686969564901105,31.863068005848685,32.61971061924421,15914271
825,2011-02-10,32.0816650390625,32.70379223605395,31.96396412798073,32.16573646681135,15041071
826,2011-02-11,32.58875274658203,32.96061463806135,32.369013985954055,32.622557122571465,16032113
827,2011-02-14,33.31557083129883,33.552210600546545,32.470427160700595,32.639455894820244,9448315
828,2011-02-15,33.383182525634766,33.55221126309217,33.06202838298549,33.29866815690606,6653191
829,2011-02-16,33.33246994018555,33.40008096674766,33.19724788706131,33.28176224341362,3070813
830,2011-02-17,33.33246994018555,33.45079095611823,33.214148924252854,33.33246994018555,2410838
831,2011-02-18,33.16344451904297,33.467695315069534,32.859193723016396,33.332473248524146,7982842
832,2011-02-21,33.4507942199707,33.46769525881132,32.80848367346262,32.80848367346262,9078739
833,2011-02-22,33.28176498413086,33.433890379572645,33.062026263960426,33.29866602271419,6311548
834,2011-02-23,33.670536041259766,33.89027479995359,33.29867186045436,33.29867186045436,28541975
835,2011-02-24,33.214149475097656,33.80575227197398,32.757773318785546,33.6367212638674,14267832
836,2011-02-25,33.53530502319336,33.75504143077445,32.60564711133725,33.31556632301365,31955636
837,2011-02-28,33.4507942199707,35.29320690969871,33.028222396978094,33.907170413243406,128195783
838,2011-03-01,33.6367301940918,33.83956562359158,33.12964391294164,33.6367301940918,22095525
839,2011-03-03,33.569114685058594,34.110007563407216,33.315571578194984,33.315571578194984,12055696
840,2011-03-04,33.46770477294922,33.78886128380048,33.34938600443516,33.569122497818064,5797710
841,2011-03-07,33.14654541015625,33.43389520391966,32.48733373972161,33.43389520391966,6845096
842,2011-03-08,33.112735748291016,33.43388986541796,32.3521064901804,33.129636786614434,8299919
843,2011-03-09,33.14654541015625,33.29867082754899,32.99441999276351,33.12964207653502,4984092
844,2011-03-10,33.264862060546875,33.43389078924195,32.892997940378166,33.129637702031495,4963678
845,2011-03-11,33.14654541015625,33.33247749479145,32.96061332552105,32.96061332552105,6148250
846,2011-03-14,33.400089263916016,33.501506975252454,33.01132404515876,33.01132404515876,4743614
847,2011-03-15,33.045127868652344,33.214156620523724,32.808488074552244,33.078934536066285,7316083
848,2011-03-16,33.33246994018555,33.46769199330978,33.129634567900546,33.14653789769074,3548194
849,2011-03-17,33.24796676635742,33.315577815659644,33.062034661326756,33.062034661326756,4312518
850,2011-03-18,33.112735748291016,33.4676942346636,32.994414724434286,33.29866551063902,7614611
851,2011-03-21,32.92680358886719,33.16344334323098,32.87609359626144,33.062025650618274,3473055
852,2011-03-22,32.90990447998047,33.09583655819036,32.723972401770574,33.09583655819036,3536038
853,2011-03-23,32.94371795654297,33.247968843712464,32.82539689342175,32.909911283479886,5655111
854,2011-03-24,33.112735748291016,33.19725011030331,32.842289331331926,33.129636786614434,7807585
855,2011-03-25,33.18035888671875,33.2648732795699,32.97752342683615,33.197262223808906,8602591
856,2011-03-28,33.501502990722656,33.60292068999689,33.095834486224646,33.1465421895623,11509824
857,2011-03-29,33.738136291503906,33.92406832242194,33.38317555840557,33.501496566971184,8985339
858,2011-03-30,34.143821716308594,34.26214048323473,33.755054158295465,33.805764166349086,4832583
859,2011-03-31,34.44806671142578,34.769220870522894,33.90717380682078,34.1438158854599,15647437
860,2011-04-01,35.445335388183594,35.66507413079764,34.26213418096649,34.26213418096649,22114974
861,2011-04-04,35.800289154052734,36.25666758965631,35.2255919966028,35.2255919966028,10060811
862,2011-04-05,35.56365203857422,35.91861281546882,35.20869126167961,35.665069730915356,7752278
863,2011-04-06,35.512943267822266,36.13835048160894,35.37772120178135,35.4960422290163,5371783
864,2011-04-07,35.47914123535156,36.07074182530946,35.29320916284499,35.512945607789746,5888794
865,2011-04-08,35.46224594116211,35.64817805581445,35.022770659056455,35.51295365761296,3282029
866,2011-04-11,35.24250030517578,35.47914007489912,35.02276157481923,35.17488697731288,2761151
867,2011-04-13,35.58055877685547,35.76648855592166,34.83683049019469,34.853733822636805,5725109
868,2011-04-15,35.512943267822266,35.73268199088733,35.37772120178135,35.512943267822266,2726721
869,2011-04-18,35.22559356689453,35.88480510902054,35.107272547175036,35.49603997439715,3846832
870,2011-04-19,34.97205352783203,35.41152869162724,34.819928126833396,35.41152869162724,2130742
871,2011-04-20,35.24250030517578,35.41152903963516,34.853732840359854,35.41152903963516,3816903
872,2011-04-21,35.360809326171875,35.496033652137505,35.090362966838924,35.24249062012505,3804886
873,2011-04-25,35.34392166137695,35.631271475368386,35.15799185625237,35.15799185625237,1583736
874,2011-04-26,35.2593994140625,35.54674916395039,34.85373093209046,35.49604146342844,4390914
875,2011-04-27,35.27629852294922,35.4960372149748,35.07346545253931,35.3270085100006,2846797
876,2011-04-28,35.174888610839844,35.327016312997266,35.039666534032186,35.20869527634128,5158203
877,2011-04-29,35.34392166137695,35.665078144990666,35.03967080517371,35.17489289846419,3615042
878,2011-05-02,35.969329833984375,36.104554223005,35.15799267025811,35.15799267025811,5731198
879,2011-05-03,35.157989501953125,36.00313325992323,35.022765125118404,35.834104508329204,3804669
880,2011-05-04,35.2593994140625,35.360817107705216,34.66779887584528,35.03966298833563,4044546
881,2011-05-05,34.431175231933594,35.2594159145121,34.07621428437141,35.15800046600852,5204752
882,2011-05-06,34.853729248046875,35.039661295308285,34.44806078567569,34.51567181397111,2973311
883,2011-05-09,34.71851348876953,35.0903753581427,34.650902448210694,34.8706389031767,3424009
884,2011-05-10,34.60019302368164,35.05657156709101,34.48187427388602,34.66780406536473,1276536
885,2011-05-11,35.20869445800781,35.32701549191374,34.532579504485945,34.532579504485945,5173641
886,2011-05-12,34.279048919677734,35.2087073203915,34.211437858145786,35.2087073203915,2199955
887,2011-05-13,34.26213073730469,34.71850921697207,34.1607130426454,34.245227406095,3389298
888,2011-05-16,34.41426467895508,34.549489069613486,34.24523591008161,34.34665362992557,2643860
889,2011-05-17,34.312843322753906,34.650900802087484,34.262133325294464,34.41425873247478,2042475
890,2011-05-18,34.26213073730469,34.78612024921198,34.17761637385508,34.414256132994204,3314783
891,2011-05-19,33.416996002197266,34.46497530510263,33.24796723028346,34.279043197477556,2532955
892,2011-05-20,34.143821716308594,34.34665487072461,33.2479678333562,33.34938555686395,1959647
893,2011-05-23,33.670536041259766,33.90717584149992,33.467700616711504,33.90717584149992,1694918
894,2011-05-24,33.400089263916016,34.27903970536619,33.264867177200244,33.78885677527249,9876185
895,2011-05-25,32.80849075317383,33.619830203957086,32.60565760992753,33.46770248077316,5753045
896,2011-05-26,32.30141067504883,33.09584694369539,32.11547853849328,32.96062252956417,4935316
897,2011-05-27,33.01132583618164,33.11274355302047,32.35211411562822,32.35211411562822,4500032
898,2011-05-30,33.46770477294922,33.55221916157333,32.84229967269046,33.129647218452746,8167114
899,2011-05-31,34.16071319580078,34.27903422220024,33.46769495388722,33.5353082790291,7467651
900,2011-06-01,34.02549362182617,34.22832902690435,33.755047179254944,33.99168695678014,1794961
901,2011-06-02,33.55221939086914,34.21143346072194,33.467705001667454,33.80576485107374,4461069
902,2011-06-03,34.143821716308594,34.44807259423236,33.55221871127996,33.55221871127996,5649415
903,2011-06-06,34.312843322753906,34.3973576925873,33.70433940143367,34.0762012531412,4910297
904,2011-06-07,34.295936584472656,34.38045094591326,34.09310119997569,34.194518892224174,6516069
905,2011-06-08,34.26213073730469,34.31284073093375,33.92407328350628,33.99168431574619,14162904
906,2011-06-09,34.312843322753906,34.431162064961256,34.11000791811416,34.14381458308712,6989160
907,2011-06-10,34.211429595947266,34.414262731558075,33.974789791435015,34.31284731005231,7661567
908,2011-06-13,34.66779708862305,34.81992476754392,33.99168222265898,34.14380990157985,2849421
909,2011-06-14,35.05657196044922,35.1579896704114,34.53258236947724,34.53258236947724,4458752
910,2011-06-15,34.41426467895508,35.10728308985615,34.26213924548884,35.0734787116411,2533103
911,2011-06-16,34.48187255859375,34.65090130069276,34.093105076206605,34.34664818935512,2472762
912,2011-06-17,34.71851348876953,34.819931195907344,34.32974599350775,34.34664932679724,2524363
913,2011-06-20,34.4649658203125,35.0565663592018,33.484597837450934,34.4987701898326,6194464
914,2011-06-21,34.26213073730469,34.633994853522466,33.940976614715964,34.414256132994204,5126564
915,2011-06-22,34.58329391479492,34.61710058606586,34.16072198690542,34.26213970811879,2408781
916,2011-06-23,34.56638717651367,34.75231696007124,34.41425947345884,34.49877384511194,3746535
917,2011-06-24,35.03968048095703,35.20870929054505,34.41427296844136,34.48188632635654,5675164
918,2011-06-27,36.628543853759766,36.9666013873668,34.56639198171709,34.56639198171709,29869389
919,2011-06-28,36.882083892822266,37.152528062815406,36.54402638773165,36.9834993102701,13872282
920,2011-06-29,37.22014617919922,37.35536828156637,36.8144752868988,36.94969968186543,13356359
921,2011-06-30,37.017303466796875,37.693418431114694,36.527120576186256,37.18633220787633,30432762
922,2011-07-01,37.27084732055664,37.43987606500181,36.98349753796022,37.186332948334055,23953730
923,2011-07-04,37.33845520019531,37.659609328944924,37.08491210498264,37.304650829726285,5307022
924,2011-07-05,37.05110549926758,37.30464857918432,36.5102126784057,37.18632755818367,10665833
925,2011-07-06,36.865177154541016,37.084913595517534,36.69614841760555,36.93278819079541,3270036
926,2011-07-07,37.169429779052734,37.28775081772503,36.66234354348416,37.017304366901975,5856910
927,2011-07-08,36.9158821105957,37.43987161461011,36.7975633791078,36.93278544155077,12625687
928,2011-07-11,36.51021957397461,36.78066603548391,35.935519983542655,36.6961516595497,2848918
929,2011-07-12,36.577823638916016,36.84827004883717,36.02002748859137,36.40879491929014,2954427
930,2011-07-13,37.25394821166992,37.62581240865313,36.577833157227225,36.61163982698909,3819442
931,2011-07-14,36.882083892822266,37.28775244041116,36.61163743022993,37.017305977818836,10479376
932,2011-07-15,37.27084732055664,37.930058965373,36.62853900870462,36.62853900870462,8242815
933,2011-07-18,36.96660232543945,37.49058968174768,36.86518460426387,37.33846424628402,2085379
934,2011-07-19,37.135616302490234,37.30464500624561,36.71304454310179,36.74684890829375,2972184
935,2011-07-20,36.898983001708984,37.33845819383262,36.79756758957196,37.068011745402764,4177419
936,2011-07-21,36.51021957397461,37.01730582957986,36.222869778758636,36.848277077711444,3008285
937,2011-07-22,37.034202575683594,37.23703566628647,36.290476658275544,36.51021307957834,3369044
938,2011-07-25,36.67924880981445,37.017306318011855,36.27358025849742,36.98349965015243,7429567
939,2011-07-26,36.8482780456543,37.13562784841847,36.256677398574475,36.510220533037256,5770592
940,2011-07-27,36.222877502441406,36.898992654080836,36.00314099519845,36.729963866170976,7214188
941,2011-07-28,35.68197250366211,36.17215765837269,35.0396642419432,35.867904566559346,13905358
942,2011-07-29,35.52984619140625,36.39189315716916,34.60018819339894,35.15798436776263,9768024
943,2011-08-01,36.324283599853516,36.74685543428787,35.52984763407735,35.52984763407735,4672455
944,2011-08-02,36.493309020996094,36.61163004093685,36.0876405552829,36.30737697220292,3239197
945,2011-08-03,35.377723693847656,36.39189613839112,34.85373413898039,36.02003199168557,12800281
946,2011-08-04,35.32701873779297,36.13835583952602,35.09037664823823,35.69888062083761,6939466
947,2011-08-05,34.58329391479492,35.05657584959082,33.85647111586476,33.97479217271359,12075758
948,2011-08-08,34.63399887084961,35.10727844402531,33.26486556563539,33.3155732725474,13716718
949,2011-08-09,34.44806671142578,35.056570655956634,33.467698608404106,33.467698608404106,7228990
950,2011-08-10,35.00586700439453,35.293216841935205,34.49878067409889,34.6678094508641,5126905
951,2011-08-11,34.81993103027344,35.242502897504956,34.5832889505445,34.600192283753586,6299073
952,2011-08-12,35.02276611328125,35.360823626007544,34.81993298120502,35.073476115749735,6421148
953,2011-08-16,35.02276611328125,35.46224133834528,34.85373735691811,35.174891535488236,4242848
954,2011-08-17,34.870643615722656,35.39463326291598,34.7185181807567,34.7185181807567,7430913
955,2011-08-18,34.701602935791016,35.1072713873436,34.36354551073075,34.988952664131695,5110388
956,2011-08-19,34.16071319580078,34.66779937877185,33.65362701282971,33.805754701800105,5245806
957,2011-08-22,34.887550354003906,35.02277246658469,33.721252182045816,34.14382414961032,3059716
958,2011-08-23,34.211429595947266,35.29321319700275,34.14381855074366,34.938252343934735,2837432
959,2011-08-24,34.498775482177734,34.735417568115004,33.9071748525329,34.617096525146366,6888368
960,2011-08-25,33.704341888427734,34.65090335892693,33.467699801353554,34.498775647922336,13758009
961,2011-08-26,32.94371795654297,33.80576519365595,32.656368113305454,33.70434746706627,9286925
962,2011-08-29,33.78885269165039,33.856463726837006,32.79158132540181,32.85919465318736,6345123
963,2011-08-30,33.87336730957031,34.17761811646212,33.552210878008026,34.143813744918,3821904
964,2011-09-02,33.58601379394531,35.49603966769245,33.247956360637716,34.88753582921904,8166250
965,2011-09-05,32.84228515625,33.63671868261374,32.6901597824866,33.5183999663971,7422597
966,2011-09-06,32.6539421081543,33.18476163954278,32.27723087362517,33.18476163954278,14848826
967,2011-09-07,33.1505126953125,33.47585293329754,32.73955648299025,32.77380380171791,11526455
968,2011-09-08,32.945030212402344,33.49297096256368,32.653935019595515,33.424478659103706,7049237
969,2011-09-09,32.91078186035156,33.20187704396775,32.688181300514344,32.91078186035156,6782680
970,2011-09-12,32.31147003173828,32.77379712800863,32.02037484927451,32.5511942465712,5271294
971,2011-09-13,32.39708709716797,32.65393497666636,32.27722382440943,32.48270305700077,4033213
972,2011-09-14,32.51694869995117,32.6539332996559,32.03749795602176,32.55119368863664,4248247
973,2011-09-15,32.87653350830078,33.01352042904319,32.157360883708385,32.602564311778764,8283475
974,2011-09-16,34.12654113769531,34.332020437647145,32.790930332973005,33.01353329500121,6853575
975,2011-09-19,33.54433822631836,34.33200543529696,33.40735131205005,33.69844647269908,3721222
976,2011-09-20,33.8354377746582,34.212148960503015,33.47585024680302,33.47585024680302,4399666
977,2011-09-21,33.98954772949219,34.143658336524744,33.612838847532934,33.66420750155587,2182138
978,2011-09-22,32.96215057373047,33.71557285700219,32.77379732539402,33.698449201022115,3792171
979,2011-09-23,32.89365768432617,33.28749247490242,32.4313329160168,32.705302116875046,3612112
980,2011-09-26,32.61967849731445,33.03063684701409,32.3799543416436,32.89364995628725,1880644
981,2011-09-27,33.09914016723633,33.32174074547694,32.72242899523349,33.03064786027627,1273121
982,2011-09-28,33.338863372802734,33.42447933447804,32.84229125958227,33.150507792620736,4398260
983,2011-09-29,33.37311553955078,33.88681138430377,32.9279120096018,33.15051261333532,9460952
984,2011-09-30,33.715572357177734,33.93817291417435,33.218997953524365,33.218997953524365,6946805
985,2011-10-03,33.338863372802734,33.61283491466005,32.94503087808896,33.54434260981612,7517061
986,2011-10-04,32.82516860961914,33.578588630975695,32.73955264531768,33.15050880946837,2740436
987,2011-10-05,32.84228515625,33.2361175777749,32.70529824953787,32.89365379471632,3503641
988,2011-10-07,33.30462646484375,33.85256971975786,33.047778499568196,33.18476547453789,4435678
989,2011-10-10,33.578590393066406,33.698453678371145,33.08201823855582,33.08201823855582,8326437
990,2011-10-11,33.80119323730469,33.92105419988609,33.390234729934775,33.73269860442184,5044978
991,2011-10-12,33.938175201416016,34.17789943029492,33.59571135373712,34.143654439016,4905765
992,2011-10-13,34.02378845214844,34.212144017859025,33.66420097624302,33.93817249705102,3531871
993,2011-10-14,33.86968231201172,34.26351480105488,33.74981903839951,33.81831134225724,5039179
994,2011-10-17,33.510093688964844,33.972420788830334,33.32173811781663,33.83543386323095,1605713
995,2011-10-18,33.61283874511719,33.80119434676384,33.21900388304111,33.21900388304111,2025955
996,2011-10-19,34.22928237915039,34.41763802578339,33.71558642786899,33.903939752019575,5145909
997,2011-10-20,33.9039306640625,34.212149545702644,33.80119335933092,33.93817798062756,2881549
998,2011-10-21,33.9039306640625,34.28064185635096,33.64708275726994,33.81831469513165,2127672
999,2011-10-24,34.50324630737305,34.67447825286905,34.28064338473909,34.332014361877036,3334756
1000,2011-10-25,35.582000732421875,35.873095920469005,34.45186961512565,34.520361917465706,7605862
1001,2011-10-28,35.958717346191406,36.9861090049418,35.35940554525367,36.12994928931647,8504582
1002,2011-10-31,35.90734100341797,36.16418887971969,35.41076890706427,35.95871197216723,4561310
1003,2011-11-01,35.49639892578125,36.01009488185715,35.273798273808005,35.70187823720458,2155435
1004,2011-11-02,35.30802917480469,35.59912436263931,35.06830495554873,35.273784184900414,2429706
1005,2011-11-03,35.65049362182617,35.804601885249404,35.29090612551758,35.44501671142237,2676760
1006,2011-11-04,35.564884185791016,35.95871906731829,35.4107758940986,35.95871906731829,2070811
1007,2011-11-08,35.564884185791016,35.616255164676474,35.4107758940986,35.564884185791016,923114
1008,2011-11-09,35.46213912963867,35.838850293952106,35.410770481087575,35.6162497202552,3342820
1009,2011-11-11,36.11282730102539,36.215566936149365,35.27379120539656,35.44502315644253,7747315
1010,2011-11-14,36.078582763671875,36.64364963918237,35.804611156377284,36.23269106699941,8136060
1011,2011-11-15,35.479270935058594,36.18132245389064,35.35940995341742,35.633379238587054,2602442
1012,2011-11-16,35.68474197387695,36.078574472146435,35.171046199187224,35.171046199187224,5559879
1013,2011-11-17,35.32516098022461,36.07858112418614,35.205297681704394,35.44502427874483,4564324
1014,2011-11-18,34.571739196777344,35.44502259784562,33.68133213637793,35.27379064949819,6971425
1015,2011-11-21,33.92105484008789,34.58886126592681,33.6984542464628,34.07516312201924,5725408
1016,2011-11-22,33.527225494384766,34.07516636252494,33.25325389907365,34.07516636252494,5742603
1017,2011-11-23,32.551204681396484,33.4587355089842,32.24298806673332,33.33887220190285,4916261
1018,2011-11-24,32.63680648803711,33.04776256989256,32.41420595442242,32.842285690205436,10127464
1019,2011-11-25,33.013526916503906,33.287498489345246,32.46558377082121,32.756679002430495,7728058
1020,2011-11-28,33.25325012207031,33.4758507115808,32.94503356390475,33.25325012207031,5436096
1021,2011-11-29,32.602569580078125,33.49297425761934,32.53407494739806,33.35598963722278,5379923
1022,2011-11-30,33.938175201416016,34.21214674405545,32.63681211573989,32.68818308638069,13613461
1023,2011-12-01,34.246395111083984,34.93132282750713,34.07516085949652,34.246395111083984,4222484
1024,2011-12-02,35.410762786865234,35.616241981385336,34.212139571287224,34.26350820867669,5707744
1025,2011-12-05,35.1539192199707,35.4278907384098,34.879947701531606,34.999810966624146,2957969
1026,2011-12-07,35.32516098022461,35.80460952934139,34.87995742891215,34.948449747002826,5975381
1027,2011-12-08,34.04090881347656,35.4107639624723,33.90392190508827,35.25665572270652,5809203
1028,2011-12-09,33.749820709228516,33.81831301647705,33.25324857857451,33.40735685050414,4296964
1029,2011-12-12,33.0820198059082,34.04091916633124,32.773803232638826,33.90393221628115,8160604
1030,2011-12-13,33.938175201416016,34.21214674405545,32.73955173453988,33.01352327717932,3981949
1031,2011-12-14,32.996395111083984,34.07515515485888,32.87653185178398,33.88680192236071,5776327
1032,2011-12-15,34.02378845214844,34.366252272538084,32.499824915910786,32.516948571426546,12973287
1033,2011-12-16,33.59571075439453,34.69159458292027,33.08201499204044,33.989543243206704,12589918
1034,2011-12-19,33.955299377441406,34.195023609985476,32.962152810499354,33.08201608801221,4820722
1035,2011-12-20,33.407352447509766,34.05803508681696,33.1333809321426,34.05803508681696,6670657
1036,2011-12-21,33.527225494384766,33.852565747730814,33.219006578728994,33.73270244900656,10259801
1037,2011-12-22,34.468997955322266,34.58886124256672,33.39023533756768,33.47585130774748,3456402
1038,2011-12-23,34.67446517944336,34.91418934825741,34.09227492627649,34.417617358039514,3249611
1039,2011-12-26,34.53749084472656,34.62310681633858,34.31489024752806,34.45187487311454,1273482
1040,2011-12-27,33.886802673339844,34.520359325516885,33.27036735360114,34.50323799307856,4187065
1041,2011-12-28,34.31488800048828,34.57173589850518,33.69845258075138,33.97242413646575,3375709
1042,2011-12-29,34.246395111083984,34.41762704018977,33.97242356001839,34.246395111083984,2924882
1043,2011-12-30,34.280643463134766,34.52036772288101,34.023795544303375,34.24639846744639,2087779
1044,2012-01-02,34.246395111083984,34.33201107563688,33.74982065869186,34.12653183171726,1861469
1045,2012-01-03,34.55459976196289,34.70870798062295,34.246383324642764,34.366244240275755,3372939
1046,2012-01-04,34.76008605957031,35.034055250015925,34.023787473423994,34.52035953420837,3739279
1047,2012-01-05,34.691593170166016,35.01693566439319,34.468992611203554,34.74296413779837,5389056
1048,2012-01-06,34.160770416259766,34.69158740284452,33.85255162915004,34.65734241926416,7340405
1049,2012-01-09,34.72585678100586,34.86284144735827,33.93818914327308,33.93818914327308,2368495
1050,2012-01-10,35.13679885864258,35.376523088820164,34.605979427368304,34.605979427368304,3215986
1051,2012-01-11,34.31488800048828,35.17104766054461,34.21214837678518,35.17104766054461,4377469
1052,2012-01-12,34.434749603271484,34.72584482212625,34.05804073929199,34.72584482212625,4082544
1053,2012-01-13,34.9141960144043,34.99981197121885,34.417623929376184,34.45186891861312,5766505
1054,2012-01-16,34.29776382446289,34.91419923488386,34.16077920991676,34.520364403720784,4899595
1055,2012-01-17,34.41762924194336,34.67447715203303,34.280642296406434,34.41762924194336,10428799
1056,2012-01-18,33.938175201416016,34.674473867414605,33.66420365877658,34.53748693485409,6295415
1057,2012-01-19,34.22928237915039,34.65736233855156,33.93818707776463,34.09229539865257,8276461
1058,2012-01-20,34.74296951293945,34.99981742339417,34.21215003350333,34.24639735055669,6881600
1059,2012-01-23,34.588863372802734,35.35940715187668,34.46900007817622,34.93132727461338,18551268
1060,2012-01-24,34.434749603271484,34.760092138161546,34.263517668058505,34.52036557087797,10219894
1061,2012-01-25,34.53749084472656,34.76009376440693,34.09228732784769,34.62310681633858,13171474
1062,2012-01-27,35.32516098022461,35.94159648800479,34.64023315435376,34.760096452873974,9816649
1063,2012-01-30,34.84571075439453,35.44502257319371,34.67447880616619,34.9313267285087,4243234
1064,2012-01-31,35.65049362182617,35.89021784520471,34.79433402227312,34.931320951690545,10322025
1065,2012-02-01,35.256656646728516,35.75322868675761,35.15391704336495,35.75322868675761,10757718
1066,2012-02-02,35.99296569824219,36.31830595602658,35.153929563172305,35.3422851826734,11556658
1067,2012-02-03,36.62651824951172,37.088845384418455,36.078575150546826,36.14706745729702,11926606
1068,2012-02-06,37.32856750488281,37.49979942330004,36.42103694378256,36.8833640525017,9084488
1069,2012-02-07,36.90049362182617,37.75665335110456,36.59227704827872,37.49980543232105,6079363
1070,2012-02-08,36.883358001708984,37.927872997195514,36.35253867720129,37.191576797784975,11508450
1071,2012-02-09,37.26008224487305,37.84227041303992,36.951863339973904,37.68816212183133,11499785
1072,2012-02-10,36.76349639892578,37.41417664126093,36.30116937451637,36.780617729660044,8590813
1073,2012-02-13,37.83311080932617,38.12639160874827,36.69449440087232,36.69449440087232,15608851
1074,2012-02-14,37.746849060058594,38.04012983643661,37.52257717688886,37.78135350666274,5735198
1075,2012-02-15,38.195404052734375,39.02348990462197,37.71235572740632,37.78136229675039,15930040
1076,2012-02-16,38.195404052734375,38.73020906001018,37.695103500090404,38.05739091404625,3862429
1077,2012-02-17,38.540428161621094,39.16149178704331,38.298904068378825,38.64393915584462,8544515
1078,2012-02-21,38.14365005493164,38.64395061209054,38.04013903002161,38.488685244685314,6934289
1079,2012-02-22,37.93662643432617,38.8854731668613,37.85036764045934,38.07464190846482,5872252
1080,2012-02-23,38.868221282958984,39.36852416373539,37.8158658604365,37.8158658604365,18016976
1081,2012-02-24,39.437530517578125,39.7480659388499,38.91998006183068,39.006238861108535,10958004
1082,2012-02-27,38.48869323730469,39.67906442116521,38.33342783765682,39.67906442116521,11266052
1083,2012-02-28,38.5749397277832,39.126994565693785,38.21265235107725,38.643946290032105,9416477
1084,2012-02-29,38.988975524902344,39.29950617786132,38.64394042609503,38.73019920079686,7991077
1085,2012-03-01,38.81645202636719,39.19599151285342,38.47141698044103,38.59218018248265,2777389
1086,2012-03-02,38.73020935058594,38.98898574250737,38.40242638880272,38.764713805476646,3172662
1087,2012-03-05,38.05739212036133,38.76471474337729,37.660600239196434,38.609447032532074,3649302
1088,2012-03-06,38.316162109375,38.57493846427176,37.81586162455845,38.05738575447823,4557989
1089,2012-03-07,37.470829010009766,38.057388319322556,36.84976524841763,37.95387730240395,15488701
1090,2012-03-09,38.00563049316406,38.21265252074936,37.64334545476886,37.64334545476886,3852720
1091,2012-03-12,38.24715805053711,38.59219321296283,37.902122888111386,38.29891238893319,5124092
1092,2012-03-13,38.419681549072266,38.695707849590306,37.953883072088416,38.419681549072266,9731037
1093,2012-03-14,38.85097122192383,39.126997491560324,38.488683818126496,38.7302079740182,4398722
1094,2012-03-15,38.07464599609375,39.09249940501344,37.867623932620006,38.74746419250373,4513645
1095,2012-03-16,37.19478988647461,38.643936693509644,37.00502013247649,38.12638409528865,3682825
1096,2012-03-19,37.21205520629883,37.41907491450646,36.36671712637891,37.332816117773376,3294232
1097,2012-03-20,37.074031829833984,37.539830168933236,36.74624894005853,37.21204727915778,3413743
1098,2012-03-21,37.522586822509766,37.74685876333123,36.815264204651776,37.0567883732102,3430274
1099,2012-03-22,36.65998458862305,37.50532002003621,36.33219940875862,37.26379594533513,3948023
1100,2012-03-23,37.16029357910156,37.33281114960949,36.47022329706984,36.78075398801639,3647743
1101,2012-03-26,36.55647659301758,37.091281449269935,36.3149524985575,36.91876390466717,4778733
1102,2012-03-27,36.48747253417969,36.9705207560778,36.1596873051212,36.91876642513126,5834802
1103,2012-03-28,36.64274978637695,36.88427397589088,36.31496679061378,36.66000201561078,4875221
1104,2012-03-29,36.50472640991211,36.746252887192774,36.22870016145312,36.64274187406097,12199593
1105,2012-03-30,37.31555938720703,37.72960343349476,36.50472585979946,36.50472585979946,8544753
1106,2012-04-02,37.470829010009766,37.72960538234654,37.1430437331143,37.298311428451925,8676278
1107,2012-04-03,37.988372802734375,38.126385899490124,37.43631573587357,37.66058760308139,3566758
1108,2012-04-04,38.24715805053711,38.4024234056448,37.69510085468817,37.97112945261264,3850338
1109,2012-04-09,37.85035705566406,38.24714880044099,37.453567650806015,37.9883724912069,4475284
1110,2012-04-10,38.09189224243164,38.402425307949045,37.643348380994674,37.85036808475337,4598397
1111,2012-04-11,38.540428161621094,38.64393915584462,37.62608611580431,37.62608611580431,4023851
1112,2012-04-12,38.55768585205078,39.265006009729376,38.333413949360384,38.52318140244336,5102969
1113,2012-04-13,38.64393997192383,39.09248606308551,38.14363955251692,38.64393997192383,6602489
1114,2012-04-16,38.592193603515625,38.90272431687356,38.38517156799735,38.62669571615569,4350870
1115,2012-04-17,39.196006774902344,39.29951545704923,38.298914370219144,38.35066871129259,9477019
1116,2012-04-18,39.28227233886719,39.76532073852069,39.05799802909094,39.23051564895576,4441325
1117,2012-04-19,39.55829620361328,39.67905946599173,39.0925000628389,39.16150663851809,2496045
1118,2012-04-20,39.28227233886719,39.79982519846165,39.092502489031894,39.40303560874055,2778756
1119,2012-04-23,38.212650299072266,39.50653204645585,38.022880508138826,39.1442446892046,3854809
1120,2012-04-24,37.95387268066406,38.471425362313894,37.695096339839154,38.33341224984161,3169871
1121,2012-04-25,37.41907501220703,38.10914538787347,37.16029862133212,37.88487345174972,3380361
1122,2012-04-26,37.29830551147461,38.22989983611561,37.005024733384346,37.72959939694906,4377198
1123,2012-04-27,37.350067138671875,37.953878696299945,37.17754955077814,37.332814911898595,1965594
1124,2012-04-30,38.38517761230469,38.66120625648731,37.29831760449042,37.29831760449042,3199398
1125,2012-05-02,37.81586456298828,38.59219368800216,37.64334697965187,38.22990629501179,3811572
1126,2012-05-03,37.488075256347656,37.78135605248785,37.3155576915403,37.608838487680494,1452253
1127,2012-05-04,36.83250427246094,37.470820108556396,36.60823006576196,37.29830256798129,5666533
1128,2012-05-07,36.50472640991211,36.918770462439326,35.60763642258166,36.71174843617572,4565509
1129,2012-05-08,36.48747253417969,36.9705207560778,36.245946083311516,36.50472241788246,2959419
1130,2012-05-09,35.96992111206055,36.659991361506755,35.79740354969899,36.24594733990367,2412310
1131,2012-05-10,35.366111755371094,36.34946051559244,35.19359418270918,35.9354188091877,3946438
1132,2012-05-11,34.96931076049805,35.53862000488221,34.57252138343652,35.36610247747829,3389145
1133,2012-05-14,34.934818267822266,35.124585728227316,34.57253089264282,34.84855948039475,2233766
1134,2012-05-15,35.50411605834961,35.65938136719374,34.53801742343683,34.883052483054335,3494080
1135,2012-05-16,36.07343673706055,36.33221313052768,34.84856367991853,35.297107556659164,4435353
1136,2012-05-17,36.14244079589844,36.84976331108281,35.831907761468564,36.2286995821424,4208594
1137,2012-05-18,36.26320266723633,36.62549004718106,35.38336255591894,35.83190872442579,4935351
1138,2012-05-21,35.86640167236328,36.53921953937052,35.624877609837434,36.19418449578541,1491370
1139,2012-05-22,35.780155181884766,36.07343366555761,35.57313314877027,36.00442710115926,2362045
1140,2012-05-23,35.74564743041992,36.21144579197485,35.279851408784225,35.849158437423156,3087547
1141,2012-05-24,36.349464416503906,36.504729780578366,35.3488633236511,36.02168146125348,2135683
1142,2012-05-25,35.918174743652344,36.22870784894079,35.797413819306726,36.056190237087165,1446600
1143,2012-05-28,36.71174621582031,37.03953146089954,35.7111452758752,35.7111452758752,890739
1144,2012-05-29,37.039527893066406,37.350058543849435,36.504720685759736,37.16028877285136,5201353
1145,2012-05-30,36.608238220214844,37.143043183108794,36.383966303478395,37.005030055873966,4048557
1146,2012-05-31,36.62548828125,36.91876908418813,36.245948693908815,36.28045314363775,8033660
1147,2012-06-01,35.76290512084961,36.53923428214785,35.53863318799795,36.401221144996,3787828
1148,2012-06-04,35.900917053222656,36.03893252566251,35.22809893732682,35.53863199537687,3267896
1149,2012-06-05,36.55647659301758,36.98777045452449,36.056176181653356,36.19418928136799,12393979
1150,2012-06-06,37.83311080932617,38.33341362480142,36.57373350810736,36.57373350810736,9494285
1151,2012-06-07,37.28105926513672,38.21265373913508,37.0912894571194,37.83311412310045,4231838
1152,2012-06-08,36.91876983642578,37.436322553389545,36.487475905622645,37.194798420123654,3997879
1153,2012-06-11,37.00503158569336,37.43632555103153,36.918772792625724,37.263807964896266,2205393
1154,2012-06-12,37.14303970336914,37.31555726621011,36.59098256631037,36.88426335910769,3376544
1155,2012-06-13,37.125789642333984,37.35006153699222,36.798004402560764,37.09128519396232,2496726
1156,2012-06-14,36.47022247314453,37.2983081968263,36.22869834787374,36.93602083896048,6671985
1157,2012-06-15,36.590980529785156,36.83250697625535,36.3839608698495,36.64273719970837,10286920
1158,2012-06-18,36.93601608276367,37.09128140473595,36.470217776927896,36.74624631594469,3027005
1159,2012-06-19,37.522586822509766,37.91937636086149,36.780759749177854,36.93602745889083,9746993
1160,2012-06-20,37.40182876586914,37.91938163038238,37.263815604633606,37.3845788756547,8882639
1161,2012-06-21,37.86762619018555,37.91938053917954,36.8842748399402,37.09129691575604,4083003
1162,2012-06-22,37.97112274169922,38.19539462167096,37.52257664183671,37.608835417197994,7332263
1163,2012-06-25,37.21205520629883,38.10914528837114,37.00503315817158,37.83311667084134,5097127
1164,2012-06-26,37.90211868286133,37.95387301551525,37.02227864831032,37.02227864831032,1992235
1165,2012-06-27,37.884864807128906,38.43691957774166,37.64334069874088,37.953871360965614,5727518
1166,2012-06-28,37.85035705566406,38.229896578508274,37.50532197668528,37.95386804734147,3083553
1167,2012-06-29,39.17875289916992,39.54104029119683,38.057388610465374,38.07464083673703,7486892
1168,2012-07-02,38.85097122192383,39.316769646794626,38.74746020085037,39.196006398889,2634447
1169,2012-07-03,38.52317810058594,39.161493984177596,38.333410663768106,39.09248743079665,4091332
1170,2012-07-04,38.988975524902344,39.12698862845766,38.402416324913716,38.574933874317374,3061761
1171,2012-07-05,39.437530517578125,39.61004811613383,38.816469034713315,38.98898663326903,2830305
1172,2012-07-06,38.988975524902344,39.50652817311331,38.6611926490192,39.33401062370965,3797719
1173,2012-07-09,38.91997528076172,38.98898184372305,38.67845114043735,38.937227506481904,2397364
1174,2012-07-10,39.04073715209961,39.24775918605267,38.55768885943509,38.60944319796362,3199920
1175,2012-07-11,39.213253021240234,39.50653383321239,38.88547009839565,38.88547009839565,2903254
1176,2012-07-12,38.79920959472656,39.196001401599304,38.678448702136876,39.196001401599304,2728401
1177,2012-07-13,38.66120529174805,38.988988274820585,38.55769426027256,38.850975126133136,1672753
1178,2012-07-16,38.868221282958984,39.057991099123875,38.3334186282028,38.55769055826703,3148848
1179,2012-07-17,38.73020935058594,39.00623796995272,38.609446098388084,38.91997917264558,2407572
1180,2012-07-18,38.367919921875,38.833718338874675,38.21265456284828,38.678452979847954,2516255
1181,2012-07-19,38.64393997192383,38.9199685157094,38.471422424547725,38.626687749202425,2171498
1182,2012-07-20,38.38517761230469,38.81647163761509,38.22991223117691,38.40242984130107,1581366
1183,2012-07-23,37.71236038208008,38.29891980378052,37.62610157477354,38.17815653758342,2728477
1184,2012-07-24,38.281654357910156,38.764704916009464,37.57433191420983,37.66059069173623,8366909
1185,2012-07-25,38.212650299072266,38.43692219931772,37.45357347525775,38.17814584984101,6131518
1186,2012-07-26,38.55768585205078,38.81646220434859,38.02288092265145,38.28165727494926,10181302
1187,2012-07-27,39.45478057861328,39.67905249515036,38.67845147378882,39.092493195044646,4785341
1188,2012-07-30,40.76591110229492,40.88667433989198,39.334016176086365,39.48928386440241,10354713
1189,2012-07-31,41.04193115234375,41.64574250048402,40.76590029957716,40.78315486028364,13034800
1190,2012-08-01,41.05919647216797,41.23171406507758,40.576148147988874,40.88667887925835,5116745
1191,2012-08-02,40.74864959716797,41.14543896769292,40.679640715408254,40.74864959716797,5172210
1192,2012-08-03,40.81766128540039,41.076437619705075,40.26560884942097,40.489880736517385,3992386
1193,2012-08-06,41.55949783325195,41.78376975980855,40.92118182702237,41.041945073580244,3989076
1194,2012-08-07,40.90391540527344,41.6974988813357,40.64513910043877,41.49047690150042,5499481
1195,2012-08-08,41.04193115234375,41.16268967810184,40.81765462202169,40.97292226919274,5783459
1196,2012-08-09,41.07644271850586,41.49048677672375,40.83492091774442,41.09369728417091,4304923
1197,2012-08-10,41.248958587646484,41.939033549373924,40.783164891242414,41.04194124695073,4906011
1198,2012-08-13,41.369728088378906,41.49049134196673,40.74866661255481,41.05919735046686,2775124
1199,2012-08-14,41.42149353027344,41.71477445904579,40.93844506632868,40.93844506632868,3520379
1200,2012-08-16,41.43872833251953,42.26681168704729,40.97292998314819,41.40422388444789,3368688
1201,2012-08-17,40.59339141845703,41.74926003850806,40.11034317301676,41.52498814025063,4100386
1202,2012-08-21,41.248958587646484,41.49048505824302,40.213853164813244,40.38637073528545,2904667
1203,2012-08-22,41.04193115234375,41.26620300282836,40.78315486028364,40.90391338604173,1988035
1204,2012-08-23,40.524391174316406,41.145452596521885,40.30011457422768,41.145452596521885,4652302
1205,2012-08-24,40.403629302978516,40.83492327188685,40.093098581332335,40.369124849498036,5080546
1206,2012-08-27,40.81766128540039,40.955679074233466,40.282858733105996,40.300108616791015,1296282
1207,2012-08-28,41.921783447265625,42.43933621377905,40.783169232871735,40.886677914238774,4356311
1208,2012-08-29,41.07644271850586,42.40482900212957,40.81766635207938,42.094298298385546,6345767
1209,2012-08-30,42.0080451965332,42.43933919896497,40.783172101562755,41.041948503021814,9698034
1210,2012-08-31,41.21444320678711,41.99077197986499,40.990166706250704,41.99077197986499,6414695
1211,2012-09-03,41.93903732299805,42.09430034249025,41.421479885173625,41.43873445167655,3891463
1212,2012-09-04,42.767112731933594,43.025889062109,41.74925729464174,41.74925729464174,8607402
1213,2012-09-05,42.78804016113281,43.39830137072294,42.63111395816451,42.89265447656028,5181748
1214,2012-09-06,42.230098724365234,42.77061406525011,41.602398454810526,42.77061406525011,2059057
1215,2012-09-07,42.509063720703125,42.840350292262166,42.369576380509415,42.718297095907396,1292419
1216,2012-09-10,42.52650451660156,42.89265939238897,42.1952179300681,42.317271131939776,2343064
1217,2012-09-11,42.17778015136719,42.5090619795295,41.91623962553142,42.28239446977061,1345773
1218,2012-09-12,42.33469772338867,42.50905805786025,41.89879688720971,42.36957073624834,2846913
1219,2012-09-13,42.24751281738281,42.75315962256432,42.020845353959686,42.090591371855844,2572173
1220,2012-09-14,41.846500396728516,42.84035550244958,41.46290661717308,42.54394191234639,13519349
1221,2012-09-17,41.00956726074219,42.23008978619224,40.78289973769554,42.1254707318286,12665195
1222,2012-09-18,41.02700424194336,41.77675289917154,40.80033670322244,41.04444311712363,8408810
1223,2012-09-20,40.71315383911133,41.21880077900989,40.45161329705915,40.45161329705915,6301939
1224,2012-09-21,41.93367004394531,42.195210546550044,40.887508033526395,40.887508033526395,8707245
1225,2012-09-24,41.18391418457031,42.369563305061014,40.974680873936435,41.91622840687591,7593484
1226,2012-09-25,40.9398193359375,41.58495358702356,40.31212395802133,41.42802737763088,11733607
1227,2012-09-26,40.800331115722656,41.13161767067289,40.556224735251206,40.800331115722656,9302273
1228,2012-09-27,40.71315383911133,41.27110794145482,40.469047441264955,40.83520703803452,12478679
1229,2012-09-28,42.02085494995117,42.09060098377471,40.974692821562044,40.974692821562044,8847242
1230,2012-10-01,41.86393737792969,42.19522401221581,41.42803640114705,41.86393737792968,5138030
1231,2012-10-03,41.02700424194336,42.195219685908484,40.90495103499276,41.84649894023698,12133968
1232,2012-10-04,41.149051666259766,41.497772362925915,40.62597062126054,41.253665983328744,7257841
1233,2012-10-05,41.218807220458984,41.532654974002504,41.1490611730812,41.41060175600551,11584935
1234,2012-10-08,41.393165588378906,41.65470615853555,40.81777255017187,41.14905916430149,6807880
1235,2012-10-09,41.91624069213867,42.02085501320413,41.09674607770149,41.532646965186444,5205666
1236,2012-10-10,41.65468978881836,42.07315169872244,41.14904299329651,41.7767382230657,7436554
1237,2012-10-11,41.55007553100586,42.055722384540495,41.358281058190215,41.84648904067007,5476615
1238,2012-10-12,41.829063415527344,41.98598490800818,40.10289388944448,41.4977768261328,2847441
1239,2012-10-15,41.44546890258789,42.17778337689696,41.305981557440354,41.70700944842488,7208908
1240,2012-10-16,41.35828399658203,41.7418776992933,41.236230809833856,41.532644340557425,4006297
1241,2012-10-17,41.759315490722656,41.846495670328224,41.32341459269481,41.63726229330937,2639928
1242,2012-10-18,42.05573272705078,42.16034705979981,41.63726593639895,41.846499331724864,2525746
1243,2012-10-19,41.63725280761719,42.02084645645786,41.49776549799141,41.84648613696905,3153069
1244,2012-10-22,41.35828399658203,41.56751735531791,41.13161649537943,41.30597683935483,4657141
1245,2012-10-23,40.95726013183594,41.37572216014889,40.90494823969776,41.20136179922829,3935245
1246,2012-10-25,40.695716857910156,41.1490518739332,40.486483492889064,41.07930584231711,12050023
1247,2012-10-29,40.085453033447266,40.29468165505873,39.80647365492052,39.80647365492052,2123473
1248,2012-10-30,39.47519302368164,40.224943962767384,39.33570568683081,40.137763786007206,2570824
1249,2012-10-31,39.75416946411133,39.92852981500807,39.422885270390246,39.63211627251817,1852024
1250,2012-11-01,40.782894134521484,40.93981559976622,40.20750123914358,40.20750123914358,4524439
1251,2012-11-02,41.149051666259766,41.253665983328744,40.83520398522566,41.009564333558735,4726469
1252,2012-11-05,40.8177604675293,41.149046983593365,40.73058030328366,41.11417397192978,3632141
1253,2012-11-06,41.72443771362305,41.81161788328442,40.62596852185509,41.04443522816046,4718509
1254,2012-11-07,41.846500396728516,42.055733797379474,41.497779638919575,41.67214001782405,4694784
1255,2012-11-08,41.44546890258789,41.602390392193534,41.21880137549469,41.48034192133167,3005197
1256,2012-11-09,41.689571380615234,42.160345318194345,41.288543481872914,41.39316254012809,5518512
1257,2012-11-12,41.846500396728516,42.108040965085216,41.72444718552979,41.72444718552979,5986709
1258,2012-11-15,41.811622619628906,41.9511099609226,41.37572172194397,41.532647937041524,11277862
1259,2012-11-16,41.53264617919922,41.82905972304496,41.25366677859201,41.776747833674875,7952790
1260,2012-11-19,41.86393737792969,41.98599059739448,41.39316810686708,41.53265547347186,4682624
1261,2012-11-20,42.57881546020508,42.700868672911916,41.88137393596948,41.89880808214415,5826060
1262,2012-11-21,41.88136672973633,42.70086132567408,41.61982620314942,42.578808133968074,8050611
1263,2012-11-22,41.53264617919922,42.07316137752061,41.39315884380924,41.93367404213063,3266009
1264,2012-11-23,41.759315490722656,42.1952163887505,41.4454677901081,41.67213531111709,2809752
1265,2012-11-26,41.98598098754883,42.05572701980174,41.5152070944097,41.84649365287022,2935121
1266,2012-11-27,41.34083938598633,42.17777270475957,41.23622508605286,42.020846525032994,7105541
1267,2012-11-29,41.11418151855469,41.515209401729095,40.76546079756346,41.323414897114915,15583782
1268,2012-11-30,41.11418151855469,41.445468095427344,40.90494813999445,41.21880057274855,9986088
1269,2012-12-03,41.48033142089844,41.532638570859156,40.99211874172803,41.201352071397295,5791740
1270,2012-12-04,42.00341796875,42.19521245406652,41.39315676841758,41.48033693989364,8486828
1271,2012-12-05,41.8988037109375,42.28239745521323,41.49777582230596,42.108037092344944,7991825
1272,2012-12-06,41.86393737792969,42.05573664561103,41.375729229898795,42.020863621502755,3888336
1273,2012-12-07,41.393165588378906,42.00342691874441,41.18393218628798,41.951115020850665,3172271
1274,2012-12-10,41.34083938598633,41.55007271567964,41.149044926166184,41.428019545873006,2674532
1275,2012-12-11,40.97468948364258,41.56751653336724,40.90494345550076,41.49777050522542,5034484
1276,2012-12-12,40.887516021728516,41.27110977979027,40.73058979757625,41.131622430448104,6283865
1277,2012-12-13,41.23622131347656,41.41058161729823,41.00955386447358,41.1141681548362,7727857
1278,2012-12-14,40.53879165649414,41.218798927210756,40.364431302959346,41.218798927210756,6097530
1279,2012-12-17,40.57366180419922,40.8700753302144,40.25981413599425,40.556222932182465,3910978
1280,2012-12-18,40.835205078125,41.114179750993436,40.486484372125815,40.80033206155963,4553554
1281,2012-12-19,40.5213623046875,41.04444342714577,40.19007570186612,40.99213153103766,6136261
1282,2012-12-20,40.38186264038086,40.765456337468216,40.2772483274602,40.765456337468216,2121800
1283,2012-12-21,39.998268127441406,40.364422901724055,39.92852210861313,40.31211575251601,3053451
1284,2012-12-24,39.89365005493164,40.43416988923421,39.70185559329854,40.033137366103574,2156093
1285,2012-12-26,40.207496643066406,40.52134899733343,39.96339503731309,40.033136326174194,2963625
1286,2012-12-27,39.562374114990234,40.45161241148299,39.440323283652766,40.22494489263219,7464142
1287,2012-12-28,39.579811096191406,40.24237951682873,39.16134670605659,39.893658797564086,6441596
1288,2012-12-31,40.015716552734375,40.10289674247964,39.54494258214432,39.57981560400803,1528669
1289,2013-01-01,39.70186996459961,40.31213131047762,39.649560430290194,40.155205072463446,6397127
1290,2013-01-02,39.4403190612793,40.033141375590255,39.37057303379476,39.78903973904818,10823940
1291,2013-01-03,39.80647277832031,40.01570612515101,39.4577521102114,39.68441959851684,7768126
1292,2013-01-04,40.085453033447266,40.155194330708795,39.59724266839561,39.92852683741179,7374977
1293,2013-01-07,39.89365005493164,40.15519053706392,39.59723892746298,40.102883386602755,5751436
1294,2013-01-08,40.6085319519043,40.71314625731239,39.75416444837395,39.77159858933309,7147399
1295,2013-01-09,40.2946891784668,40.78290199958594,40.137767682959435,40.71315595947527,8208348
1296,2013-01-10,39.71929931640625,40.695720189839285,39.57981197158084,40.346999462861966,5482985
1297,2013-01-11,39.4577522277832,39.82391176828466,39.35313791896952,39.789038755404505,7053838
1298,2013-01-14,39.07416915893555,39.85878846523244,38.969552463124664,39.4403264118167,10369465
1299,2013-01-15,38.72544479370117,39.440322722471215,38.65570112465588,39.23108935042166,7333310
1300,2013-01-16,39.07416915893555,39.196219999953335,38.49877851443264,38.7080119060544,12729863
1301,2013-01-17,39.28339767456055,39.422887381696526,38.79518961186896,39.0916031702334,8720890
1302,2013-01-18,40.085453033447266,40.2598133713414,39.05672514794109,39.300829148010195,11437257
1303,2013-01-21,39.71929931640625,40.137766080710065,39.475195280504884,39.876225535477076,5767870
1304,2013-01-22,39.579811096191406,40.19007235490452,39.33570706568891,39.789044473715684,5102821
1305,2013-01-23,39.109031677246094,39.96339921118053,38.89980069407078,39.75416586309181,4125262
1306,2013-01-24,38.6905632019043,39.24851716043715,38.60338304369061,39.12646399297273,7597320
1307,2013-01-25,38.7080078125,38.93467532535752,38.46390379136569,38.46390379136569,5876853
1308,2013-01-28,39.02186584472656,39.14391907010123,38.272117074322956,38.74289109800893,4530765
1309,2013-01-29,39.091590881347656,39.54492578351583,38.77774091263931,38.934664714536986,8933771
1310,2013-01-30,38.882362365722656,39.33569968873124,38.65569488667501,39.056722692655704,6691139
1311,2013-01-31,38.42902755737305,39.03928874157204,38.21979657031003,38.77774823405819,10621030
1312,2013-02-01,38.516212463378906,38.77775300305777,38.32441559463167,38.41159577452461,6533829
1313,2013-02-04,38.77775192260742,38.952112277535186,38.53364789869128,38.55108440716679,4150438
1314,2013-02-05,38.219810485839844,38.69058215182094,38.08032074543062,38.62083846407348,2184943
1315,2013-02-06,38.13261795043945,38.58595295661805,38.010564762675344,38.37672196105413,2852740
1316,2013-02-07,38.91724395751953,39.178784505583366,38.18492947697527,38.18492947697527,5059086
1317,2013-02-08,38.795188903808594,39.3357064836537,38.56852138560598,39.05672943938716,5162866
1318,2013-02-11,39.24852752685547,39.31827119886466,38.481342404926814,38.882370292664994,3760946
1319,2013-02-12,39.3531494140625,40.22495134158666,38.84750240416722,38.95211910845294,9796530
1320,2013-02-13,38.32441711425781,40.10289380055907,38.115186093166606,40.10289380055907,7821046
1321,2013-02-14,36.85978698730469,38.49877380479477,36.21465274615315,38.35928647071997,14843823
1322,2013-02-15,37.412208557128906,37.62467823468821,36.65086328194495,37.04038782214655,8479053
1323,2013-02-18,38.33290100097656,38.74013168106557,37.270557590491386,37.270557590491386,8321446
1324,2013-02-19,38.38602828979492,38.4745569328863,37.96109128325496,38.332912064537354,8484570
1325,2013-02-20,38.297489166259766,38.82866087944821,38.031903309665545,38.4214301932674,7964693
1326,2013-02-21,37.8371467590332,38.580785804840176,37.66008709880171,38.173555070338224,6464828
1327,2013-02-22,38.61619567871094,38.77554672080213,37.89026048530369,38.10273014242036,14054231
1328,2013-02-25,39.67854690551758,39.74936933788161,38.68702564794194,38.775554288770245,15983553
1329,2013-02-26,39.289005279541016,39.6254135089873,39.02341945605834,39.6254135089873,17614848
1330,2013-02-27,38.56307601928711,39.60771567007753,38.45684359509846,39.48377463986738,9561570
1331,2013-02-28,36.93415832519531,38.95261334946155,36.137400521351225,38.81096847826432,11505348
1332,2013-03-01,38.22667694091797,38.59849771955847,36.93415732007174,37.42991915875679,9664596
1333,2013-03-04,38.403724670410156,38.77554535653601,37.642377093772936,38.24437363392551,5835406
1334,2013-03-05,38.45684814453125,38.59849299453435,37.7132066782829,38.43914193790766,4342564
1335,2013-03-06,38.12042999267578,38.59848547086548,38.01419757662684,38.456840648471974,2348098
1336,2013-03-07,38.3151969909668,38.527666645826095,37.943376295709314,37.943376295709314,3784471
1337,2013-03-08,38.95260238647461,39.00571859785102,38.262079631118716,38.56307549807256,5865486
1338,2013-03-11,39.09425354003906,39.2181945886175,38.59849414871113,38.93490247864744,3872022
1339,2013-03-12,38.68701934814453,39.16507489136801,38.27978862724504,39.16507489136801,5729772
1340,2013-03-13,38.881778717041016,39.04112974752439,38.527664248636896,38.63389906945662,4784709
1341,2013-03-14,38.82866668701172,38.952607732557084,38.5099645720277,38.81096288178482,4923712
1342,2013-03-15,38.59849548339844,38.97031624049794,38.40373200096604,38.74014034253492,4917271
1343,2013-03-18,38.50996780395508,38.598496443490674,38.42143916441949,38.56308402707922,3593844
1344,2013-03-19,37.92566680908203,38.74012809384332,37.19972933067924,38.58077707732446,5195989
1345,2013-03-20,36.95185852050781,37.85485103153328,36.75709505318972,37.730909988287365,5025753
1346,2013-03-21,35.97804260253906,37.288265817305636,35.71245671840424,36.82791887266613,4921271
1347,2013-03-22,36.279029846191406,36.544615649416315,35.712445838714814,35.99573784245311,8653798
1348,2013-03-25,36.792510986328125,37.02268448695921,36.473808846763085,36.61545370846021,4166875
1349,2013-03-26,37.182037353515625,37.28826979731422,36.65086552855072,36.65086552855072,3767435
1350,2013-03-28,37.46532440185547,37.67779407729425,36.86333019010267,37.16432849672548,4534130
1351,2013-04-01,37.35909652709961,37.69550488637512,37.09351060112003,37.270567885106416,1691135
1352,2013-04-02,37.71319580078125,38.1204264282035,37.21743416577576,37.518432387082385,4652635
1353,2013-04-03,37.60696792602539,37.748612761286566,37.37679206686026,37.48302689405243,2361750
1354,2013-04-04,37.004974365234375,37.69549715077857,36.75709229732751,37.44761748436433,3713922
1355,2013-04-05,37.05809783935547,37.18203889759143,36.73939569173883,36.73939569173883,8205260
1356,2013-04-08,36.881038665771484,37.53615153743669,36.65086517112856,37.18203699091344,3096875
1357,2013-04-09,36.58003616333008,37.60696967187143,36.40297891028771,37.022679295936,2293912
1358,2013-04-10,37.04038619995117,37.11120862220497,36.4383920085548,36.66856548125282,1905585
1359,2013-04-11,36.668575286865234,37.11121854618545,36.52693040448012,37.11121854618545,3329986
1360,2013-04-12,37.35909652709961,37.48303518499421,36.491513914371836,36.491513914371836,1819318
1361,2013-04-15,36.845619201660156,37.182029877693566,36.70397437074583,37.182029877693566,2619515
1362,2013-04-16,37.85485076904297,38.208965288441185,36.82791962338526,36.845623428160955,2546545
1363,2013-04-17,37.85485076904297,38.29749391829074,37.624677292031244,37.85485076904297,3775629
1364,2013-04-18,37.8902702331543,38.20897239932769,37.27056970887797,37.58927187505136,5080676
1365,2013-04-22,38.740135192871094,39.16507451678001,37.62467547134186,37.62467547134186,5577118
1366,2013-04-23,38.846378326416016,38.95261318009864,38.49226374846942,38.598498602152034,2951714
1367,2013-04-25,38.89948272705078,39.76706264541584,38.244370036850796,38.63389689072522,7103973
1368,2013-04-26,39.058837890625,39.20048272442274,38.77554582153696,39.04113168602714,3417359
1369,2013-04-29,39.11196517944336,39.44837355610334,38.793263012395634,38.793263012395634,5263605
1370,2013-04-30,39.73165512084961,40.06806340788994,38.775546472921924,39.02342613697835,5652599
1371,2013-05-02,40.68777084350586,40.90024053620819,39.395253683796895,39.412959891770925,7787838
1372,2013-05-03,39.66083526611328,40.794003634740115,39.53689422532823,40.33365188367931,3489204
1373,2013-05-06,39.69623947143555,39.997235305911644,39.23589021703959,39.501476048249685,1570856
1374,2013-05-07,39.90871047973633,40.28053115898574,39.09424670649773,39.62541841928475,4295563
1375,2013-05-08,40.63466262817383,40.77630751689129,39.89102095867343,39.89102095867343,4623152
1376,2013-05-09,40.1920051574707,40.794001725691686,39.94412548899346,40.72317690484736,3439496
1377,2013-05-10,39.78478240966797,40.56383157998852,39.660841349871035,39.96183969423895,3388720
1378,2013-05-13,39.73165512084961,40.01494719469663,39.44836304700259,39.519187866583785,3486486
1379,2013-05-14,40.49299621582031,40.77628584267555,39.767061143646295,39.767061143646295,5187764
1380,2013-05-15,40.280540466308594,40.93565335738161,40.01495454854813,40.58153880036766,7598979
1381,2013-05-16,40.33365249633789,40.81170805920718,40.085772812495314,40.10347901880395,7843384
1382,2013-05-17,41.094993591308594,41.395991863586374,40.280532198542915,40.369060819625496,4225774
1383,2013-05-20,40.47529602050781,41.112705017822385,40.36906358911476,41.077292606362896,6051683
1384,2013-05-21,39.90871047973633,40.68776184485879,39.60771461671917,40.4044721858997,3901355
1385,2013-05-22,39.89101028442383,40.05036374345718,39.625424388025365,40.014951330006916,4300192
1386,2013-05-23,38.810951232910156,39.96182310485925,38.5984816190304,39.71394108816882,5416658
1387,2013-05-24,38.59849548339844,39.235902152498575,38.27979334959486,39.235902152498575,4295474
1388,2013-05-27,39.71394348144531,39.90870690565674,38.59848394508609,38.66930635348326,1976291
1389,2013-05-28,39.837890625,40.26282754223779,39.62542096563479,39.784774410905015,3947350
1390,2013-05-29,40.1920051574707,40.35135860287781,39.73165582944574,39.997241703134065,4123634
1391,2013-05-30,40.510704040527344,40.72317368326674,39.71394648249327,40.08576715654099,4814631
1392,2013-05-31,40.12118911743164,40.72318337987773,39.891013216074626,40.70547957334436,8210037
1393,2013-06-03,39.448368072509766,40.15659714660555,39.18278216972384,40.138893340947476,2337051
1394,2013-06-04,40.08577346801758,40.31594935080836,39.377544416032684,39.377544416032684,6339450
1395,2013-06-05,39.820186614990234,39.97953766755244,39.64312935625605,39.85559902733418,2941759
1396,2013-06-06,39.67854690551758,39.87331039563847,39.55460584776072,39.55460584776072,3741327
1397,2013-06-07,39.18278121948242,39.90871648312416,39.11195879408897,39.32442847176216,3373193
1398,2013-06-10,38.95260238647461,39.48377410620876,38.88177997080856,39.30671686629738,4178032
1399,2013-06-11,38.19125747680664,39.607715405790955,37.996494031272796,38.72242920017576,4988953
1400,2013-06-12,38.24437713623047,38.74013649547007,37.961085044596665,38.24437713623047,1985386
1401,2013-06-13,37.44761276245117,38.38601509608287,37.30596554129486,37.97878443842964,3320850
1402,2013-06-14,38.633907318115234,38.77555217512226,37.53615127108549,37.62467990708811,5440747
1403,2013-06-17,38.3151969909668,38.75784010401318,37.89026008274078,38.61619526843537,1761508
1404,2013-06-18,38.38602828979492,38.846377714168696,38.01420991000567,38.24438342144598,2599492
1405,2013-06-19,38.067317962646484,38.31519762978678,37.83714450062177,38.22666900570148,3158484
1406,2013-06-20,37.483028411865234,37.99649636383732,37.37679358037126,37.96108395284177,3936637
1407,2013-06-21,37.96107482910156,38.12042583729703,37.18202358787433,37.41219699954644,8100913
1408,2013-06-24,37.500736236572266,38.421434947283785,37.199737934591596,37.74861591976605,7726193
1409,2013-06-25,36.50920867919922,37.890256502297234,36.13738801907697,37.606964456418744,5865050
1410,2013-06-26,37.53614807128906,37.67779291622147,36.27904106691618,36.402979705858854,9917951
1411,2013-06-27,37.73090744018555,38.24437538339132,37.483027771926714,37.7132036364827,10124040
1412,2013-06-28,39.41295623779297,39.69624833463437,37.89026331857662,37.89026331857662,13955319
1413,2013-07-01,39.979530334472656,40.121177556374604,39.129656609030256,39.129656609030256,4880398
1414,2013-07-02,39.4306640625,39.944129658259804,39.1650781610905,39.69624996390951,4836103
1415,2013-07-03,38.350608825683594,39.21818883394987,38.17355158311935,39.21818883394987,3203552
1416,2013-07-04,38.12042999267578,38.775542699603534,37.62467071280617,38.42142824212742,5239017
1417,2013-07-05,38.10273361206055,38.5630805752449,37.819441510605905,38.24437846204145,2878063
1418,2013-07-08,37.28826141357422,38.06731516955789,37.111204178394736,38.06731516955789,5074736
1419,2013-07-09,38.89948272705078,38.952598933718974,37.48302253182213,37.64237355331901,5626482
1420,2013-07-10,38.297489166259766,39.34212879005769,38.19125674481606,39.11195294011387,6811029
1421,2013-07-11,39.07655334472656,39.44837172182898,38.65161393976416,38.93490607590805,5779104
1422,2013-07-12,39.058837890625,39.2181889290206,38.26208029715445,39.20048272442274,3580274
1423,2013-07-15,38.970314025878906,39.28901614157117,38.61619949666847,38.934901612360726,2918182
1424,2013-07-16,39.0234260559082,39.271305719449664,38.3506094832253,38.3506094832253,2477162
1425,2013-07-17,39.27130889892578,39.731658255054974,38.88178436796476,38.98801920422424,9890923
1426,2013-07-18,39.30672073364258,39.55460041360862,39.04113484764479,39.14736968234246,5820812
1427,2013-07-19,39.4306640625,39.59001512304713,39.1650781610905,39.59001512304713,4552788
1428,2013-07-22,39.359840393066406,39.59001628862705,39.05884447016967,39.20048932782779,2515956
1429,2013-07-23,39.00572204589844,39.749363479860044,38.66931374062732,39.749363479860044,5415186
1430,2013-07-24,38.95260238647461,39.18277583776241,38.50995928669615,38.633900315231124,2594203
1431,2013-07-25,39.00572204589844,39.572306224297066,37.642380217466396,39.1650754970993,4206471
1432,2013-07-26,38.36832046508789,39.21819438918336,38.26208562420273,39.12966575536121,5399927
1433,2013-07-29,38.27979278564453,38.82866840783193,38.01420687755659,38.66931734327775,2056881
1434,2013-07-30,37.376792907714844,38.315197767282015,37.05809082046116,38.279787758416404,1322467
1435,2013-07-31,35.80097198486328,37.18201950782747,34.79174504121605,36.863315124916426,6050144
1436,2013-08-01,36.420692443847656,36.810219439512,35.05735036051565,35.69475708001494,4448345
1437,2013-08-02,32.34836959838867,35.53540028147371,30.648619420444756,35.057344718413844,31014744
1438,2013-08-05,33.03888702392578,33.57005871748125,31.055845074055078,32.560831539128905,15799229
1439,2013-08-06,33.12742233276367,33.81794519360431,32.737897786350096,32.93265885881045,14382559
1440,2013-08-07,33.03888702392578,33.623177327732236,32.77330117714805,33.28676666728652,5717703
1441,2013-08-08,33.99500274658203,34.34911728347894,33.10971640433976,33.21595124570741,6778874
1442,2013-08-12,33.67629623413086,34.490760043123686,33.49923898876253,34.17205556056515,9452703
1443,2013-08-13,34.048118591308594,34.17205722821929,33.28677095817418,33.623181661985484,2256717
1444,2013-08-14,34.384521484375,34.756342139598964,33.83564360299603,33.994994626237066,9066232
1445,2013-08-16,34.703224182128906,35.07504484433079,33.81793803473983,34.38452212966578,16654810
1446,2013-08-19,34.17205047607422,34.59698972292517,33.55235020949085,34.384520099499696,5042098
1447,2013-08-20,34.15435028076172,34.34911132105347,33.58776615947894,34.17205408333916,5439143
1448,2013-08-21,34.561580657958984,35.004223748287934,34.22517238960747,34.33140721158491,17512680
1449,2013-08-22,34.73863983154297,34.96881329075433,34.01270464261795,34.34911292973171,11299648
1450,2013-08-23,34.63241195678711,34.77405922292635,34.20747496135555,34.63241195678711,19297499
1451,2013-08-26,34.68552017211914,34.86257740053389,34.419934329497025,34.59699155791177,24410353
1452,2013-08-27,33.88876724243164,36.56233223455394,33.570062747146444,34.70322868245533,13466053
1453,2013-08-28,33.23365783691406,34.278295252533674,32.63166359753098,33.640888598454495,11398478
1454,2013-08-29,34.45534896850586,34.880285893556504,33.19824199738267,33.19824199738267,15533827
1455,2013-08-30,34.579288482666016,34.827168144570315,33.2159467399535,34.313702616020144,8242572
1456,2013-09-02,35.05734634399414,35.23440361237553,34.41994209901545,34.59699936739684,15403306
1457,2013-09-03,33.87105941772461,35.41145840090113,33.33988768580065,35.23439875543391,4877060
1458,2013-09-04,34.11893844604492,34.31370189110247,33.33988706730726,33.499238103629786,4850453
1459,2013-09-05,34.47370910644531,35.99671559765017,34.04368180002535,34.957486180797616,9746210
1460,2013-09-06,35.45918655395508,35.978800086223764,34.07952077459794,34.38412306777974,7041237
1461,2013-09-10,36.641754150390625,37.10761301556459,35.566688313902176,35.566688313902176,8723482
1462,2013-09-11,35.477108001708984,36.87469221513791,35.136671662754225,36.51633766250188,5150080
1463,2013-09-12,35.477108001708984,36.068394471706846,35.20834208723196,35.656285278027,5409563
1464,2013-09-13,35.74587631225586,35.907135374738424,35.28001490822498,35.29793069164177,6331674
1465,2013-09-16,36.74925994873047,37.25095768226344,35.54877389077912,35.74586934215826,14084730
1466,2013-09-17,36.390907287597656,36.74926178795027,35.31584378653984,36.570084537773965,5923058
1467,2013-09-18,35.97880935668945,36.37300037528827,35.44127747509884,36.01464578756119,4635243
1468,2013-09-19,35.97880935668945,37.32263906066598,35.56670012265477,36.838859395135394,10203659
1469,2013-09-20,36.4088249206543,36.74926120453526,36.01463643467259,36.10422505833847,15290056
1470,2013-09-23,35.56669998168945,36.15798650724416,35.423359119265776,35.871302352149236,3730187
1471,2013-09-24,35.53084945678711,35.78169706449001,35.13665862307794,35.31583583290094,8304198
1472,2013-09-25,36.0146369934082,36.14005961033809,35.19042115684571,35.47710281282659,5150528
1473,2013-09-26,35.58460998535156,35.92504870797951,35.3158441076434,35.83546008207679,6791644
1474,2013-09-27,35.45918655395508,35.978800086223764,35.31584329765019,35.584609169194025,4575709
1475,2013-09-30,35.136661529541016,35.459181992048784,34.67080025941645,35.1904161550823,5763141
1476,2013-10-01,35.477108001708984,35.54878085643407,35.082919451957764,35.20834208723196,4024187
1477,2013-10-03,35.79962158203125,35.92504662311498,35.33376026832336,35.83545800241142,11166670
1478,2013-10-04,35.100830078125,35.65627757044557,35.01124145933177,35.65627757044557,16408671
1479,2013-10-07,35.136661529541016,35.1904161550823,34.59912985560805,34.957484304896695,3643908
1480,2013-10-08,35.20833969116211,35.40543516774825,35.011246644823146,35.33376474814797,7001377
1481,2013-10-09,35.49502182006836,35.620446870058615,34.939571846213994,34.939571846213994,5815351
1482,2013-10-10,35.56669998168945,35.674206843631,35.208345395382686,35.49502955047761,4045318
1483,2013-10-11,35.45918655395508,35.799622838527874,35.35167971928815,35.67419779304197,2594571
1484,2013-10-14,35.6741943359375,35.799619369268754,35.22625126010691,35.4770988965227,3588795
1485,2013-10-15,35.45918655395508,35.88921146237582,35.20833646298327,35.71003421467993,6566169
1486,2013-10-17,34.975406646728516,35.763786042283186,34.77831119027812,35.38751334001368,7117518
1487,2013-10-18,35.656288146972656,35.83546786795502,34.77831990842152,35.29793356550301,15690831
1488,2013-10-21,35.656288146972656,35.81754965283203,35.49502907136082,35.656288146972656,2023039
1489,2013-10-22,36.53425979614258,37.12554389933518,35.58461867161653,35.58461867161653,9232804
1490,2013-10-23,36.050472259521484,37.01802895827365,35.94296541960522,36.87468812521669,3579487
1491,2013-10-24,35.477108001708984,36.390912596980336,35.19042630379804,36.19381953722839,7207079
1492,2013-10-25,35.90712356567383,36.10421899066431,35.226248682092766,35.69210993291211,5281406
1493,2013-10-28,35.387516021728516,36.157979695285626,35.22625697432028,35.942966011909895,5287076
1494,2013-10-29,35.97880935668945,36.17590486598886,35.11875688799593,35.33377061273121,7086272
1495,2013-10-30,35.889217376708984,36.10423108147584,35.83546516564095,36.068394653932245,3289474
1496,2013-10-31,36.30132293701172,36.73135033226842,35.42335479381596,36.175900305267916,8249061
1497,2013-11-01,35.08291244506836,36.51633036932493,34.975405614699746,36.301316708587706,9616570
1498,2013-11-05,34.097434997558594,35.1366619405534,33.88242135337162,35.02915511845992,17767298
1499,2013-11-06,34.49163818359375,34.670815486933236,34.15120179329828,34.15120179329828,9564186
1500,2013-11-07,34.061607360839844,34.491632329823084,33.88243008790955,34.36620969692026,9949028
1501,2013-11-08,34.41995620727539,34.563299460032525,33.55990641172017,33.77491764548552,6427427
1502,2013-11-11,34.38412857055664,34.54538763324118,33.757008103257746,34.36621035687006,7123880
1503,2013-11-12,34.16912078857422,34.473723183293906,33.97202526435841,34.38413452958197,5714533
1504,2013-11-13,34.402042388916016,34.491631021984176,33.882428803170114,33.98993564890135,4914428
1505,2013-11-14,34.402042388916016,34.652892505704635,34.312453755847855,34.43787881424217,2329910
1506,2013-11-18,34.52745819091797,34.65288321568735,34.29452877948518,34.50953998305855,4220710
1507,2013-11-19,34.061607360839844,34.52746875650806,33.81075966478689,34.25870284711262,6280476
1508,2013-11-20,33.595741271972656,34.2049458590299,33.52407085886209,33.90034356550128,5017948
1509,2013-11-21,33.47032165527344,33.757005763647356,33.21947397178895,33.68533291386849,4281191
1510,2013-11-22,33.649497985839844,33.757004827278884,33.39865030931349,33.39865030931349,7516975
1511,2013-11-25,33.73908615112305,33.90034519593932,33.57782710630677,33.57782710630677,8325845
1512,2013-11-26,33.77491760253906,33.918260855113935,33.452399537177676,33.595740359505655,7679212
1513,2013-11-27,33.022369384765625,33.93617366486256,32.914862570004836,33.59573501307898,4670852
1514,2013-11-28,33.93618392944336,34.04368834647419,32.843202104236184,33.0582133685451,21937834
1515,2013-11-29,34.07952117919922,34.25869842902235,33.470319015849974,33.81075530446452,19972565
1516,2013-12-02,33.54198455810547,33.93617542256303,33.004452886706964,33.004452886706964,12138526
1517,2013-12-03,33.595741271972656,33.685329895922614,33.39864824348033,33.506152648022706,10819239
1518,2013-12-04,34.258697509765625,34.36620434282419,33.43448169664584,33.541988529704405,21813713
1519,2013-12-05,34.50954818725586,34.634973241843426,34.09744145974895,34.581218605485695,14177075
1520,2013-12-06,35.45918655395508,35.799622838527874,34.38412306777974,34.38412306777974,25973812
1521,2013-12-09,36.30132293701172,36.498418421463164,35.29792973182488,35.656284274373945,30640399
1522,2013-12-10,35.262088775634766,36.37298861036472,34.76039105694355,36.30131577180398,28724268
1523,2013-12-11,35.118743896484375,35.2979211240647,34.81414406774583,34.93956666890405,7491141
1524,2013-12-12,35.100830078125,35.19041869691823,34.90373463073053,35.01124145933177,9916532
1525,2013-12-13,34.939571380615234,35.172503266029274,34.77831234009599,34.83206697376708,12252500
1526,2013-12-16,35.477108001708984,35.62045128091181,34.68872847195919,34.760398896436925,21800566
1527,2013-12-17,35.36959457397461,35.56668758354086,35.06499230969576,35.26208774950874,18137305
1528,2013-12-18,35.83545684814453,36.44465896325685,33.95409344372197,34.04368206153987,156704650
1529,2013-12-19,35.56669998168945,36.19382293797387,34.491636222769145,34.939579455652606,508752991
1530,2013-12-20,35.620445251464844,35.9250475417446,35.20833612754242,35.405431584179496,55032517
1531,2013-12-23,35.72795104980469,35.799621460074,35.3158419378241,35.47710096849178,27772323
1532,2013-12-24,35.31584548950195,35.727954642927926,35.28001149588694,35.65628179520368,16656973
1533,2013-12-26,35.477108001708984,35.692121705389546,34.88582396195848,35.1545898764355,58569185
1534,2013-12-27,35.76378631591797,35.87129315028137,35.19042058305808,35.477102234364544,17259233
1535,2013-12-30,35.477108001708984,35.9071354090701,35.333767152753516,35.62045128091181,10546799
1536,2013-12-31,35.79962158203125,35.83545800241142,35.423348889026926,35.512937509730484,12881038
1537,2014-01-01,35.656288146972656,35.79963143770904,35.530865501606804,35.78171322258605,3186233
1538,2014-01-02,36.51633071899414,36.695507961241965,35.835458170551185,35.87129216085262,29730385
1539,2014-01-03,36.086307525634766,36.820934739548385,35.88921206381691,36.51633244126198,10720086
1540,2014-01-06,35.79962158203125,36.19381248522566,35.512937509730484,36.19381248522566,6603244
1541,2014-01-07,35.405426025390625,35.83545329244537,35.315837416461974,35.799616876775296,12753362
1542,2014-01-08,35.387516021728516,35.656281910824625,35.29792739202982,35.31584560401898,10653844
1543,2014-01-09,35.42335891723633,35.65628842490823,35.297933840645264,35.387522486711006,12969982
1544,2014-01-10,34.92166519165039,35.656290181379944,34.59914459177743,35.656290181379944,21668655
1545,2014-01-13,35.118743896484375,35.26208713669665,34.68871903634093,34.68871903634093,11775173
1546,2014-01-14,34.92166519165039,35.29793557946399,34.81415832502607,35.08292427646303,6262293
1547,2014-01-15,34.939571380615234,35.65628038758702,34.79623055131969,34.957489591838936,8229009
1548,2014-01-16,35.20833969116211,35.351682960609836,34.99332843236128,35.08291706442342,15169976
1549,2014-01-17,34.84998321533203,35.208337723554045,34.65289018000756,35.11874909649855,11229974
1550,2014-01-20,35.29792404174805,35.4412672938089,34.76039231457535,34.76039231457535,13050752
1551,2014-01-21,35.065006256103516,35.387524427529584,35.011254037615075,35.1725131233281,11629511
1552,2014-01-22,35.15458679199219,35.44127089499698,35.06499816169364,35.082916373802775,12315468
1553,2014-01-23,35.136661529541016,35.28000476740446,34.97540251341046,35.11874332102726,5617086
1554,2014-01-24,35.15458679199219,35.36960047680756,35.02916173747536,35.0470799495845,11973294
1555,2014-01-27,34.59912872314453,35.44126262350764,34.3482811029023,34.90373096716861,12637443
1556,2014-01-28,34.61705780029297,34.76039864822489,34.50955094922036,34.599139586739646,7516995
1557,2014-01-29,34.29454040527344,34.74248360237811,34.187033551918844,34.65289496295718,5177129
1558,2014-01-30,34.258697509765625,34.50954516673767,34.04368384364849,34.29453393086745,28308126
1559,2014-01-31,34.22286605834961,34.402043329384206,34.115361639926675,34.402043329384206,15088682
1560,2014-02-03,34.1153564453125,34.63496996614382,34.02576782343652,34.09743823488792,4482727
1561,2014-02-04,34.16912078857422,34.473723183293906,33.97202526435841,34.06161391807034,8237100
1562,2014-02-05,34.670806884765625,34.70664330864124,33.93618206753954,33.93618206753954,8121381
1563,2014-02-06,34.47370910644531,34.58121350280353,34.133270417155046,34.40203626854414,8396200
1564,2014-02-07,34.939571380615234,35.0649964289341,34.330369210738624,34.47371247028119,6497909
1565,2014-02-10,34.76040267944336,35.118757271079446,34.65289824615062,34.88582775861504,3792896
1566,2014-02-11,34.258697509765625,34.9037360778701,34.22286108866379,34.796229244811535,5013980
1567,2014-02-12,34.29454040527344,34.527469895668915,34.16911533798518,34.366210830760714,5538187
1568,2014-02-13,34.04368209838867,34.36620258103026,34.007848109370805,34.24077754385073,6549052
1569,2014-02-14,34.133270263671875,34.169106682461326,34.02576586779706,34.11535448452392,14754417
1570,2014-02-17,34.240787506103516,34.3482943649295,34.07952843298828,34.07952843298828,4752663
1571,2014-02-18,34.31245040893555,34.43787545509562,34.22286178460605,34.27661641735193,4866082
1572,2014-02-19,34.007850646972656,34.348286934402495,33.882425600434146,34.24078009883334,2804777
1573,2014-02-20,34.07952117919922,34.27661664005406,33.7749188824011,33.90034392937609,5141168
1574,2014-02-21,34.15118408203125,34.294527308511725,34.07951368391424,34.133265874940385,4456386
1575,2014-02-24,34.061607360839844,34.1332777839625,33.70325281497926,34.1332777839625,5118446
1576,2014-02-25,34.15118408203125,34.258690894329995,34.00784328579723,34.07951368391424,4052135
1577,2014-02-26,34.1153564453125,34.47371093281643,33.98993140258736,34.22286084736616,21051173
1578,2014-02-28,33.8645133972168,34.187033961141196,33.41657019475021,34.061608892351586,27401493
1579,2014-03-03,33.93618392944336,34.15119519375227,33.63158160053001,33.721170234887204,15373777
1580,2014-03-04,34.92415237426758,35.08760341128269,34.10689472591061,34.21586290501448,9410466
1581,2014-03-05,34.996795654296875,35.105763829192284,34.6517318198625,34.94231279848982,5385763
1582,2014-03-06,35.45083236694336,35.705089833244514,34.924155658902045,34.99680029737643,7952223
1583,2014-03-07,35.959354400634766,36.12280794858223,35.32370937771679,35.32370937771679,13092149
1584,2014-03-10,35.92301940917969,36.06830865861492,35.487149197592835,35.86853409318061,11546535
1585,2014-03-11,35.90486145019531,35.995667856556054,35.65060400504151,35.741410411402256,7773473
1586,2014-03-12,35.77772903442383,35.86853543453698,35.523471606763266,35.72324617966844,15253272
1587,2014-03-13,35.88669204711914,36.32256467561374,35.632434656017885,35.795885660062915,12326297
1588,2014-03-14,35.72325897216797,36.3225829055014,35.59612898117181,35.705097192985356,11859122
1589,2014-03-18,36.84925079345703,37.030863614713745,35.77773317741719,35.77773317741719,15512927
1590,2014-03-19,37.157989501953125,37.57570045071739,36.81292564916972,36.81292564916972,12921191
1591,2014-03-20,36.06830978393555,37.12166549668942,35.959341611818765,36.940052697588534,6054665
1592,2014-03-21,36.631309509277344,37.35776069686527,36.15911574468895,36.24992214313744,21508819
1593,2014-03-24,37.484901428222656,37.848127126553585,36.68580538455101,36.68580538455101,9956813
1594,2014-03-25,38.35663986206055,38.483769834309015,37.26696283118264,37.26696283118264,14139614
1595,2014-03-26,37.77547073364258,38.68353469711656,37.630179021518046,38.50192190442177,6805235
1596,2014-03-27,38.32032012939453,38.64722226492198,37.775481594660874,37.775481594660874,20892387
1597,2014-03-28,39.02860641479492,39.319187434612346,38.0660569406048,38.265831545684385,6967406
1598,2014-03-31,38.138710021972656,39.33735537707846,37.97525647919483,38.937806104282515,6602071
1599,2014-04-01,39.22837448120117,39.755051106236685,38.1750187678489,38.32031048518089,13292951
1600,2014-04-02,39.37367248535156,39.62793243136699,38.955963939666425,39.28286606556942,8823613
1601,2014-04-03,39.48263168334961,39.80953619803033,38.82882511726939,39.26469780351035,6355761
1602,2014-04-04,38.71986389160156,39.500800541806534,38.62905747622529,39.500800541806534,7240495
1603,2014-04-07,38.828834533691406,39.31919019298855,38.42928529550249,38.75618988946119,6247841
1604,2014-04-09,38.77434158325195,39.01043723142503,38.33846890465368,38.883309752901525,6654828
1605,2014-04-10,39.15574264526367,39.30103194677638,38.57458051264875,38.82883802193701,9464658
1606,2014-04-11,39.10124969482422,39.21021788137838,38.91963687166114,38.93779864663376,6290384
1607,2014-04-15,39.17388916015625,39.30101663362573,38.79250181318566,38.955952829521316,9004170
1608,2014-04-16,39.119407653808594,39.30102045925585,38.39295643201956,39.13756942700958,10220793
1609,2014-04-17,38.93779754638672,39.04676572986182,38.556410135864624,39.02860395540238,10918544
1610,2014-04-21,38.48375701904297,39.30101452005094,38.41111240049845,38.79249972695836,4950498
1611,2014-04-22,38.48375701904297,38.683531567501106,37.902595144124916,38.57456340804386,8749084
1612,2014-04-23,38.35663986206055,38.84699551126832,38.21135057658954,38.465608057804694,11101407
1613,2014-04-24,38.35663986206055,38.35663986206055,38.35663986206055,38.35663986206055,0
1614,2014-04-25,38.32032012939453,38.61089871062699,37.99341553058522,38.28399657509954,5635586
1615,2014-04-28,38.53825759887695,38.683549366096784,38.06606366615613,38.22951721218871,4189566
1616,2014-04-29,38.35663986206055,39.01044657324365,38.19318880008522,38.79251264503713,8984063
1617,2014-04-30,38.429283142089844,39.19205802196902,38.10238102973116,38.411123829511226,9560866
1618,2014-05-02,37.97525405883789,38.665384353019725,37.81180298975968,38.356641528874974,2642603
1619,2014-05-05,38.17502212524414,38.356634940420584,37.75731363565092,37.88444112830555,1955739
1620,2014-05-06,37.23063659667969,38.19318352229803,37.0490237832965,38.10237711560643,4306301
1621,2014-05-07,37.23063659667969,37.64834508214845,37.0490237832965,37.30328122937668,6851875
1622,2014-05-08,37.61202621459961,38.02973721532976,37.230641229660506,37.557543349117374,6511390
1623,2014-05-09,38.810672760009766,38.95596203926077,37.61202512142148,37.70283153677378,19808139
1624,2014-05-12,40.49967575073242,41.04451430540872,38.665385457332505,38.665385457332505,8560913
1625,2014-05-13,40.990020751953125,41.8799205367166,40.71760154561607,40.826567257525845,14210275
1626,2014-05-14,40.6812744140625,41.4077255669364,40.49966162584403,41.02633821902138,8786547
1627,2014-05-15,41.571189880371094,41.9888984168156,39.31918874896776,40.517833956231726,17562208
1628,2014-05-16,43.40547180175781,45.63930839790205,42.51556705477998,42.51556705477998,35379329
1629,2014-05-19,44.40435028076172,45.475868032667535,43.69605821742551,43.69605821742551,25035487
1630,2014-05-20,45.36689758300781,46.34760891737246,44.658610442912206,45.02183613318597,22538200
1631,2014-05-21,45.20344543457031,45.71196037577549,44.67676625433721,45.03999191613567,10213784
1632,2014-05-22,45.548500061035156,46.111502708754976,44.73124244393188,45.076308741778305,17055437
1633,2014-05-23,47.528099060058594,47.94580767699913,43.60525810034874,45.76645323045957,22941667
1634,2014-05-26,46.5473747253418,48.962823995128225,44.67675893239861,47.83682364277712,23747350
1635,2014-05-27,46.093345642089844,46.67450768996234,45.03999220151284,45.621154249385334,11091241
1636,2014-05-28,45.34873580932617,46.1296700157428,45.148963661137074,46.1296700157428,13246147
1637,2014-05-29,45.4213752746582,46.129662257208516,45.18527468724547,45.71195379161792,14803509
1638,2014-05-30,44.313533782958984,45.948049009879085,43.64156542657932,45.58482340389684,69911271
1639,2014-06-02,45.475868225097656,45.89357678340748,44.38619115477789,44.42251470910129,13367356
1640,2014-06-03,45.494014739990234,45.96621096022245,44.87653419646519,45.40320834301046,18372713
1641,2014-06-04,45.130794525146484,45.73011583125309,44.96734594706082,45.494020156309624,23251745
1642,2014-06-05,46.093345642089844,46.67450768996234,45.584830697662674,45.657477801108,19424103
1643,2014-06-06,46.529212951660156,46.63818359404566,45.784602398225125,46.45656585673649,14951210
1644,2014-06-09,49.8890495300293,51.79598402679562,46.5473767963955,46.80163177336002,41900147
1645,2014-06-10,49.38053512573242,51.214822545876025,48.85385600330242,50.63366549203122,22963428
1646,2014-06-11,48.58143997192383,49.81641110871759,47.782346507216054,49.38053836319472,14529763
1647,2014-06-12,49.56214141845703,49.9616905353501,48.01843272825909,48.52694754677657,15766959
1648,2014-06-13,48.454315185546875,50.306762047107206,47.219344042422456,49.870894225913126,10439654
1649,2014-06-16,47.87314987182617,48.30901766304566,47.092215768482134,48.30901766304566,11540459
1650,2014-06-17,48.490631103515625,48.96282737500021,47.60073127246117,47.60073127246117,16756330
1651,2014-06-18,48.654090881347656,49.5803143799038,47.76418600895959,48.6722501944317,13262126
1652,2014-06-19,47.65521240234375,49.03546776554988,47.473599595260694,48.67224215138377,4904553
1653,2014-06-20,48.05475997924805,48.436144890926094,47.45543872094146,47.9094707236832,9100975
1654,2014-06-23,47.72787094116211,48.4906409725765,47.49177029408598,47.94580242067258,9955400
1655,2014-06-24,48.09109878540039,48.50880737516064,47.90948592667297,48.29087095937492,10866416
1656,2014-06-25,48.09109878540039,48.399836703985734,47.72787306794555,47.94580455716718,14393130
1657,2014-06-26,48.14557647705078,48.49063791556445,47.80051011197356,48.327189316235945,19577916
1658,2014-06-27,49.59846878051758,49.90721152764434,47.76417653380124,48.30901493700287,21315448
1659,2014-06-30,50.56102752685547,50.92425321437776,49.87089970587586,50.052512549637,33365772
1660,2014-07-01,50.85160446166992,51.45093076795,50.28860663484361,50.85160446166992,17681327
1661,2014-07-02,51.323787689208984,51.850466755206945,51.06952781047294,51.06952781047294,15633096
1662,2014-07-03,51.0332145690918,51.57805305360388,50.54286387428154,51.48724663951854,10773481
1663,2014-07-04,52.37714767456055,53.13992248294317,50.68814948021803,50.996892251058966,11771805
1664,2014-07-07,53.04911422729492,53.37601629762366,52.32266299253653,52.84934210836146,13259170
1665,2014-07-08,50.03434753417969,53.17625362382334,49.39870259086323,53.03096433637802,14948074
1666,2014-07-09,49.47134017944336,50.633664108498806,48.59959969593311,50.12514431043538,8629784
1667,2014-07-10,49.961708068847656,50.76080165650453,47.21935106557127,49.761930977010536,17933570
1668,2014-07-11,48.20004653930664,50.433882882559956,47.47359537554542,49.87088520126991,11319671
1669,2014-07-14,48.654090881347656,49.652961485366966,47.8549924275068,48.20005878861161,7915363
1670,2014-07-15,49.08995819091797,49.36237741620399,48.345342685865056,48.8356982766925,9737615
1671,2014-07-16,49.489501953125,49.834568272337314,48.41798930029212,49.16259987135502,6411041
1672,2014-07-17,50.37940216064453,50.63366204933604,49.289725368930874,49.41685531327663,8924449
1673,2014-07-18,49.79824447631836,50.179634341955385,49.36237667831403,50.07066369753215,5148178
1674,2014-07-21,49.72560119628906,50.12514543723099,49.543988386201725,49.79824336438634,4656631
1675,2014-07-22,49.30789566040039,50.05251125652203,48.90835135569912,49.761927758073256,6944595
1676,2014-07-23,49.50767135620117,50.19779914007087,49.10812213609868,49.56215422108709,7269605
1677,2014-07-24,48.9083366394043,49.580300000518584,48.672236078405135,49.4713343004898,5942240
1678,2014-07-25,48.96283721923828,49.253415808910496,47.982125857607805,48.853866553188304,8230977
1679,2014-07-28,48.381675720214844,49.2534164267302,48.01845001528646,49.035480018460376,5386124
1680,2014-07-30,48.926513671875,49.380545797414364,48.309028010515924,48.309028010515924,8577572
1681,2014-07-31,48.3453483581543,48.90835111240615,48.091093340660414,48.74489758743159,19081582
1682,2014-08-01,47.14669418334961,48.3090131102914,46.94691715379234,48.3090131102914,10682255
1683,2014-08-04,48.1092414855957,48.92649906762027,46.620015573038465,47.58256240655492,23311942
1684,2014-08-05,48.1092414855957,48.69040341812565,47.58256240655492,48.309013590576754,16126934
1685,2014-08-06,48.690406799316406,48.999149559278074,47.70969566215879,47.891308470775925,9867110
1686,2014-08-07,48.853858947753906,49.525827374145045,48.61776326457947,48.94466535871046,11406313
1687,2014-08-08,47.90947341918945,48.72673107010553,47.382794295751744,48.58143687980354,5755079
1688,2014-08-11,47.92764663696289,48.599615219126335,47.21935449668387,48.599615219126335,7165189
1689,2014-08-12,48.036598205566406,48.2726988003447,47.618889726944694,47.9821153477571,4457748
1690,2014-08-13,48.05475997924805,48.76304694758764,47.52808088544262,47.94578934265251,7838517
1691,2014-08-14,48.381675720214844,48.67225431353199,48.14557999732418,48.490641461067796,4598772
1692,2014-08-18,48.96283721923828,49.14445006942438,48.072932282700855,48.163738707793904,5649943
1693,2014-08-19,49.59846878051758,50.08882432871155,48.45430911910666,49.07178968679766,7522151
1694,2014-08-20,49.79824447631836,49.979857290460885,49.50766594431548,49.65295521031692,11632976
1695,2014-08-21,49.56214141845703,49.79823705635135,49.25339869510501,49.65294781199808,5097954
1696,2014-08-22,48.72673034667969,49.72560079408063,48.63592394237051,49.58030660593575,3969492
1697,2014-08-25,48.1092414855957,48.85385197859313,47.945787998565834,48.74488627161481,7109144
1698,2014-08-26,47.58255386352539,48.30900491711932,47.36462248869642,47.927620084607106,7855848
1699,2014-08-27,47.037723541259766,48.0184346003632,46.43840230583538,47.47359621787515,14179712
1700,2014-08-28,46.92875671386719,47.32830583678899,46.293111949488654,47.055886652055335,24486863
1701,2014-09-01,48.09109878540039,48.23638808706951,46.202323084009585,46.49290168734782,7250215
1702,2014-09-02,48.127410888671875,48.399830139816466,47.67337880343088,47.873155876874975,8985537
1703,2014-09-03,48.21821212768555,48.490631349575715,47.72786146953356,48.36350632061062,8220774
1704,2014-09-04,49.21236038208008,49.34075238557948,47.891714979785334,48.460323775937255,8542895
1705,2014-09-05,49.322418212890625,49.707604222512664,48.79048993706643,49.395789345991695,5566453
1706,2014-09-08,48.827178955078125,49.780978874496434,48.3319362107971,49.52418486615404,6820385
1707,2014-09-09,49.175682067871094,49.52418251906071,48.97391393497478,49.01059950237989,6490318
1708,2014-09-10,49.9460563659668,50.11113394682185,49.06562269875337,49.06562269875337,5594235
1709,2014-09-11,50.5696907043457,50.698087694511074,49.63423615937263,50.09279328448948,6309287
1710,2014-09-12,49.57920455932617,50.588030117783774,49.3957817305157,50.36792172807867,7528757
1711,2014-09-15,50.16615295410156,50.36792104846825,49.102301556487824,49.17567267728709,3929071
1712,2014-09-16,49.8726921081543,50.55135774696592,49.34076377554584,49.982743843890674,6434969
1713,2014-09-17,49.9460563659668,50.11113394682185,49.08396796929057,50.07444838141075,5122756
1714,2014-09-18,50.09279251098633,50.58803519359793,49.579209533918544,49.817658240164675,16935401
1715,2014-09-19,50.202842712402344,51.04659076949669,49.79931146558879,49.79931146558879,17128011
1716,2014-09-22,50.25787353515625,50.40461580352306,49.68926466005716,50.184507376636354,7010679
1717,2014-09-23,50.074462890625,50.77147390840705,49.79932853381568,50.44130869970409,10349414
1718,2014-09-24,49.83600616455078,50.404620063368654,49.652583289254174,49.927717602199095,6457902
1719,2014-09-25,49.891021728515625,50.27621267248726,49.615887472391414,49.891021728515625,16106351
1720,2014-09-26,50.25787353515625,50.40461580352306,49.54252736735387,49.90937308694386,5236288
1721,2014-09-29,51.19332504272461,51.39508816645665,50.07444278879738,50.257865619703864,8073293
1722,2014-09-30,49.61589431762695,51.00991105971228,49.194022728499085,50.97322549203516,12952693
1723,2014-10-01,49.8726921081543,50.62472391223552,49.414134916479405,49.8910324055557,7924373
1724,2014-10-07,50.3495979309082,50.533020837937634,49.50585454883875,49.872700362897604,8847590
1725,2014-10-08,50.588050842285156,50.91821107426883,50.184519458454126,50.25788563463677,4593053
1726,2014-10-09,50.64306640625,50.95488627461053,50.36793210634313,50.679751974703656,9248781
1727,2014-10-10,49.909385681152344,50.569706152775176,49.780988651763245,50.44130912338608,11619666
1728,2014-10-13,49.46916198730469,50.01943063069561,49.359110248892144,49.46916198730469,10406480
1729,2014-10-14,49.909385681152344,50.12949416358155,49.28574581021374,49.579225445340924,14165351
1730,2014-10-15,49.909385681152344,49.909385681152344,49.909385681152344,49.909385681152344,0
1731,2014-10-16,49.138999938964844,49.94606257569713,48.607071613528035,49.8910317329069,11263977
1732,2014-10-17,49.19401550292969,49.70759844798399,48.97390710485988,49.50583531889001,5532569
1733,2014-10-20,49.56085968017578,50.07444260974498,48.973905628241255,48.973905628241255,7878465
1734,2014-10-21,51.34007263183594,51.67023279869832,49.579215091460725,49.799318552259834,6706899
1735,2014-10-22,51.28504943847656,51.9086842360036,50.97322955188105,51.72526135867259,11612786
1736,2014-10-27,52.11044692993164,53.339381074499336,51.41344106419075,51.688575351377686,11023074
1737,2014-10-28,52.2755241394043,52.42226141574515,51.285038816693344,52.00038490472862,7011349
1738,2014-10-29,52.29385757446289,52.82578572905418,51.35839823111223,52.60567735557978,13392055
1739,2014-10-30,52.990875244140625,53.26600952920058,51.94536396578009,52.09210125601271,15543181
1740,2014-10-31,53.48611068725586,53.6878738119619,52.77075965300215,52.990868046285044,12145111
1741,2014-11-03,53.13761520385742,55.026874703377636,53.027563474570115,53.742914641928614,13632949
1742,2014-11-05,52.257179260253906,53.522798851427396,52.11044198281743,53.08258204345496,5298871
1743,2014-11-07,53.15595245361328,53.37606085463306,52.12878157407529,52.12878157407529,4488647
1744,2014-11-10,54.329856872558594,54.806759248259795,52.367236439148215,53.1926392300579,10354057
1745,2014-11-11,54.164772033691406,55.3570203495124,53.88963780696349,54.66001463693414,8362310
1746,2014-11-12,52.44061279296875,54.14644456425004,52.11045260750527,53.90799581784108,6309241
1747,2014-11-13,53.064247131347656,53.32103614898892,52.45895269074473,52.8074531380429,10971261
1748,2014-11-14,52.862483978271484,53.52280931937604,52.45895763031555,52.770772539978964,6123081
1749,2014-11-17,53.83464050292969,53.94469226171159,52.71575773554362,52.97255180692141,4923950
1750,2014-11-18,54.42157745361328,54.95350577643948,53.55949392964955,53.90799440351509,6475424
1751,2014-11-19,53.79793930053711,55.0268734697924,53.284356282603675,54.56831631526905,5431984
1752,2014-11-20,53.61452865600586,53.92634858726965,52.917522617434564,53.632868956100616,3590544
1753,2014-11-21,53.76125717163086,53.926339748083436,53.3577258547076,53.3577258547076,5424821
1754,2014-11-24,52.257179260253906,53.37606157399092,51.79862215847554,53.119267606729835,6633290
1755,2014-11-25,51.02824783325195,51.72525366834868,49.835999307859595,51.72525366834868,55543705
1756,2014-11-26,51.046592712402344,51.541830423238906,50.643061450229816,50.808139028620936,5741991
1757,2014-11-27,51.63353729248047,52.202151058544494,51.119954356688574,51.119954356688574,4482174
1758,2014-11-28,52.34889602661133,52.679056178475946,51.156647440232135,51.6885757228821,4619433
1759,2014-12-01,50.75313186645508,52.42228338951918,50.551368648871474,52.07377785842199,2477146
1760,2014-12-02,50.64306640625,51.0649380043078,50.53300970088904,50.624721134191326,2350906
1761,2014-12-03,50.331241607666016,51.00990714275666,50.221189888748924,50.62471617522041,8617759
1762,2014-12-04,50.074462890625,50.5146798517858,49.780988233627625,50.2945713712054,4516507
1763,2014-12-05,50.16615295410156,50.69808114073974,49.89101871459822,50.001075395797116,5700055
1764,2014-12-08,49.83600616455078,50.73478024376977,49.68926885944628,50.166166344951904,3081176
1765,2014-12-09,49.50584411621094,50.20285002090608,49.377447113215155,49.67092668801462,4817465
1766,2014-12-10,50.3495979309082,50.55136611403946,49.26740576483345,49.377457518785185,3714413
1767,2014-12-11,49.8726921081543,50.62472391223552,49.432475213880814,50.58804331743271,3222482
1768,2014-12-12,49.4508171081543,50.01942599671462,48.99225994781093,49.927714564645946,4812683
1769,2014-12-15,49.322418212890625,49.59755249852449,48.77214964162288,49.0656242227003,2791969
1770,2014-12-16,48.808837890625,49.469158222171004,48.478677724852,48.99226075779486,4811157
1771,2014-12-17,48.05680847167969,49.285742864088725,47.54322536048822,48.64376273118327,6760384
1772,2014-12-18,48.276912689208984,48.91889276557532,47.524880875731185,48.44199527054023,5750448
1773,2014-12-19,49.817665100097656,49.94606210596076,47.87337966649706,48.66210199865737,4845177
1774,2014-12-22,50.202842712402344,50.34957999060826,49.43246578224247,49.854342298621155,3767407
1775,2014-12-23,51.009910583496094,51.26669960351141,50.05611071111345,50.18450770895288,6644017
1776,2014-12-24,50.0010871887207,50.97322740244919,49.194024572230774,50.97322740244919,8715919
1777,2014-12-26,50.29456329345703,51.266703536249416,50.07445484822798,50.80814634854886,2310253
1778,2014-12-29,50.25787353515625,51.083276404233736,50.14782180954465,50.62471925474624,1421574
1779,2014-12-30,50.49633026123047,50.80814516104788,50.34958798406485,50.62472229025467,2146065
1780,2014-12-31,50.62471389770508,51.41343609189283,50.4229507635463,50.73477058733413,3960548
1781,2015-01-01,50.29456329345703,50.6980946137663,50.2211971288233,50.62472347346864,778837
1782,2015-01-02,50.89985656738281,51.11996500734176,50.31290736171071,50.31290736171071,3612848
1783,2015-01-05,50.95488357543945,51.39509544657342,49.946057862553566,50.80814130939803,7291352
1784,2015-01-06,49.817665100097656,50.73477946245722,49.212370616073116,50.643068026221265,8288963
1785,2015-01-07,50.533016204833984,50.808150540152525,48.97392163802892,49.524190308666,3256180
1786,2015-01-08,50.75313186645508,50.95490005970373,49.98275462316896,50.62473482996322,2436600
1787,2015-01-09,50.789791107177734,51.17497704124549,50.23952264384526,50.73476525597698,2079643
1788,2015-01-12,50.074462890625,51.06494856540443,49.70761708154591,50.47799427574494,3660975
1789,2015-01-13,49.83600616455078,50.551357368473155,49.61589771906206,50.09280018023162,2850708
1790,2015-01-14,49.909385681152344,50.221205616621646,49.45082841595183,49.81767422811224,3939014
1791,2015-01-15,52.44061279296875,52.71574711013231,50.0744556750965,50.0744556750965,6425406
1792,2015-01-16,54.054718017578125,54.64167205861355,51.65188097617817,52.3855722835568,8222495
1793,2015-01-19,54.23815155029297,54.62334254809576,52.972536780647346,53.98136252742138,5082702
1794,2015-01-20,54.07306671142578,55.026866466577914,53.85295831013484,54.66002078964732,6145107
1795,2015-01-21,53.8896598815918,54.311531540251906,53.577839968438,54.036397200821696,2865190
1796,2015-01-22,54.42157745361328,55.54045996612193,53.79794266980258,53.963020270371345,7016755
1797,2015-01-23,54.86178970336914,55.0268722656505,53.999701276597435,54.58665541667584,4549463
1798,2015-01-27,55.008541107177734,55.39373219276906,53.99971513048316,54.38490621607448,6048058
1799,2015-01-28,54.82508850097656,55.65049112565787,54.66001096143752,55.19193411194603,5448999
1800,2015-01-29,54.58666229248047,55.008533923416984,54.14644538805553,54.971853327768315,6923717
1801,2015-01-30,54.293174743652344,55.210288929744635,53.55948339477851,54.4765975808708,3094145
1802,2015-02-02,54.23815155029297,54.5499714126104,53.55949093753951,54.01804809516406,2427202
1803,2015-02-03,53.99971389770508,54.806776650901924,53.74292482217127,54.623353750235786,1320013
1804,2015-02-04,53.651206970214844,54.751744242896336,53.52280995993586,54.109764167165466,1740828
1805,2015-02-05,52.69740676879883,53.88965547551692,52.348901310415634,53.651206729306104,2453418
1806,2015-02-06,52.624027252197266,53.1926410687659,51.94536171663506,52.23884126005658,2422833
1807,2015-02-09,51.89033126831055,52.62402259848686,51.35840306366761,52.458945034594855,2511094
1808,2015-02-10,53.22932052612305,53.63285177995746,51.358406513373005,51.431777641584034,3982617
1809,2015-02-11,53.467777252197266,54.604994974638366,53.19264296922021,53.55948867985628,5670681
1810,2015-02-12,55.11857986450195,55.76055982217681,53.577825975817056,54.58665162359183,7776840
1811,2015-02-13,55.57714080810547,56.01735268117168,54.78842351515633,55.6688522369522,8270115
1812,2015-02-16,56.03571701049805,56.641011651618896,55.76058263038265,55.76058263038265,3789682
1813,2015-02-18,56.76939010620117,56.86110153621605,55.48543008599285,55.79724994317615,4034642
1814,2015-02-19,56.60430145263672,56.879435713083474,55.44873855389293,56.787724292934556,2708022
1815,2015-02-20,56.21910858154297,56.78771732644645,55.87060323746511,56.457557249545644,4586215
1816,2015-02-23,57.19127655029297,57.778230850041005,55.94400177311889,56.1274246808111,5857600
1817,2015-02-24,57.50309371948242,57.851594241916935,57.06287677195352,57.19127379628816,3786009
1818,2015-02-25,56.69602966308594,57.869938178905564,55.980683359475236,57.81491230565312,3842514
1819,2015-02-26,56.03571701049805,57.393043633668256,55.320365631931956,56.5309598898388,7368101
1820,2015-02-27,57.6314582824707,57.77819552377464,55.797230327017076,56.10904509891478,4870174
1821,2015-03-02,57.4847412109375,58.32848942492228,57.00784372417597,57.869932235473144,3288237
1822,2015-03-03,57.06287384033203,57.374693747506456,56.549290745043514,57.30132260146624,3773373
1823,2015-03-04,56.659339904785156,57.72319659553498,56.16410210642159,57.28297969069615,4927543
1824,2015-03-05,56.9161376953125,57.282983481735016,55.61383714377837,56.49426603605951,2511965
1825,2015-03-09,55.36480712890625,56.875594469612224,55.162137669776726,56.48868277375979,2904210
1826,2015-03-10,54.71996307373047,55.401660396191524,54.05668797705585,55.364810946727786,4007085
1827,2015-03-11,54.49886703491211,55.27268542046532,54.33304702447553,55.05159373918005,3350372
1828,2015-03-12,55.14371871948242,56.1570510816262,54.554142527384236,54.554142527384236,4034334
1829,2015-03-13,54.01983642578125,55.42008046568622,53.798749733382664,55.364808792586565,3743353
1830,2015-03-16,54.07512664794922,54.4251839972315,53.63294315655988,53.63294315655988,1546607
1831,2015-03-17,54.406734466552734,54.904189395272674,53.817158439843524,54.20406505224268,4288235
1832,2015-03-18,54.03826141357422,54.627837563995605,53.76189806161642,54.351474212037814,3493449
1833,2015-03-19,53.835594177246094,54.99632430165681,53.43026524263547,54.0382636424421,2641643
1834,2015-03-20,54.609405517578125,55.21740883648638,53.28286054579019,53.798742755517196,3763675
1835,2015-03-23,54.977909088134766,55.97281941270452,54.73839512048406,55.088457456360175,4249360
1836,2015-03-24,54.51728057861328,55.58588936835908,54.3514655924694,54.90419220872839,5170910
1837,2015-03-25,53.98298263549805,54.738373698906955,53.87243431053515,54.44358816145221,6008163
1838,2015-03-26,53.46710968017578,55.08844540979909,53.08020297072381,54.13038475081005,11848617
1839,2015-03-27,53.33814239501953,53.78032076334302,52.766988463835546,53.46710796209897,3479176
1840,2015-03-30,53.43026351928711,53.65135020452896,52.914381259348055,53.44868574376042,4359504
1841,2015-03-31,53.522403717041016,53.96458224304254,53.24604026408044,53.61452486802787,4797950
1842,2015-04-01,53.964561462402344,54.11195424764493,53.467106439054525,53.467106439054525,2808077
1843,2015-04-06,54.51728057861328,55.07000719487227,53.74346231627276,53.946131740968205,5315447
1844,2015-04-07,54.51728057861328,54.609401681323114,53.798738976210416,54.24091727048379,2457023
1845,2015-04-08,54.27778625488281,55.19899761368059,54.16724289098367,54.36990739076259,4009038
1846,2015-04-09,55.64116287231445,55.86225452571485,54.3146179498019,54.36988961367953,2422269
1847,2015-04-10,56.26759338378906,56.396563954330524,55.38323161104735,55.82541499636358,2200148
1848,2015-04-13,56.87559509277344,57.37304513906321,55.54904997425599,56.3044411539402,2208671
1849,2015-04-15,55.843833923339844,57.48359179932393,55.641169465809426,57.096680110551624,2330815
1850,2015-04-16,55.53062438964844,56.101778345329144,54.351477025655115,55.69644440856332,2492100
1851,2015-04-17,55.30952835083008,55.8622549899798,54.94103892684037,55.53061500817805,3666806
1852,2015-04-20,55.19899368286133,56.230753329976274,54.775237487569086,55.34638649019457,2278982
1853,2015-04-21,54.84891891479492,56.00964887848297,54.57255558970538,55.27268001157754,2312891
1854,2015-04-22,54.18566131591797,55.10687261005943,54.01984128381605,54.90420812450477,4849646
1855,2015-04-23,54.03826141357422,54.88577369375526,53.76189806161642,54.535716446676346,3515131
1856,2015-04-24,53.74348068237305,54.517299209155475,53.08021051535462,53.79875736120074,2613457
1857,2015-04-27,53.41184616088867,54.443605873419045,53.24603111633498,53.83560238304782,2052351
1858,2015-04-28,53.22759246826172,53.982988613207894,52.877535228507476,53.17232079860477,3429520
1859,2015-04-29,52.71171188354492,53.35655965045022,52.50904744167356,53.19073965408998,2061972
1860,2015-04-30,52.39850616455078,53.356566832490344,51.73523608561071,52.3616567161895,4099911
1861,2015-05-04,53.11705780029297,53.28287283633307,51.956327558556346,52.693301599891136,3652050
1862,2015-05-05,52.74856185913086,54.03825740595332,52.158985752434,52.711712415357916,7999174
1863,2015-05-06,51.808921813964844,52.60116733617442,51.60625737677492,52.60116733617442,6031578
1864,2015-05-07,51.6983757019043,51.97473900932086,50.86928577965462,51.58782738020387,5448071
1865,2015-05-08,51.587833404541016,52.3985012001205,51.47729006782121,51.95631785746074,2987105
1866,2015-05-11,52.693294525146484,52.8222600921209,51.514142214796436,51.8641994646978,3927933
1867,2015-05-12,51.32991027832031,52.711727326520304,51.07196909683304,52.656455644170606,4551824
1868,2015-05-13,51.90105438232422,52.14056831495422,50.86929975042989,51.40359929277511,4097879
1869,2015-05-14,51.36675262451172,51.882629918208906,50.94299145672287,51.882629918208906,3467677
1870,2015-05-15,51.606258392333984,52.214256713758495,51.329895064605566,51.66153005830166,6305129
1871,2015-05-18,51.606258392333984,51.937893386030076,51.12722562553736,51.40358895326578,14967798
1872,2015-05-19,51.12723159790039,53.02493066829155,50.887717685468594,51.587837197919484,6595326
1873,2015-05-20,51.88261795043945,52.10370959613639,51.23777023259236,51.256192453946404,5168468
1874,2015-05-21,51.40359115600586,51.93789561166609,51.108805592952784,51.77207560876733,2628801
1875,2015-05-22,51.937896728515625,52.30638118920083,50.629778892239315,51.329898367963125,5380668
1876,2015-05-25,52.730140686035156,52.84068903003304,51.97474949255771,52.2326856327714,5557091
1877,2015-05-26,52.71171188354492,52.91437632541628,52.158985226197515,52.84068243650399,2220470
1878,2015-05-27,52.76699447631836,52.91438728255405,52.251117155547895,52.71172279871636,1137269
1879,2015-05-28,52.76699447631836,53.15390621531453,51.790511512379425,53.15390621531453,3848527
1880,2015-05-29,52.95124053955078,53.22760394531598,52.048451414894565,52.509062089061345,3473570
1881,2015-06-01,52.730140686035156,54.130384724773535,52.416932872767866,54.03826360372064,15815832
1882,2015-06-02,52.5090446472168,52.65643741508739,52.08528356749037,52.5090446472168,4635659
1883,2015-06-03,52.76699447631836,52.96966395804714,51.86420541655173,52.38008773521328,6029264
1884,2015-06-04,53.19074630737305,53.48553689356579,52.47220456167776,52.69329625184965,8566490
1885,2015-06-05,53.393409729003906,53.90928694908687,52.69329028761346,53.06177473022844,8696044
1886,2015-06-08,53.854034423828125,54.05669894014418,53.043366362780105,53.59609322316051,4215142
1887,2015-06-09,54.29618835449219,54.59097887875911,53.54079731946938,53.79873840346673,2699663
1888,2015-06-10,54.22250747680664,54.609414197710436,53.87244520711971,54.369900275346616,2875048
1889,2015-06-11,53.79875183105469,54.29620190623832,53.37499065902288,54.01983853207369,2113307
1890,2015-06-12,53.57766342163086,53.780327909304816,52.416938178452995,53.614512873360084,2614529
1891,2015-06-15,52.03002166748047,53.43026571972526,51.827357198365526,53.43026571972526,3574132
1892,2015-06-16,53.09862518310547,53.30129464820532,51.77208004004443,51.88262838406908,2705206
1893,2015-06-17,52.2511100769043,53.19074346251606,51.753655050096135,52.951229560094475,3030212
1894,2015-06-18,52.3063850402832,52.58274840614449,51.90105110410851,52.06687112278158,4549773
1895,2015-06-19,51.587833404541016,52.47220008986055,51.108805614901485,52.30638008689057,9119658
1896,2015-06-22,52.06686782836914,52.39850284684109,51.7352328098972,51.90104782018796,1849073
1897,2015-06-23,51.36675262451172,52.25111441340559,51.274631500712545,51.956323818513745,4200054
1898,2015-06-24,51.532569885253906,51.79051104224319,51.23778427545849,51.23778427545849,3101425
1899,2015-06-25,52.06686782836914,52.28795950664725,51.164078891187906,51.66153391784103,11124905
1900,2015-06-26,51.256195068359375,52.0484355911175,51.182501181294626,51.772072269372345,4184617
1901,2015-06-29,51.40359115600586,51.66153227209499,50.74032114019131,50.77717058504551,3452315
1902,2015-06-30,51.256195068359375,51.735227824784936,50.7218956450527,51.403587840378805,2588831
1903,2015-07-01,52.45377731323242,52.73014067634029,50.99826659959874,51.274629962706605,1988394
1904,2015-07-02,52.14055633544922,52.693287972982255,51.80892135124131,52.674860752926875,2965570
1905,2015-07-03,52.14055633544922,52.674860752926875,51.772071909020454,51.772071909020454,3051297
1906,2015-07-06,51.587833404541016,52.3985012001205,51.47729006782121,51.772075631000874,2083899
1907,2015-07-07,51.07194137573242,52.14054498007309,50.9429708549921,51.9563028069837,3234495
1908,2015-07-08,50.850860595703125,51.29304390442363,50.261289514595624,50.88771003774481,2440394
1909,2015-07-09,50.482383728027344,51.05353767044771,50.445539278360094,50.88771765538262,2478234
1910,2015-07-10,51.09040069580078,51.27464298466376,50.427125457158894,50.51924660159038,2901055
1911,2015-07-13,51.587833404541016,51.73523118402111,50.500807267162,50.99826227818168,1612390
1912,2015-07-14,51.661537170410156,51.93790053618479,51.14565988720897,51.624687722062056,2264950
1913,2015-07-15,51.495704650878906,51.84576682836992,51.403583551317006,51.60625296908689,1504877
1914,2015-07-16,51.44044876098633,51.64311824088925,51.256206505378785,51.47729821168604,1827243
1915,2015-07-17,52.03002166748047,52.23268613659541,51.40359603912218,51.45887271059964,1696436
1916,2015-07-20,51.661537170410156,52.23268612718812,51.60626549683337,52.23268612718812,1668294
1917,2015-07-21,51.587833404541016,51.91947341048097,51.45886784433132,51.64311007079118,1315889
1918,2015-07-22,52.61959457397461,52.78541458230974,51.14565671460599,51.47729173338585,1890132
1919,2015-07-23,52.416927337646484,52.8038340060558,51.86419567180579,52.730135117839666,1225377
1920,2015-07-24,52.34323501586914,52.674870058664915,52.03002219849337,52.39850669001997,1692284
1921,2015-07-27,51.73522186279297,52.67485504928675,51.606251327929876,52.08527903126212,1296310
1922,2015-07-28,52.085289001464844,52.21425956101558,51.385169532619834,51.956318441914114,1547151
1923,2015-07-29,51.587833404541016,52.066866192070805,51.40359117808116,51.845774520740925,1900932
1924,2015-07-30,52.472198486328125,52.78541126131626,51.55098738218073,51.661530715522375,2942993
1925,2015-07-31,52.32480239868164,52.638015183770015,51.73523127132736,52.638015183770015,1956499
1926,2015-08-03,51.808921813964844,52.6564390010544,51.69837848420488,51.97474180649474,1508372
1927,2015-08-04,51.95633316040039,52.5090650004689,51.56942637003334,51.772090879674806,1001510
1928,2015-08-05,51.864192962646484,52.12213406003907,51.62467908529044,51.95631406915957,1107859
1929,2015-08-06,51.9747314453125,52.28794414771327,51.66151874291173,51.69836817811575,1295185
1930,2015-08-07,51.44044876098633,52.43535894042348,51.348327633182556,51.790511045797075,2213871
1931,2015-08-10,50.86929702758789,52.14056552406601,50.62978310777817,51.62468823573181,2570753
1932,2015-08-11,50.83243942260742,51.88262105407279,49.966500007262646,51.58783050954586,3873211
1933,2015-08-12,50.1138916015625,50.81401600466106,50.003348273646864,50.482376025134435,1472522
1934,2015-08-13,50.77717590332031,51.071961497248495,46.42905590658954,50.04020692060907,2470225
1935,2015-08-14,50.9798469543457,51.23778813074325,50.74033300362879,50.77718245709865,1304682
1936,2015-08-17,50.88770294189453,51.38515784536684,50.46394691222893,51.035095691618764,813782
1937,2015-08-18,50.6297721862793,51.10879992256624,50.35340887736997,50.88770827586084,1461999
1938,2015-08-19,50.27971649169922,50.998263186851595,50.150745931301316,50.66662317500259,2417706
1939,2015-08-20,50.15074157714844,50.46395434009543,49.50589382903578,49.782257149655486,2256015
1940,2015-08-21,49.15584182739258,49.81911186796608,49.026871264533725,49.74541297550661,4024183
1941,2015-08-24,48.30832290649414,48.824200142427834,47.05547676268653,48.2162017930099,7651174
1942,2015-08-25,47.38710021972656,49.24794925720861,46.115827164396144,48.27146169400948,12357515
1943,2015-08-26,48.253047943115234,48.93474513592828,47.16601687907091,47.38710853591432,2616303
1944,2015-08-27,49.690155029296875,51.01670047472,47.99512501558354,48.80579306497874,5402025
1945,2015-08-28,49.800682067871094,50.666616434142284,49.266377673547034,49.966497053844655,2205183
1946,2015-08-31,48.14250564575195,49.91122894263855,47.93983620684638,49.561166728640764,2305711
1947,2015-09-01,47.57135772705078,48.308326692685036,47.16602379637381,47.66347884775506,3973158
1948,2015-09-02,46.134273529052734,47.90299721171535,45.59996898018011,47.64506104851808,4507483
1949,2015-09-03,46.8712272644043,47.18444000123887,46.09740903160402,46.207952351479996,3114461
1950,2015-09-04,45.54469299316406,46.76068978521132,45.12093683823187,46.76068978521132,3868544
1951,2015-09-07,45.54841613769531,46.516734646105334,44.89665552406719,45.73463201260938,3112256
1952,2015-09-08,46.945037841796875,47.48506087858488,45.10149855581464,45.43668613923982,2951677
1953,2015-09-09,46.92641830444336,48.60236145449993,46.40501477915615,48.19269050340766,3201416
1954,2015-09-10,45.93946838378906,46.46087183381054,44.95252523706465,46.46087183381054,3984541
1955,2015-09-11,46.29328536987305,46.85193306379288,45.84636519416538,46.18155280023137,1783681
1956,2015-09-14,47.503684997558594,47.652656694019434,45.99533331089113,46.47949763867527,2400945
1957,2015-09-15,47.8016357421875,48.472016056506874,46.9264199451602,47.48506768137806,3189547
1958,2015-09-16,48.8258171081543,48.97478880876093,47.67127758845174,47.85749347706734,2668351
1959,2015-09-18,49.71965408325195,50.24106263055694,48.974790503021346,49.161006398079,2710372
1960,2015-09-21,50.855560302734375,51.0231515320464,49.04926559951757,49.45894146799376,3040868
1961,2015-09-22,48.788578033447266,51.023168931031435,48.13682235498522,50.911441406724144,2618545
1962,2015-09-23,47.5968017578125,49.16101243760545,46.851938086073936,48.80720522438767,5775906
1963,2015-09-24,46.70295333862305,48.43476512094771,46.386390373313915,47.67127695688123,9733917
1964,2015-09-28,47.224361419677734,48.04370828021706,46.44225369487676,47.09400929030605,2407051
1965,2015-09-29,47.8016357421875,48.60236315381378,46.702959840387074,46.8705561818244,2414852
1966,2015-09-30,49.29135513305664,49.42170726088662,47.80162807540911,47.820252694487166,3047665
1967,2015-10-01,48.6209831237793,49.8686306255758,48.50925055636846,49.53343797477269,2020545
1968,2015-10-05,49.34720993041992,49.961726271301934,48.7699428209329,48.78856238520222,1811432
1969,2015-10-06,49.254112243652344,50.092083735650725,49.04927678840221,49.47757231847109,1868486
1970,2015-10-07,49.3658332824707,49.60791286891608,49.04926533799841,49.38445284626341,1403044
1971,2015-10-08,49.32859802246094,49.53343346692875,49.012030020750636,49.49619433261021,1318938
1972,2015-10-09,49.3658332824707,49.719640354528394,49.123753696025325,49.53342451088917,1421375
1973,2015-10-12,49.64516830444336,49.79414000284688,49.08652064685828,49.34721985620713,1574616
1974,2015-10-13,49.552066802978516,49.79414647578176,49.3286067006102,49.53344218111374,715400
1975,2015-10-14,49.53343200683594,49.71964787865541,49.23548863249632,49.4961928736151,1722301
1976,2015-10-15,50.29692459106445,50.445896291500105,49.60792479369163,49.71965230616106,2959602
1977,2015-10-16,50.27830123901367,50.650733025207415,49.75689774862831,50.42727799463468,3651488
1978,2015-10-19,49.83138656616211,50.40865381928458,49.47757434558418,50.27830168268064,1640198
1979,2015-10-20,50.61349868774414,51.06041384270291,49.719658274966854,49.90587418572381,3296804
1980,2015-10-21,50.61349868774414,51.09765803514027,50.24106686623023,50.65073782875163,3504240
1981,2015-10-23,50.781097412109375,51.228017683937615,50.4645293071836,50.83696118323026,2367650
1982,2015-10-26,50.55763244628906,50.967308481089056,50.371416526055434,50.836956326639495,1788557
1983,2015-10-27,49.868629455566406,50.7438400968888,49.70103313409697,50.4831408819055,1680870
1984,2015-10-28,48.80720520019531,49.887256513394874,48.583745088498496,49.589313065419155,4725765
1985,2015-10-29,47.72713088989258,48.639585416799896,47.000887139672706,48.639585416799896,6657486
1986,2015-10-30,47.95060348510742,49.105143054499884,47.76438758847733,47.85749553679238,3034065
1987,2015-11-02,48.02509689331055,48.192693238399386,47.354716564385214,47.95060850628662,1507300
1988,2015-11-03,49.0306510925293,49.216866956367234,48.49062306682784,48.5837309987468,2879807
1989,2015-11-04,48.863059997558594,49.86862778993015,48.56511660426361,49.60792353222519,10212719
1990,2015-11-05,48.76994705200195,49.34721421157017,48.5651116215561,49.08651503204168,9402139
1991,2015-11-06,48.90031433105469,49.347229513728976,48.06234268068145,49.30999037041209,4219805
1992,2015-11-09,48.43476104736328,48.7513290374768,47.16848908690919,48.04370468848348,5260832
1993,2015-11-10,47.783016204833984,48.397527704815666,47.559556099905215,48.11820383651218,1531108
1994,2015-11-13,48.49061584472656,48.93753587194563,47.4850483091976,47.6712641453009,1386876
1995,2015-11-16,48.043704986572266,48.676840970727625,47.87611373295148,48.22992085821457,1462412
1996,2015-11-17,48.69548034667969,49.086536867067906,48.11821293032723,48.13683250449439,1602664
1997,2015-11-18,48.75133514404297,49.012034364522435,48.32303454713132,48.65822719713685,1327429
1998,2015-11-19,49.105140686035156,49.42170870532334,48.583737210905404,49.04927693002648,2523368
1999,2015-11-20,48.75133514404297,49.421710341195215,48.565119250230744,49.16100606928634,2168468
2000,2015-11-23,48.93754577636719,49.0865174651145,48.602353162399666,48.602353162399666,2177227
2001,2015-11-24,49.105140686035156,49.3844645175078,48.769953098553835,48.78857266674698,1241516
2002,2015-11-26,49.83138656616211,50.07346621903832,48.93755128169561,48.974790419500074,4171542
2003,2015-11-27,49.71965408325195,49.90586997830961,49.34722229313665,49.77552289291281,1605635
2004,2015-11-30,50.7252197265625,50.98592398885366,49.64516859258194,49.738276536053185,2006989
2005,2015-12-01,50.650726318359375,51.39558979211675,50.408646699673966,50.68797050233299,2520479
2006,2015-12-02,50.427284240722656,50.85557983760967,50.129335744005154,50.65073929897326,1390936
2007,2015-12-03,49.83138656616211,50.6507334721608,49.64517067142203,50.27830168268064,1173194
2008,2015-12-04,48.69548034667969,49.79415645688311,48.58375279881497,49.79415645688311,1376556
2009,2015-12-07,48.844444274902344,49.10514350170097,48.30441614918524,48.78857546426093,1525844
2010,2015-12-08,48.49061584472656,48.86304751693317,48.17404791306539,48.78855916192071,1469647
2011,2015-12-09,48.472007751464844,49.049274959410845,48.062331804811684,48.304411438742946,2198948
2012,2015-12-10,48.69548034667969,48.78858832037724,48.13683250449439,48.41615642558704,1086874
2013,2015-12-11,47.67127990722656,48.788575293266426,47.447819819732686,48.788575293266426,1514970
2014,2015-12-14,47.72713088989258,48.19267046018028,47.20572253002825,47.410562971811416,1552518
2015,2015-12-15,48.22992706298828,48.34165963120533,47.391955532792984,47.72714818601467,1842404
2016,2015-12-16,49.66379165649414,49.94311550656922,48.304416596414676,48.416144115872875,2623492
2017,2015-12-17,50.1107063293457,50.33416639513042,49.067894372826714,49.645166630389646,1092627
2018,2015-12-18,50.427284240722656,50.83695521513544,49.5520684244744,49.90587563432453,28017527
2019,2015-12-21,51.93562316894531,52.103219488337245,50.427276500134894,50.427276500134894,6238035
2020,2015-12-22,51.58180618286133,52.36391384851176,51.37697074607542,51.97286254140093,9652753
2021,2015-12-23,52.15907287597656,52.326664110624925,51.69353324957292,51.69353324957292,3720080
2022,2015-12-24,52.177703857421875,52.457027694382674,51.898380020461076,52.14045966887457,2224191
2023,2015-12-28,52.94118881225586,53.16464887847521,52.01010941253278,52.30805279987255,5761043
2024,2015-12-29,52.494266510009766,53.10877787814088,52.28943107110901,52.95980619062861,8576492
2025,2015-12-30,52.512901306152344,52.75498605142523,52.23357741677314,52.23357741677314,8189382
2026,2015-12-31,52.568756103515625,52.88531905256438,51.99148385524949,52.512887299397434,7159928
2027,2016-01-01,52.512901306152344,52.82946939106818,52.419793343025944,52.66187808829883,3229824
2028,2016-01-04,52.494266510009766,53.760533431007254,52.10321519886147,52.32667020441546,6809859
2029,2016-01-05,51.823890686035156,52.86669753587469,51.47007851300276,52.53150998067118,4259054
2030,2016-01-06,51.95424270629883,52.12183902559129,51.39559504389624,51.61905511914312,5320149
2031,2016-01-07,51.432830810546875,52.792205556202724,51.209370771887244,51.95423419980041,6787347
2032,2016-01-08,52.754974365234375,52.88532144359285,51.73078699772015,52.1404579035825,10345830
2033,2016-01-11,53.35088348388672,54.188855237754694,51.76804289737196,52.32669073328395,8283638
2034,2016-01-12,53.164642333984375,54.65436919015808,52.90393811358261,53.44396611951694,6611338
2035,2016-01-13,53.22051239013672,53.77916002742995,52.17770043633194,53.31362032968559,7462021
2036,2016-01-14,53.2018928527832,53.816409353642605,52.66186978267852,52.66186978267852,10278564
2037,2016-01-15,51.805267333984375,53.350863131536464,51.5073239557301,52.941187197865176,7430643
2038,2016-01-18,51.45145034790039,52.53150120146798,51.17212659000732,52.14044490956095,7411237
2039,2016-01-19,50.63211441040039,52.06597782454677,50.203818858494195,51.56319389342668,7282040
2040,2016-01-20,50.14795684814453,52.2521955428597,48.62098543245956,50.129332226976985,15997901
2041,2016-01-21,49.235496520996094,51.153519297756006,49.16100813976227,50.20382021988768,10416175
2042,2016-01-22,49.570674896240234,50.576242598362136,49.198243162332666,49.607919079916726,8099084
2043,2016-01-25,49.53343200683594,50.073460055683924,48.881676455467804,49.90586375047488,8893503
2044,2016-01-27,51.48870849609375,51.86114031087302,49.68241823555811,49.83138995118386,14527719
2045,2016-01-28,53.51846694946289,53.81641544908101,52.32668305385051,52.512898971825564,22594616
2046,2016-01-29,55.06405258178711,55.2688931020446,53.81641009658683,53.9281376156876,11216960
2047,2016-02-01,54.654388427734375,55.26889996191977,54.43092831036782,55.08268403935267,12278379
2048,2016-02-02,54.468170166015625,55.995141675775635,54.00263037959061,54.561278123300625,18267134
2049,2016-02-03,53.64431381225586,54.74902755910887,52.970246280020426,53.86899791045395,12098041
2050,2016-02-04,54.97371292114258,55.23585112313196,53.49451392845592,54.24347441503887,8726120
2051,2016-02-05,54.393280029296875,55.19841167646302,54.05624368838683,55.06734255268847,6170693
2052,2016-02-08,53.34471893310547,54.692848725885796,53.04513679213783,54.31836851006976,3820374
2053,2016-02-09,53.15747833251953,54.48688613387294,52.80172009910636,53.101307316510336,7297377
2054,2016-02-10,53.6817512512207,54.13112955142594,52.801721709526404,52.801721709526404,8119293
2055,2016-02-11,51.19145584106445,53.86898827148611,50.217806299307625,53.49450806921139,7247688
2056,2016-02-12,51.809349060058594,52.72682762098257,51.04166664891134,51.67827996861045,16065640
2057,2016-02-15,51.94042205810547,52.67066056594501,51.71573289575381,52.09021313993545,8464543
2058,2016-02-16,52.16511154174805,52.63321184985818,51.60339117201589,52.090213460765064,6766384
2059,2016-02-17,52.277442932128906,52.371062974675226,51.434862549212085,52.371062974675226,7804863
2060,2016-02-18,52.37107467651367,53.08258614300392,52.05276544489044,52.46469473997854,8779283
2061,2016-02-19,52.801719665527344,53.17619987479757,52.07148630497815,52.35234646193082,6323086
2062,2016-02-22,52.296173095703125,52.9889573883425,51.80934579800667,52.801717292123705,2293985
2063,2016-02-23,51.341243743896484,52.53958234905203,51.191452688055165,52.42723524776167,3873885
2064,2016-02-24,52.31490707397461,52.801729404128864,51.54722453506662,51.678288569113946,11387961
2065,2016-02-25,49.3377799987793,52.52086192396336,49.07564688776261,52.46469090583215,19051305
2066,2016-02-26,50.049293518066406,50.89187397759957,49.43139711770514,49.993117424060586,12511003
2067,2016-02-29,48.7011604309082,50.31142316713793,48.38285126326861,50.31142316713793,11485783
2068,2016-03-01,50.086753845214844,50.31144305703585,48.77607270200923,49.05693294698187,14281573
2069,2016-03-02,50.70463180541992,51.753174302790626,50.199082534496945,50.554835666470424,13550709
2070,2016-03-03,50.798255920410156,51.26635619407965,50.19908655427059,51.11656004313498,7057560
2071,2016-03-04,51.92169952392578,52.108939644020005,50.72336072363741,51.07911898350177,29228314
2072,2016-03-08,51.56593322753906,52.3148935911909,50.96676392077509,52.239995523140706,20131612
2073,2016-03-09,52.333621978759766,52.50214011290764,51.15401027736411,51.266357393200416,7284193
2074,2016-03-10,52.296173095703125,52.76427333625009,51.715725749897274,52.46468613477243,3713460
2075,2016-03-11,51.753177642822266,52.57703614336392,51.54721555729333,52.29617598352649,4685588
2076,2016-03-14,51.90296173095703,52.05275278021325,51.565930600327476,51.90296173095703,4423191
2077,2016-03-15,52.034034729003906,52.42723689786464,51.73445260789218,51.73445260789218,11655129
2078,2016-03-16,51.959144592285156,52.4272449025001,51.49104428207022,52.202560816967676,6170234
2079,2016-03-17,51.67828369140625,52.520864238139616,51.266359487485076,52.14638399514701,7509036
2080,2016-03-18,51.24763107299805,52.09021159745651,51.11656197557297,51.86552244175827,9195901
2081,2016-03-21,51.67828369140625,51.846801832438274,51.02294326616919,51.135290386594995,4674151
2082,2016-03-22,51.753177642822266,52.183828872063735,51.491039461955474,51.678279568513766,6628643
2083,2016-03-23,51.47232437133789,52.108942850517586,51.28508423972194,51.41615334769583,11545428
2084,2016-03-28,52.09019470214844,52.42722578677409,51.11654539606531,51.64082161571809,8691695
2085,2016-03-29,51.734458923339844,52.80172353459388,51.50976976547095,52.42724329788347,11478000
2086,2016-03-30,52.333621978759766,52.55831113121921,51.809350675829826,52.0153178485898,5797932
2087,2016-03-31,52.09019470214844,52.59574386869271,51.86550561932747,51.86550561932747,15715729
2088,2016-04-01,51.79062271118164,52.4272359771674,51.7157246426127,52.35234298781102,3935188
2089,2016-04-04,51.90296173095703,52.464681975077056,51.79061971381794,51.95913273952658,5649881
2090,2016-04-05,52.07149124145508,52.72683166980549,51.940422139942314,52.352351425033824,7744995
2091,2016-04-06,52.31490707397461,52.914076535158664,52.18383796071343,52.37107809988258,10418272
2092,2016-04-07,52.50214767456055,52.76428590338671,52.277458489740106,52.670665832979346,12408704
2093,2016-04-08,52.7642822265625,52.85790229044604,52.52086599709446,52.52086599709446,4133630
2094,2016-04-11,53.26981735229492,53.53195041359194,52.63319905632239,52.67064808771116,12360599
2095,2016-04-12,53.60684585571289,54.39325515958343,53.176189634613635,53.176189634613635,8901453
2096,2016-04-13,54.299644470214844,54.43070847740599,53.88771523260791,54.05622827580202,10239725
2097,2016-04-18,54.6553955078125,54.95498270507739,53.45706195639079,54.299642377527,7347390
2098,2016-04-20,55.423095703125,56.13460720677156,54.35582590804827,54.56178802674125,7716065
2099,2016-04-21,54.730308532714844,56.00354050118345,54.33710118120791,55.55416212209383,6315086
2100,2016-04-22,54.692832946777344,55.16093308149856,54.03749275816763,54.78645297372159,4320738
2101,2016-04-25,53.85027313232422,54.711575675260875,53.38217282002963,54.711575675260875,3605005
2102,2016-04-26,54.3558235168457,54.76775281532398,53.569413961426,54.093685305301285,8964411
2103,2016-04-27,54.05624008178711,54.674136612753685,53.79410693094164,54.4119983826943,3177289
2104,2016-04-28,53.120033264160156,54.46816314516748,52.932793143998396,54.000062844763086,9408511
2105,2016-04-29,53.70047378540039,53.86898682436945,52.61447716460727,53.269822580195886,4383214
2106,2016-05-02,53.494503021240234,53.925159276587834,53.02640281256878,53.55067910965067,3383764
2107,2016-05-03,54.374534606933594,54.97370391387057,53.55068125420621,53.55068125420621,4572397
2108,2016-05-04,53.45706558227539,54.33709001844896,53.176200343633525,54.22474798636257,4435593
2109,2016-05-05,53.64431381225586,54.03751606331623,53.213657439210834,53.55069374493541,2770226
2110,2016-05-06,53.34471893310547,53.681750111497294,52.614480480579,53.606857115861885,3714029
2111,2016-05-09,53.73793411254883,53.981345272794506,53.04514459553131,53.36345384164355,5027038
2112,2016-05-10,53.120033264160156,53.831549784145494,52.8017240440425,53.60686062410872,7758595
2113,2016-05-11,52.97023391723633,53.25109405364739,52.23999553088255,52.726822814855915,4574270
2114,2016-05-12,53.88772201538086,54.05623507978547,52.87662331209941,53.13876151790229,4877581
2115,2016-05-13,54.20602798461914,54.37454103889534,53.325998437132974,53.66302962489851,6719824
2116,2016-05-16,54.09368133544922,54.63667969984989,53.550688050261726,54.28092145017867,4500368
2117,2016-05-17,54.26219177246094,54.67412098226984,53.400884319367336,54.67412098226984,4754541
2118,2016-05-18,53.569400787353516,54.26219010816342,53.43833171381451,53.92515897564334,2573082
2119,2016-05-19,54.074954986572266,54.52432817808707,53.66302575160745,53.66302575160745,6035130
2120,2016-05-20,54.2247428894043,54.35581196732696,53.812813678452706,54.14984482224492,3055890
2121,2016-05-23,55.47926712036133,55.760127327407716,54.29965526660928,54.52433936887533,10093334
2122,2016-05-24,54.9362678527832,55.89119558974436,54.74902771760028,55.797575522152904,3545037
2123,2016-05-25,56.059696197509766,56.172043301164386,55.067324717563324,55.42308292698403,7201959
2124,2016-05-26,56.39674758911133,56.69632978762827,55.64778193439103,56.172058400616635,11348343
2125,2016-05-27,56.490360260009766,57.07080259829539,55.72267272316537,56.69632235960445,7635493
2126,2016-05-30,56.827388763427734,57.27676198101321,55.9286372490437,56.583977635667296,6049447
2127,2016-05-31,56.172054290771484,57.05208391844659,56.00353614192666,56.9210148114799,4297008
2128,2016-06-01,55.7601203918457,56.396738813652426,55.572880277104105,56.396738813652426,5018958
2129,2016-06-02,56.24693298339844,56.39672911279568,55.46052362091212,55.76011080049431,3951078
2130,2016-06-03,56.32183837890625,56.490356506806194,55.891187148866685,56.396736453353554,3453446
2131,2016-06-06,55.89120101928711,56.43419441653837,55.62906277288013,56.246954263166025,2395810
2132,2016-06-07,56.13459396362305,56.527796126260355,55.891182859170776,55.947353871088595,3771426
2133,2016-06-08,57.12696075439453,57.25802982426486,55.90990025270696,56.17203839244761,3804592
2134,2016-06-09,57.22060012817383,57.83849157582359,57.0520870492951,57.18315108424059,4520638
2135,2016-06-10,57.819759368896484,58.10061952990895,57.239317067822576,57.258039046871545,8988984
2136,2016-06-13,56.84611892700195,57.57635749462977,56.67760585085124,57.57635749462977,7199310
2137,2016-06-14,56.37800216674805,57.070791489315674,56.284382125298706,56.82738039738984,2914984
2138,2016-06-15,57.819759368896484,57.95082845987823,56.60269867117579,56.60269867117579,5287666
2139,2016-06-16,57.894657135009766,58.53127044905119,56.86483655011841,57.81975906078703,5385026
2140,2016-06-17,58.81214141845703,59.149172655981026,57.25804926599749,58.0444588730294,8985642
2141,2016-06-20,58.6623420715332,58.98065128190042,58.13807076698241,58.7934111674742,5237563
2142,2016-06-21,58.41892623901367,58.90574846567336,58.063168018538136,58.62488831662829,5276594
2143,2016-06-22,58.269134521484375,58.6810586720911,57.89465432695993,58.43764756149275,4797461
2144,2016-06-23,58.6623420715332,59.111720377841415,57.23931923357917,58.231690824195525,5027803
2145,2016-06-24,58.344032287597656,58.47510138225014,56.396738164236275,57.46400274260316,6010853
2146,2016-06-27,57.66995620727539,58.79339661577486,57.295476071108894,57.314198046232455,5121198
2147,2016-06-28,58.21297073364258,58.41893793169476,57.5389082727044,57.87593950317349,5842035
2148,2016-06-29,59.635986328125,60.04791555872129,58.25040757408637,58.34402762289404,9838712
2149,2016-06-30,61.07773971557617,61.35859987864528,59.65471184183157,59.91685002571461,18696297
2150,2016-07-01,61.84542465209961,62.313524942973835,61.04029316763859,61.41477340033797,9960809
2151,2016-07-04,61.93904113769531,62.65055252294226,61.6581809793705,62.425868459652754,5753019
2152,2016-07-05,60.38496780395508,62.088851255535744,60.216449625572594,61.90161109253943,5510329
2153,2016-07-07,61.17134475708008,61.47092682581093,59.99172829832439,60.291315446267014,5911690
2154,2016-07-08,61.58328628540039,61.93903942860104,60.516016697372855,61.22752806298695,7803900
2155,2016-07-11,62.38843536376953,64.09231872795294,62.14502418020251,62.20119521037733,11133401
2156,2016-07-12,62.38843536376953,63.28718708420929,62.18246814750957,62.53822647064045,9182267
2157,2016-07-13,60.60964584350586,63.08121655532724,60.17898948462358,62.48204712833818,11106820
2158,2016-07-14,61.8079719543457,62.01393911766634,60.62836030701085,60.871771428014405,7428442
2159,2016-07-15,61.508392333984375,62.31352380372556,61.07774109009612,62.182454708834406,6629943
2160,2016-07-18,61.115177154541016,62.088826631826656,60.89049311142412,61.63945346638038,3891623
2161,2016-07-19,62.31353759765625,62.53822679874858,61.040305563752035,61.15264762469107,5987973
2162,2016-07-20,63.04374694824219,63.661638154831415,62.500748721087234,62.53819775041032,7071425
2163,2016-07-21,60.853050231933594,63.043760507570795,60.59091204950374,63.025033449275526,4189305
2164,2016-07-22,62.29479217529297,62.93140541311021,60.98411158781869,61.22752268107858,7206087
2165,2016-07-25,63.268463134765625,63.51187431076972,62.219915260819754,62.36970636303657,3967394
2166,2016-07-26,64.18592071533203,64.78509005316793,62.6131069176272,63.38078929849605,8278821
2167,2016-07-27,64.57913208007812,65.04723236139701,64.24210089337116,64.78509417217319,8851677
2168,2016-07-28,65.98343658447266,66.975808220078,64.46678854133539,64.74764872570746,31420184
2169,2016-07-29,65.90851593017578,66.47023610653267,65.42169380901781,66.3204450753465,12377513
2170,2016-08-01,66.35791015625,67.3690036707691,65.77746278606574,65.90853187476624,11965659
2171,2016-08-02,66.99452209472656,67.48134940292952,65.92725758661635,66.47025082984189,6487056
2172,2016-08-03,65.87107849121094,67.06941710994616,65.04722513514146,67.03196807575833,10713465
2173,2016-08-04,66.7323989868164,67.16305026600801,66.0396094963533,66.20812764348692,9047354
2174,2016-08-05,66.09577941894531,67.85583862713004,65.92726635382984,67.03198004474284,8816394
2175,2016-08-08,66.84471893310547,67.40643913222706,65.72127853486228,66.28299873398387,9540514
2176,2016-08-09,65.94596862792969,67.2753710876095,65.72127952903976,66.84471994427744,6314021
2177,2016-08-10,65.30935668945312,66.09576607216536,65.00977458137821,65.9459750181279,3789657
2178,2016-08-11,65.17829895019531,66.11449947684036,64.5791295972999,65.19702092904305,5017074
2179,2016-08-12,66.67621612548828,67.03196925851843,65.23446637791173,65.23446637791173,4369997
2180,2016-08-16,66.47026062011719,68.56735106774508,66.00216030052228,66.95708800002402,22372774
2181,2016-08-17,65.4029769897461,66.95707378421825,65.25318593512091,66.63876461863194,11599079
2182,2016-08-18,68.15542602539062,68.60480439194045,66.00216442083261,66.2830246301228,20664320
2183,2016-08-19,67.76222229003906,68.52990481371394,67.14433085888443,68.52990481371394,16563739
2184,2016-08-22,68.1366958618164,68.4550050766347,67.68731754922433,67.94945574477192,11335483
2185,2016-08-23,68.21158599853516,68.67968627150206,67.40645454487466,67.9494528932015,7423678
2186,2016-08-24,68.26776123046875,68.52989433248409,67.81838294242392,68.26776123046875,5319170
2187,2016-08-25,68.24903106689453,69.27885160752803,67.59369072285503,68.34265111604303,12995397
2188,2016-08-26,67.7060317993164,68.67967616037576,67.48134268552876,68.39881603794427,7097916
2189,2016-08-29,67.50007629394531,67.9120055603396,66.50770470618622,67.8558345420161,2956326
2190,2016-08-30,68.64225006103516,68.82949019135667,67.29412010687756,67.74349337212102,5212793
2191,2016-08-31,68.79203796386719,69.09162012682329,68.09924849791618,68.56734880204343,6435761
2192,2016-09-01,69.0167236328125,69.27885674232941,68.2490361253678,68.7171364058049,6116318
2193,2016-09-02,68.8294906616211,69.27886392993481,68.26777026681872,69.11035085902229,3858397
2194,2016-09-06,69.87802124023438,70.28995047411244,68.82947871691995,69.18523185769571,9001076
2195,2016-09-07,69.18522644042969,70.02780682043664,68.86691728102903,69.69077568427633,5024999
2196,2016-09-08,70.37834167480469,70.85029930768255,68.58489754880077,69.43442128798091,5980354
2197,2016-09-09,69.39669799804688,70.47276287836675,69.24566739507058,70.22734070906539,5051740
2198,2016-09-12,68.05631256103516,69.24564488590973,67.8675294897513,68.94359402028299,4144478
2199,2016-09-14,67.6409912109375,68.3583710044528,67.39557423366219,67.94304720848835,6680869
2200,2016-09-15,65.99857330322266,68.11293938518583,65.71539872570244,68.11293938518583,8920122
2201,2016-09-16,66.47053527832031,68.15070147548339,65.37558941013262,66.56492681033178,21690721
2202,2016-09-19,66.9802474975586,67.2823034818505,65.79091518214724,66.33838813294173,4266806
2203,2016-09-20,67.24456787109375,67.73540196488223,66.82924395731185,67.07466100420609,4769662
2204,2016-09-21,66.18736267089844,67.99967809154262,65.904188066356,67.2445458127628,4957941
2205,2016-09-22,67.41446685791016,68.07520774135236,66.52718521878815,66.86699379177307,4676363
2206,2016-09-23,66.43278503417969,67.7353852482549,66.338393491664,67.3011851768965,7599534
2207,2016-09-26,66.33839416503906,67.32006724138064,66.01746189301426,66.33839416503906,6333433
2208,2016-09-27,66.52718353271484,67.26343456867761,66.3950343351617,66.6970852543665,6069513
2209,2016-09-28,67.37669372558594,67.62211068738553,66.52716992784767,66.52716992784767,4515648
2210,2016-09-29,65.469970703125,68.75479755182873,64.82811145847009,67.48995019647418,13380901
2211,2016-09-30,66.6593246459961,67.09352471009538,64.77149382724366,65.73428549637987,11831869
2212,2016-10-03,68.41500091552734,69.05686027090296,66.30062954019992,66.88585499967009,9403402
2213,2016-10-04,68.33946990966797,68.98133423836555,68.13181063212495,68.52825293327699,7967290
2214,2016-10-05,68.49051666259766,69.24564899251612,68.11295049763842,68.39612512135784,5347763
2215,2016-10-06,67.16903686523438,68.81145075054513,67.01801141946225,68.45276595696996,5654229
2216,2016-10-07,66.81034851074219,67.81089779685699,66.56493153430931,67.16903328519987,3980080
2217,2016-10-10,67.22566223144531,67.58434695215372,66.90473002370878,66.90473002370878,4458994
2218,2016-10-13,66.07408142089844,67.15014580662304,65.58324755003986,67.03687802752272,14897308
2219,2016-10-14,67.0935287475586,67.39557964830786,65.149063911446,66.37615401747723,4958871
2220,2016-10-17,66.47053527832031,67.074636986339,65.99857761826298,66.56492681033178,4534814
2221,2016-10-18,66.60269165039062,67.13128842432064,66.07409999752991,66.73484084387313,7289895
2222,2016-10-19,67.41446685791016,68.24510946731002,66.48942757266325,66.81035988312051,9020687
2223,2016-10-20,67.45220947265625,68.05631635868845,67.15015859017458,67.71650783562936,4037879
2224,2016-10-21,66.81034851074219,67.71650625814675,66.48941625491362,67.71650625814675,10350237
2225,2016-10-24,66.4894027709961,67.33892644710656,66.13071294821127,66.67818581013175,2945373
2226,2016-10-25,67.33892059326172,67.56546124474463,66.3006139682767,66.65930375988025,3002870
2227,2016-10-26,66.26287841796875,67.3200667701163,65.99858517073358,67.20679384609926,3927291
2228,2016-10-27,66.26287841796875,66.77259377337302,65.58326135814237,66.11185297368166,7017500
2229,2016-10-28,66.41390991210938,66.82923376253376,64.96028411722817,66.37615738840032,4282450
2230,2016-11-01,66.79147338867188,67.79202788960664,65.7531663655706,66.16849019902494,5277438
2231,2016-11-02,66.11186218261719,66.64045387178574,65.86644516133211,66.43279449709905,4859666
2232,2016-11-03,66.05522155761719,66.33839619671114,65.80980456128293,66.13073172206742,4078615
2233,2016-11-04,65.526611328125,66.39501125983188,64.65820627535044,66.0740790690471,4179894
2234,2016-11-07,65.696533203125,65.92307394402823,65.52663148824954,65.80980613411124,7660803
2235,2016-11-08,66.8292236328125,67.05576434607575,65.65876754850962,65.79091672466889,3265787
2236,2016-11-09,68.03743743896484,68.45276122694142,63.03468596636694,64.18626067200918,13247214
2237,2016-11-10,71.15234375,71.73756911374846,68.396108349049,69.84973875189199,18046820
2238,2016-11-11,69.13238525390625,71.17124164028236,68.52827833025836,70.22732617241665,8770575
2239,2016-11-15,69.83087921142578,70.4538623557422,68.9247214450502,68.9247214450502,11489252
2240,2016-11-16,71.1712417602539,71.92637413581939,69.22677691738663,70.43499076671907,10203154
2241,2016-11-17,72.83251953125,74.15400087002227,69.54769244073174,70.96356530370204,9392264
2242,2016-11-18,72.47383880615234,73.73868641370359,72.26617947522585,73.15346093849723,12168642
2243,2016-11-21,69.86864471435547,73.1157151035796,69.58547006043015,73.1157151035796,12187225
2244,2016-11-22,69.3777847290039,70.49160674820172,68.2450864536439,70.18955592319953,11976002
2245,2016-11-23,68.58489990234375,70.81254410282499,67.8108914062906,69.5476965790945,13625626
2246,2016-11-24,69.86864471435547,70.56714321825179,68.07520523949515,68.69818845391696,18404432
2247,2016-11-25,71.2278823852539,71.81310794103528,69.84976167203513,70.26508551213931,14716858
2248,2016-11-28,71.92637634277344,73.54991407269657,70.58601838344549,70.60489464498615,10318399
2249,2016-11-29,71.52994537353516,72.32283554380346,71.17125537808255,71.98302693399424,12406804
2250,2016-11-30,72.4549560546875,72.75700689461722,70.83141870712791,72.03963230898304,7446808
2251,2016-12-01,69.58546447753906,72.68150916048573,69.28340846494459,72.68150916048573,11056167
2252,2016-12-02,69.39669799804688,70.18958817939154,68.90585878051436,69.8497744437651,9676372
2253,2016-12-05,69.88751983642578,70.2462097739759,68.28286349035196,69.35892818193298,12282830
2254,2016-12-06,69.0568618774414,70.45385865464009,68.90583644449066,70.00078235578783,4550359
2255,2016-12-07,68.886962890625,70.03853762329327,68.71705607121615,69.7364867455317,4265108
2256,2016-12-08,70.09518432617188,70.2084521374793,68.54716188557748,69.4533197392449,5413273
2257,2016-12-09,69.64208984375,70.22731529475222,69.37779150525769,70.22731529475222,3451184
2258,2016-12-12,69.75535583496094,70.01965416663711,69.24564055019589,69.56657277549746,3689403
2259,2016-12-13,69.94414520263672,70.43498427415113,68.88696202272193,70.03853674088157,4417447
2260,2016-12-14,68.69818878173828,70.0007942444384,68.50940567822055,69.84976366476866,7312670
2261,2016-12-15,69.22676849365234,70.13292620985293,68.15070396519667,68.33948703611631,5253972
2262,2016-12-16,69.39669799804688,70.32173227539046,68.60380781670221,69.3023064317218,26025533
2263,2016-12-19,69.50994110107422,69.8497495947437,69.0379834373476,69.52881735919593,3627943
2264,2016-12-20,68.69818878173828,69.64210429932693,68.62267349190341,69.4721974577332,5757036
2265,2016-12-21,69.18902587890625,69.35893272805478,68.62267654317066,68.73594948295957,5279390
2266,2016-12-22,68.62266540527344,69.26452993002292,68.3772484238347,69.09462310845134,2653684
2267,2016-12-23,68.83033752441406,68.98136298201821,67.58436597677373,68.56603913280476,4805945
2268,2016-12-26,67.50885009765625,68.84920796197709,67.30118563008202,68.84920796197709,5932940
2269,2016-12-27,68.3583755493164,68.60379254290847,66.65932773373726,67.47109399918904,4555998
2270,2016-12-28,67.96192169189453,69.094620130706,67.62211318446481,68.3583692181197,3739977
2271,2016-12-29,67.98081970214844,68.50941141202397,67.5843720789394,67.65988737509441,14737238
2272,2016-12-30,69.28339385986328,69.88750063663629,68.05630404997694,68.1129379400658,4872601
2273,2017-01-02,69.34003448486328,69.92526506213869,68.94359209466737,69.28340058927364,1811713
2274,2017-01-03,71.00133514404297,71.1712368441679,69.66097219735704,69.81200275889319,7819727
2275,2017-01-04,70.51050567626953,71.3033957481805,70.24621239967888,71.00134482605705,7829503
2276,2017-01-05,72.05850982666016,72.20953524926703,70.26507077066645,70.62376063029248,6362320
2277,2017-01-06,71.28450775146484,72.81364861473362,71.07684329575378,72.17178923061343,6298387
2278,2017-01-09,70.43498992919922,71.43553929071244,69.88751691499641,71.43553929071244,2956484
2279,2017-01-10,70.43498992919922,71.09573074996236,69.8686406542594,70.45386618993624,4626997
2280,2017-01-11,71.66207122802734,72.2661780713532,70.18956431815512,70.71815588566457,21835704
2281,2017-01-12,74.75811767578125,75.418858433787,71.73758337525781,71.73758337525781,26857806
2282,2017-01-13,74.43718719482422,75.47549412493125,74.02186339856767,75.47549412493125,23933005
2283,2017-01-16,75.28671264648438,75.9096957935725,74.28616333497087,74.38055487607721,8473484
2284,2017-01-17,74.66373443603516,75.75867536105063,73.66317993729783,75.28671762431387,10193606
2285,2017-01-18,74.92800903320312,75.38109039604645,74.39941752393119,74.75810736293782,21229809
2286,2017-01-19,76.19286346435547,76.9102380870901,74.47493962140662,75.09792271164805,8756982
2287,2017-01-20,75.28671264648438,76.49492130000431,74.55045657742733,76.49492130000431,12987134
2288,2017-01-23,75.58876037597656,76.34389267332266,75.1545603292163,75.45661119972728,7334154
2289,2017-01-24,76.7780990600586,77.28781442707084,75.7397920654692,75.89082263426472,7122776
2290,2017-01-25,76.68370056152344,77.04239044828371,76.23062425942838,76.89136501425203,10336365
2291,2017-01-27,77.23117065429688,78.13732834591933,76.47603839110009,76.83472826454593,11095330
2292,2017-01-30,77.6653823852539,77.94855702662588,76.45717365470834,77.13679074557339,5832917
2293,2017-01-31,78.23171997070312,79.00573361402996,77.19341310758804,77.58986061887303,7593736
2294,2017-02-01,77.70313262939453,78.76032092915884,77.30669021765085,78.76032092915884,7325455
2295,2017-02-02,77.00464630126953,77.77866010803109,76.74035302567516,77.74090246264062,7773806
2296,2017-02-03,76.15510559082031,77.70312774311861,75.92856488932597,76.72145478402201,4479429
2297,2017-02-06,75.92858123779297,77.09903751330546,75.4188709510185,76.36278647625932,6337200
2298,2017-02-07,75.47549438476562,76.87248609562315,75.21119602594646,76.13623516074477,6562928
2299,2017-02-08,75.92858123779297,76.53268819816098,74.87139789795106,75.89082871363891,9024346
2300,2017-02-09,76.32499694824219,77.62759675630544,75.8152817533186,76.41938846133665,12790725
2301,2017-02-10,75.47549438476562,77.70313369099587,75.23007740647283,77.4765929721607,16817238
2302,2017-02-13,76.66482543945312,77.00463395133023,75.32446765107784,76.15511011110313,9508762
2303,2017-02-14,75.83416748046875,77.00462341326318,75.55099290581211,76.98574715671326,9403263
2304,2017-02-15,76.06072235107422,76.49492242232013,75.41886293477516,76.04184609100355,7302351
2305,2017-02-16,76.32634735107422,76.81963003581335,75.54847216776425,75.88998110740232,6272531
2306,2017-02-17,76.85755920410156,77.12317606636887,75.7192100457266,76.64886391704596,4966775
2307,2017-02-20,78.33743286132812,78.69791224908481,76.57299222711494,77.36983787868083,9917513
2308,2017-02-21,78.2236099243164,78.84970117782481,77.61648910557987,78.33744282618404,7428835
2309,2017-02-22,76.4970932006836,79.26707972188805,76.23148143889166,79.17221727554441,26345564
2310,2017-02-23,75.56742858886719,76.6488612814614,75.33975773569745,76.6488612814614,13404307
2311,2017-02-27,73.13894653320312,75.88995671797026,72.81641327532108,75.88995671797026,14798634
2312,2017-02-28,72.91128540039062,73.93579658656482,72.68361453236868,72.81642296759951,10051421
2313,2017-03-01,73.10102844238281,73.87889852603907,72.79746549400117,73.42356182339307,10348326
2314,2017-03-02,72.00061798095703,73.61328484456897,71.71603061913447,73.61328484456897,10629352
2315,2017-03-03,72.41799926757812,72.56977813408591,71.33656648045837,71.71601622003607,8454072
2316,2017-03-06,73.55634307861328,74.44805093038782,72.5128563714894,72.79744365525046,14858083
2317,2017-03-07,73.82196807861328,74.35319670424296,73.4425183250754,73.82196807861328,11746802
2318,2017-03-08,74.22038269042969,74.9792821405448,73.670183677066,74.10654983155894,7938282
2319,2017-03-09,73.78401184082031,74.29626996637461,73.0440880120116,74.29626996637461,9777769
2320,2017-03-10,73.06307220458984,74.25833795834527,72.11444777357492,73.99272620563123,16388459
2321,2017-03-14,73.48046112060547,75.39668023363711,73.08203580882132,75.30181779939562,11886293
2322,2017-03-15,73.21483612060547,73.63223181426822,73.04408684589062,73.61326138817186,7772586
2323,2017-03-16,74.03065490722656,74.16346333508038,73.138952205814,73.67018077061317,5161993
2324,2017-03-17,73.6132583618164,74.75160739957961,73.27174953319492,74.67571540508247,9522200
2325,2017-03-20,73.46148681640625,73.78402012772929,73.13895865169974,73.61327083111111,9378518
2326,2017-03-21,73.32867431640625,73.82195686241153,73.19586589352302,73.61326158832065,8126819
2327,2017-03-22,72.89230346679688,74.22037741001235,72.64566219238004,72.68360819150939,8203222
2328,2017-03-23,73.2527847290039,73.42353915641766,72.7025805932183,73.23381430223174,5875356
2329,2017-03-24,73.51839447021484,74.04962298121305,73.3286696343858,73.55633532008821,6164329
2330,2017-03-27,73.93579864501953,74.41011082218047,73.48046204291494,73.6132704818433,7104197
2331,2017-03-28,74.63778686523438,74.75162488360623,73.85991689946927,73.85991689946927,6020578
2332,2017-03-29,74.69468688964844,74.92235772975283,74.27729635384209,74.86544130638066,6451066
2333,2017-03-30,74.16346740722656,75.03620487631729,73.70813081808981,74.86545043875577,13016042
2334,2017-03-31,74.86544799804688,75.85201829560424,74.23935699175999,74.23935699175999,8522874
2335,2017-04-03,74.44805145263672,75.6622925971815,74.37216459773775,75.6622925971815,9945512
2336,2017-04-05,73.99272918701172,75.09313254200407,73.68916626888537,74.69470717695394,7061975
2337,2017-04-06,74.8275146484375,75.1121019854682,73.2717695100129,74.52395688091823,7466431
2338,2017-04-07,73.99272918701172,74.4670414216306,73.80300429316418,74.39114940544472,9205565
2339,2017-04-10,74.10655975341797,74.23936820429262,73.74608040770352,74.0116973094528,5763232
2340,2017-04-11,75.56742858886719,76.49707728160422,73.8029884833798,74.12551661653623,10668096
2341,2017-04-12,74.97927856445312,76.45913653888967,74.37216315061006,75.88996197844978,6620702
2342,2017-04-13,75.8899917602539,76.28841205026905,74.67575016282618,75.05520001869509,5910355
2343,2017-04-17,76.76270294189453,77.08523625867194,75.5105208257194,75.87099500019812,11138596
2344,2017-04-18,76.78166961669922,77.5215986515636,76.51605789269341,76.83859119370138,7675098
2345,2017-04-19,80.13981628417969,81.01255392331993,76.6299055892576,76.97140938430492,29099215
2346,2017-04-20,79.2670669555664,80.59514099048496,77.95796334821448,80.44336213010324,11822555
2347,2017-04-21,78.014892578125,79.85522507208077,77.33188502103201,79.45680485487937,7938078
2348,2017-04-24,77.73029327392578,78.5271387322946,77.44570597783807,78.35638944261177,7520828
2349,2017-04-25,79.15323638916016,79.64651898633996,77.71132430723627,78.16666604818411,6293621
2350,2017-04-26,78.0528335571289,79.1152959789063,77.50263449009161,79.1152959789063,5977354
2351,2017-04-27,78.8307113647461,79.74138979567718,77.84414092014701,78.16667425831054,13646716
2352,2017-04-28,78.92556762695312,79.19117936075406,78.14769256093993,78.54611788156616,5477289
2353,2017-05-02,78.16666412353516,79.24809687169652,77.597489534673,79.24809687169652,5123042
2354,2017-05-03,80.08287811279297,81.12636479300468,78.2804920287909,78.5081628792512,10859280
2355,2017-05-04,79.93111419677734,80.72795974897387,79.3050231009861,80.06392264657958,12952295
2356,2017-05-05,79.3050308227539,80.44338025198287,78.7548265399796,80.44338025198287,4993008
2357,2017-05-08,79.68447875976562,79.87420366017824,78.43229132907202,79.34297496834638,6855459
2358,2017-05-09,79.0583724975586,80.25363811223617,78.83070163128278,79.703433947621,4729357
2359,2017-05-10,79.87419128417969,80.04494058012413,79.30501667113185,79.57062840258428,4623710
2360,2017-05-11,79.00144958496094,80.25363675499281,78.24255014128691,80.06391189407431,4946190
2361,2017-05-12,78.26153564453125,79.53269340328256,78.01488917675172,78.9255727419936,5386419
2362,2017-05-15,78.43228149414062,79.30501901457303,78.29947819779836,79.26707300992526,5353854
2363,2017-05-16,78.6978988647461,78.90659417166924,78.2615326751507,78.45125755294146,4077710
2364,2017-05-17,79.2291259765625,79.57062972072514,78.22358517284383,78.77378936655117,3694898
2365,2017-05-18,79.02043151855469,79.45679770446257,78.5840653326468,78.92556908046095,5797418
2366,2017-05-19,78.07180786132812,80.34850639668252,77.4457116468123,79.57063130913308,17793954
2367,2017-05-22,76.8386001586914,78.8117359041808,75.58641281102574,78.54612414918526,7423973
2368,2017-05-23,76.42120361328125,77.21804916354748,74.88442894920706,77.00934870104469,6465473
2369,2017-05-24,75.8520278930664,77.36982695931798,75.32079924920171,76.80065230947363,6650433
2370,2017-05-25,75.4915542602539,76.25045385072141,74.23937199462941,76.15559140191297,9992276
2371,2017-05-26,76.72476196289062,77.369828638696,75.24490887049724,75.88997554630261,6466364
2372,2017-05-29,79.34297180175781,79.96906291880858,77.06626794105273,77.08524351830705,14504778
2373,2017-05-30,77.44570922851562,79.26707108789587,76.66783931187243,79.26707108789587,10884114
2374,2017-05-31,78.90660095214844,79.41885919552539,77.76825158758508,77.76825158758508,7781359
2375,2017-06-01,78.79277038574219,79.57064041569929,78.29948770527437,78.75482437648684,6369921
2376,2017-06-02,78.20462036132812,79.0583875591698,77.90106257953971,78.96352510903377,6713770
2377,2017-06-05,77.90106201171875,78.67893718513474,77.48366620483911,78.45126627714427,5093948
2378,2017-06-06,77.1990737915039,78.03386535049285,76.76270758201207,77.99591934388118,5324457
2379,2017-06-07,77.80618286132812,78.05282414761953,76.72475014046378,77.36981671687161,7605903
2380,2017-06-08,78.6789321899414,78.81173549343856,77.2559903919955,77.78722419245186,7487370
2381,2017-06-09,78.62200927734375,79.11529706276801,78.35639752822316,78.69790128944497,6432439
2382,2017-06-12,78.24253845214844,78.88760494154737,77.78720194193932,78.31843044382437,3684911
2383,2017-06-13,79.77932739257812,80.8797305950633,78.16666601837609,78.33741531120411,15775215
2384,2017-06-14,79.87419128417969,80.82281563925943,79.49474154214779,80.06391615519564,13639132
2385,2017-06-15,79.8172836303711,80.53823719019766,79.43783384660794,79.68447517673057,5595511
2386,2017-06-16,79.66549682617188,80.2536470584997,78.77379398266504,79.68447240266968,6127735
2387,2017-06-19,80.59513854980469,80.80383383318255,79.6654846948681,79.68446026847634,6393073
2388,2017-06-20,79.0394058227539,81.58172134696021,78.01488938246375,80.53823447676785,12876594
2389,2017-06-21,78.0528335571289,78.92557109786928,77.69235937112863,78.92557109786928,13855413
2390,2017-06-22,76.76270294189453,79.19118031222557,75.88997057566539,78.10974749555616,33713902
2391,2017-06-23,78.16666412353516,78.54611384944327,76.80064408094272,77.02831494581085,9034020
2392,2017-06-27,78.07180786132812,78.43228204145588,76.45914639878542,78.16667030030122,6947747
2393,2017-06-28,78.77378845214844,79.28604148913789,77.18009746906681,78.16666783256417,7103873
2394,2017-06-29,78.92556762695312,79.87419199042051,78.50817187770416,78.92556762695312,7577681
2395,2017-06-30,79.89315795898438,80.0828828210864,78.8496712174232,78.88761721916686,7751039
2396,2017-07-03,80.23466491699219,80.69000666304571,79.49474101292581,79.6844658826787,8768284
2397,2017-07-04,79.95008087158203,80.82281839599293,79.58960669232646,80.82281839599293,4530105
2398,2017-07-05,79.70343780517578,80.2346664211193,79.49474250318187,80.2346664211193,6062229
2399,2017-07-06,79.62755584716797,80.06392205332749,79.30502251335724,80.06392205332749,5577232
2400,2017-07-07,79.47576141357422,79.83624070649775,79.00144926320971,79.57062384364713,7641379
2401,2017-07-10,80.19670867919922,80.44334993325072,79.68445059979044,79.68445059979044,2844699
2402,2017-07-11,80.42440032958984,80.95563415183062,80.02598010952642,80.63310080164648,13833624
2403,2017-07-12,81.20226287841797,81.58171260875419,80.42438784325888,80.42438784325888,9211263
2404,2017-07-13,81.6196517944336,82.34060519253686,81.3730105196372,82.32163476625095,9596900
2405,2017-07-14,81.65760040283203,82.05602054049419,81.39198354664654,82.05602054049419,4889330
2406,2017-07-17,82.2267837524414,82.51137106591855,81.67657955440562,81.67657955440562,6302565
2407,2017-07-18,81.7334976196289,83.47896753979457,81.48685630568106,82.32164783386104,7549621
2408,2017-07-19,82.96672058105469,83.28925394914022,81.98015004492963,82.49240831816931,8521832
2409,2017-07-20,82.98567199707031,83.47895454819782,82.58724672428337,83.09950484837175,10233967
2410,2017-07-21,81.6955337524414,83.27025402478357,81.0125263944396,83.27025402478357,4948380
2411,2017-07-24,82.24576568603516,82.43549058822562,80.91769137070192,80.91769137070192,6137724
2412,2017-07-25,82.34062194824219,82.94774261894273,82.0750050464929,82.53034683617255,6113154
2413,2017-07-26,82.45445251464844,82.70109897934842,81.79041542547702,82.66315297350097,5258903
2414,2017-07-27,82.20781707763672,83.13747112763004,81.8663132938125,82.60624244761266,21380991
2415,2017-07-28,81.44890594482422,82.2647218534628,80.46233559517495,81.99911012442183,8260545
2416,2017-07-31,84.73115539550781,85.07266431880649,81.44891578933868,81.44891578933868,17403810
2417,2017-08-01,85.1485366821289,85.60387840454537,83.7256002328477,84.92086582092067,15263765
2418,2017-08-02,84.16197204589844,85.75566303500462,83.74458144330941,85.24340484946217,12014487
2419,2017-08-03,84.59835052490234,85.20546605150945,83.19438428973518,83.85842140025157,5285543
2420,2017-08-04,85.22443389892578,85.43312919894224,84.0860846698545,85.14854189167441,7975937
2421,2017-08-07,85.7366943359375,85.85052720319146,84.61731550593464,85.37621501193884,4619568
2422,2017-08-08,84.57936096191406,85.98332696491968,84.02916196358082,85.9453809641273,3229672
2423,2017-08-09,84.19992065429688,85.45210794064728,83.78252489218008,84.46553754290304,4573769
2424,2017-08-10,82.4924087524414,84.16198689726372,81.71453869586136,84.16198689726372,6813656
2425,2017-08-11,83.06157684326172,83.66869752383131,80.44337437658602,80.63309926760044,8860877
2426,2017-08-14,84.52244567871094,84.97778740115403,83.09950922934652,83.19437165930415,4990789
2427,2017-08-16,83.74458312988281,85.2434065662211,83.3461578012739,84.88293238885113,5221989
2428,2017-08-17,83.27027130126953,84.08608724442618,83.00465441437355,83.66869148499681,2837686
2429,2017-08-18,84.59835052490234,84.92087871843098,82.98568897079112,83.0995218453757,7721084
2430,2017-08-21,83.5927963256836,85.35724173557809,83.30820902042531,84.99676242360435,5203218
2431,2017-08-22,83.28923034667969,84.37066302892596,82.73902621900226,84.21888417713714,6646897
2432,2017-08-23,83.38408660888672,83.78250670870939,82.58724126262575,83.327170187,5312780
2433,2017-08-24,83.8394546508789,84.31376689350033,83.11849592480057,83.28925039079117,5492256
2434,2017-08-28,82.37855529785156,83.82046216592937,82.20780086630353,83.82046216592937,9753985
2435,2017-08-29,81.6955337524414,82.92874519916705,81.12635923856803,82.45443310427258,12235532
2436,2017-08-30,81.80938720703125,82.51137026948906,81.29712901839358,82.28369939158158,9313551
2437,2017-08-31,83.19438171386719,83.47896903813424,81.600690639325,82.056032416799,8143692
2438,2017-09-01,82.15087890625,82.98567028731449,81.8852620631979,82.98567028731449,8803556
2439,2017-09-04,82.56829071044922,83.19438179512487,80.74692874539106,82.18884094438921,6239751
2440,2017-09-05,82.03704833984375,82.56827689411271,81.92321034110441,82.53033089453294,3937595
2441,2017-09-06,81.31610107421875,81.98013814587623,80.82281845106273,81.58171796152841,4800221
2442,2017-09-07,81.92320251464844,82.0180649312273,81.03149476948398,81.77142367744534,5008597
2443,2017-09-08,80.86076354980469,82.20780810713998,80.59514666547145,82.03705880716858,8588797
2444,2017-09-11,83.11599731445312,83.27020030459624,81.2077202785881,81.34264985576904,6205180
2445,2017-09-12,83.00032806396484,83.38583809294873,82.61481803498094,83.11598420994865,4307268
2446,2017-09-13,82.40279388427734,83.30874354513826,82.11366134754394,83.00033236866716,3679773
2447,2017-09-14,82.47991180419922,83.27020544548296,81.9787455192743,82.22932604732898,6793237
2448,2017-09-15,81.9209213256836,82.28715803080938,80.22467784530153,81.9980202123099,9054445
2449,2017-09-18,83.01961517333984,83.79063530997618,81.92091043287009,81.92091043287009,10470233
2450,2017-09-19,83.21235656738281,83.42438497867626,82.03654791446124,83.42438497867626,5530915
2451,2017-09-20,82.07510375976562,83.34728997285457,81.92090079634058,83.23163382867503,5687495
2452,2017-09-21,81.5546646118164,82.07510419132504,81.0920557191088,82.07510419132504,5113744
2453,2017-09-22,80.78366088867188,81.47758221120037,80.22467437674061,80.97641594012723,5195124
2454,2017-09-25,81.01496124267578,82.44135059606597,80.05118606574051,80.57162570704855,13057600
2455,2017-09-26,81.24626159667969,82.30641420343608,81.01495452762448,82.30641420343608,6570371
2456,2017-09-27,80.24393463134766,82.13293278007467,79.72349503200078,81.72814932992408,7885119
2457,2017-09-28,80.5716323852539,81.30410053467257,79.02959197434497,79.41510207707219,11633088
2458,2017-09-29,81.34264373779297,81.978734292301,79.45364025696662,81.34264373779297,13782560
2459,2017-10-03,79.47293853759766,81.82455153521822,79.22235798193347,81.78599947385077,12296210
2460,2017-10-04,80.59090423583984,81.20772143400362,79.04886385483807,79.04886385483807,12075908
2461,2017-10-05,79.01029968261719,80.72582143491724,78.70189374523976,80.57161846622853,17352392
2462,2017-10-06,78.9332046508789,79.35726152818941,78.47059049350322,79.02958216459761,13466622
2463,2017-10-09,77.46826171875,78.97174985621196,76.9671007492009,78.97174985621196,21446056
2464,2017-10-10,78.9332046508789,79.41509221947244,77.48754194509833,77.50681535631617,14560236
2465,2017-10-11,78.20073699951172,79.45364476815227,77.64175051694579,79.18379084758031,11830976
2466,2017-10-12,77.98870086669922,78.72116890586776,77.68029492246444,78.2778334002248,5518551
2467,2017-10-13,79.28016662597656,79.83915832507319,77.17913463013345,78.02725888487004,11394674
2468,2017-10-16,79.3187026977539,80.41740723357803,79.08739565408347,79.68493405715263,11521216
2469,2017-10-17,78.99103546142578,79.76205562337725,78.62479879297278,79.12596503553031,4936452
2470,2017-10-18,82.32569122314453,82.59555035367578,79.41509239397011,79.49219126782562,18484486
2471,2017-10-19,81.20772552490234,82.11367534014182,80.78366335300136,82.05584986870433,559370
2472,2017-10-23,82.32569122314453,82.57627694241559,81.3426426725796,82.09438414394843,14162373
2473,2017-10-24,82.90396118164062,83.23164579403567,81.49685044127781,82.229318544457,7050716
2474,2017-10-25,83.30875396728516,84.42673220342007,82.42207760642168,83.27020191180146,16306452
2475,2017-10-26,81.7281723022461,83.17383535744035,81.24628461718135,82.65339561180721,23524154
2476,2017-10-27,81.63177490234375,82.32569090846485,81.11133528334555,81.8630819806557,9985329
2477,2017-10-30,81.88235473632812,82.6919268895315,81.67032629971484,81.70887312177929,4118717
2478,2017-10-31,81.67032623291016,84.38816999985401,81.22698549138461,81.99800559307815,16442260
2479,2017-11-01,81.09207153320312,82.26787524721605,80.4367022713765,82.055846783645,12417385
2480,2017-11-02,82.96179962158203,83.38585656434869,81.65106104963414,81.72816516403657,16259892
2481,2017-11-03,80.97640991210938,85.00499227915799,80.80293351600268,85.00499227915799,26293141
2482,2017-11-06,81.22698974609375,82.22931697656068,80.76438079813477,81.24626838693473,7985183
2483,2017-11-07,80.05119323730469,81.80526212494306,79.60785766196025,81.57396024480887,9702210
2484,2017-11-08,80.24393463134766,80.93785061126711,79.85842459165583,80.1861091711568,12777065
2485,2017-11-09,80.18612670898438,80.880042840673,79.02959633695954,80.880042840673,9492091
2486,2017-11-10,81.4775619506836,81.72814240950218,79.60783737073638,79.80059237426053,8999608
2487,2017-11-13,81.34264373779297,82.24859342636616,80.68727454295752,81.68960174672328,7885278
2488,2017-11-14,79.78133392333984,81.36192639793117,79.45364928867333,81.34265298422774,4927717
2489,2017-11-15,79.80061340332031,80.012641871545,78.79828607509852,79.68495723343963,8653007
2490,2017-11-16,80.30177307128906,80.51380676468082,79.08741729573772,79.8391640861728,18027175
2491,2017-11-17,80.41742706298828,80.93786150355857,80.08974243938884,80.68728098979967,9193722
2492,2017-11-20,80.49455261230469,81.07281794124552,79.28019646729234,81.07281794124552,8277194
2493,2017-11-21,79.64641571044922,80.55236034303616,79.33800446570793,80.55236034303616,15596732
2494,2017-11-22,79.81986999511719,80.24393207101059,79.06812335017824,80.24393207101059,8665005
2495,2017-11-23,80.59090423583984,80.88003680727768,79.62712899771374,80.1475686720649,6824919
2496,2017-11-24,81.41976165771484,81.67034743888243,80.18613231197811,80.37888738745099,7734712
2497,2017-11-27,81.01496124267578,81.67033045451777,80.18611563627445,81.65105181369007,14811199
2498,2017-11-28,80.32102966308594,80.95712011100403,79.49217898826878,80.95712011100403,21546865
2499,2017-11-29,80.47525024414062,80.86076032475802,80.01263605587371,80.41742477781105,7324543
2500,2017-11-30,79.43437194824219,80.37887374932926,79.08741391702362,80.37887374932926,19256592
2501,2017-12-01,78.23929595947266,79.93554465594518,77.95016337195787,79.80061506934183,8172074
2502,2017-12-04,78.16218566894531,78.6247946041813,77.44899101137312,78.45131821427337,7124561
2503,2017-12-05,77.21768951416016,78.04653515828436,75.88767761793129,77.87305875582965,17485101
2504,2017-12-06,77.19841003417969,77.42971188594109,76.58159289558141,76.98637636497867,5557173
2505,2017-12-07,77.98870086669922,78.2585599895156,76.88999619353908,77.19840736658848,11119755
2506,2017-12-08,78.29711151123047,78.56697065024693,77.06348243142011,78.25856468749807,14615599
2507,2017-12-11,78.75971984863281,79.18378193760371,78.10435069033103,78.56696482899282,8231500
2508,2017-12-12,78.22002410888672,78.83684135367903,77.83451398449348,78.83684135367903,8310332
2509,2017-12-13,77.29480743408203,78.04654910333446,77.0442216488484,77.48756251268257,12105970
2510,2017-12-14,77.14058685302734,77.7188519963618,76.52377488318949,77.60320105922104,12838407
2511,2017-12-15,76.65869140625,77.93087772897684,76.13825701344084,77.64174518683186,22654959
2512,2017-12-18,77.06348419189453,77.14058306993556,74.5576686936675,76.6972475275507,16832008
2513,2017-12-19,78.10436248779297,78.25857070984935,76.79362920202107,77.37189434828649,20133065
2514,2017-12-20,78.23929595947266,78.39349896038408,77.08276560941353,78.29712143121249,14097971
2515,2017-12-21,78.29711151123047,78.95248071809047,77.91160144338693,78.95248071809047,7881749
2516,2017-12-22,78.27783203125,78.48986046060148,77.81521789417373,78.25855862087788,7399925
2517,2017-12-26,78.04654693603516,78.64409080039314,77.56465925291549,78.22002859348464,7946762
2518,2017-12-27,77.56464385986328,78.83683022811769,77.41044087763046,78.06581008813865,7831439
2519,2017-12-28,76.77435302734375,77.89233122415041,76.52377251873772,77.66102412820055,15796200
2520,2017-12-29,77.2369613647461,77.75740101921352,76.89000333803952,76.92855539185472,8561565
2521,2018-01-01,77.17914581298828,77.77668965184755,76.73581020919966,76.73581020919966,6388017
2522,2018-01-02,77.39117431640625,77.79595783420113,76.8321825739129,77.5839293684639,4383705
2523,2018-01-03,77.73812866210938,78.04653463918775,77.3333399347769,77.68030319500907,8187397
2524,2018-01-04,77.2369613647461,78.20073656605054,77.10203701961557,77.87305718065912,4204055
2525,2018-01-05,77.58391571044922,77.89232164792293,77.3333300038355,77.60318912073588,4923559
2526,2018-01-08,77.3140640258789,78.35494331533955,77.12130898922435,77.87305572370315,11797863
2527,2018-01-09,77.487548828125,77.64175181800944,77.21768967421579,77.52609565398468,7380366
2528,2018-01-10,77.04420471191406,77.83450349773145,76.5237702971547,77.83450349773145,8710385
2529,2018-01-11,76.27317810058594,77.21767978954684,76.06114967023859,76.75506565029771,12305664
2530,2018-01-12,75.6949234008789,76.44667017284253,75.44434288649612,76.36956606281001,9411915
2531,2018-01-15,76.83216857910156,77.19840520282806,75.23230298419821,76.25390352825833,9962401
2532,2018-01-16,75.63709259033203,76.83217483853294,74.92389792375933,76.75507073394645,13205546
2533,2018-01-17,76.09971618652344,76.6008772419685,74.78898284790012,75.56000307400978,13012437
2534,2018-01-18,75.94551086425781,77.02493705627069,75.46362323767788,76.5623228432278,24603506
2535,2018-01-19,75.59854125976562,76.3310145738852,74.90462522712228,75.94550450490225,8082214
2536,2018-01-22,75.2901382446289,75.92622883759847,75.17448731093086,75.61782286186025,9833311
2537,2018-01-23,75.50215911865234,75.69491414133921,74.80824312850548,75.29013068522265,16134097
2538,2018-01-24,75.54071044921875,75.92622049091943,75.23230450738403,75.29012996787623,11061376
2539,2018-01-25,74.90462493896484,75.88767351956362,74.46128940710294,75.82984805520162,13143678
2540,2018-01-29,74.84679412841797,75.55998874811344,74.78896866818634,74.98172368816812,11002896
2541,2018-01-30,75.15519714355469,75.61781126503018,73.51677953748268,74.71186166061572,22826262
2542,2018-01-31,74.71188354492188,75.2901487517422,74.01796738826386,75.15521915772094,14372442
2543,2018-02-01,75.11666107177734,75.23231724115219,72.86142590034594,74.98173671739657,17028230
2544,2018-02-02,74.36490631103516,74.98172341852157,73.63243305468686,74.98172341852157,22083930
2545,2018-02-05,75.75276184082031,75.92623826290233,73.2469407544161,73.2469407544161,21997294
2546,2018-02-06,75.15519714355469,75.4057776140146,73.24692042848625,73.24692042848625,13495253
2547,2018-02-07,75.36724853515625,75.88768300830253,74.55767624641729,75.48289947834084,14316750
2548,2018-02-08,75.4258041381836,75.99189005488253,75.09396085236608,75.73812941108365,33536651
2549,2018-02-09,75.4258041381836,75.85524807893715,74.56691625667645,74.95732417159513,15183068
2550,2018-02-12,77.49493408203125,77.70965338509887,75.4648385277554,75.81619979421785,11747845
2551,2018-02-14,76.30420684814453,77.47541465849837,75.62100229210479,77.47541465849837,13853923
2552,2018-02-15,77.26068878173828,77.4168487508189,76.01139843874584,76.51892495722504,8833619
2553,2018-02-16,76.3432388305664,77.39732784903696,76.03091890407252,77.3387632295425,6252218
2554,2018-02-19,75.79669952392578,76.88982489659136,75.58197487542617,76.36278022595164,4332550
2555,2018-02-20,76.12853240966797,76.6555717128059,75.64052913255918,76.08949108846437,8479558
2556,2018-02-21,75.71858978271484,76.47987684519919,75.46482919361117,76.36275290741598,9258406
2557,2018-02-22,74.27409362792969,75.93330959540354,73.88369111680007,75.46482446397881,25535938
2558,2018-02-23,75.4453125,75.67954978930287,74.3131408908937,74.41074152649435,11567495
2559,2018-02-26,76.57747650146484,76.98739704053956,75.34770958906746,76.12851465029414,8362326
2560,2018-02-27,77.2021255493164,77.39732682458474,76.34323782006639,77.00692427404809,17333449
2561,2018-02-28,77.1826171875,77.37781850055995,76.284693265494,76.83125588302698,5795018
2562,2018-03-01,77.06547546386719,77.49491928316738,76.34322976256772,76.94835153396372,8106682
2563,2018-03-05,76.8897933959961,76.92883470656277,75.83570978173407,76.83123407773259,6992551
2564,2018-03-06,75.40628051757812,77.10453284620775,74.99635462022668,76.94836757378394,9525018
2565,2018-03-07,75.48434448242188,75.73811035755499,74.6644981281738,75.25010720564221,9481007
2566,2018-03-08,76.28467559814453,76.47987686599633,75.11346799103369,75.67954849069996,10429826
2567,2018-03-09,75.30867004394531,76.38227702832214,74.87922619115993,76.3237177063908,9887071
2568,2018-03-12,76.12853240966797,76.38229305472964,75.34772716629391,75.54292847713742,14242997
2569,2018-03-13,76.14804077148438,76.90932790535636,75.44531825958235,76.08948144468816,10581316
2570,2018-03-14,75.8747329711914,76.59697856148019,75.54289512540142,75.99185688309268,8577503
2571,2018-03-15,76.05044555664062,76.42133014477864,75.66004295656869,75.71860228754466,6132848
2572,2018-03-16,75.05492401123047,76.96789576816236,74.70355742113789,75.89428857552795,10373796
2573,2018-03-19,75.8161849975586,76.16754619544767,75.15250391158432,75.5038651094734,13496140
2574,2018-03-20,76.08946990966797,76.55794974819072,75.26962357328694,75.77714472214649,9661410
2575,2018-03-21,75.8161849975586,76.32371143466317,75.58194243390825,76.32371143466317,9675146
2576,2018-03-22,75.2305908203125,76.0113959351721,75.05491284657323,75.8161946564572,11371840
2577,2018-03-23,75.83572387695312,76.22612646483604,74.56691017115965,74.56691017115965,9062739
2578,2018-03-26,76.08946990966797,76.32371247651584,75.83570933523819,75.89426865315691,15451169
2579,2018-03-27,76.49940490722656,76.65556488295296,76.16756164932426,76.16756164932426,7563470
2580,2018-03-28,75.4453125,76.44083686505734,75.07442796664816,76.3237182204059,14095921
2581,2018-04-02,76.08946990966797,76.20658854550541,75.30866488362373,75.30866488362373,6821616
2582,2018-04-03,77.51445770263672,77.88534230223759,75.95284725408453,76.05044790711904,6269850
2583,2018-04-04,76.53844451904297,78.04149550415377,75.99188196859555,77.67061093679274,9689298
2584,2018-04-05,76.61652374267578,77.47540619938745,76.51892310246943,77.26068690900294,8673501
2585,2018-04-06,76.49940490722656,77.26069206975693,76.42132756695035,77.10453209403053,7948746
2586,2018-04-09,76.46035766601562,76.71412356398214,76.20659706322267,76.51892228565318,4610445
2587,2018-04-10,76.8897933959961,77.55347979011046,76.63603282007226,76.85075208542942,7562115
2588,2018-04-11,76.90933990478516,77.37781988742103,76.44085462697468,77.29974253790235,5790314
2589,2018-04-12,76.65555572509766,77.26068283960853,76.55795509003202,76.98739894335544,3537785
2590,2018-04-13,77.10453033447266,77.29973162346957,76.6750864396447,76.71412775647886,3438013
2591,2018-04-16,77.7682113647461,78.43189786390982,76.83124623870671,77.00692951647765,9628436
2592,2018-04-17,79.99349975585938,80.87190546194503,78.93941079048727,79.32981332652534,23457958
2593,2018-04-18,80.03253936767578,80.34485927179962,79.77877348850534,80.07157538431137,8814122
2594,2018-04-19,81.24281311035156,81.55513310999666,80.01304053570887,80.22776516874282,10627620
2595,2018-04-20,80.89143371582031,81.82840415712043,80.50103113033659,81.51607891162907,5446620
2596,2018-04-23,80.73527526855469,81.1647191797487,80.11063006092469,81.1647191797487,4139986
2597,2018-04-24,80.5986328125,81.28183734587655,79.95446959720834,81.28183734587655,3594644
2598,2018-04-25,80.95000457763672,81.98457044985551,79.60311343585938,80.57911997477792,5924775
2599,2018-04-26,80.81336212158203,81.4770433869871,80.50103685388464,81.02808144079484,7950190
2600,2018-04-27,81.16471099853516,81.477030923282,80.8523910737883,81.00855103616173,7371596
2601,2018-04-30,81.14517974853516,81.5941415527921,80.83285457957663,81.02805582448596,5644871
2602,2018-05-02,80.09111022949219,81.63320255436622,79.91542694862211,80.81335606892907,7210903
2603,2018-05-03,80.5986328125,81.02807672108578,79.34934770000157,80.03255223337813,3782713
2604,2018-05-04,80.9695053100586,81.12566526392347,79.83733902557172,80.81334535619372,22466426
2605,2018-05-07,81.71126556396484,81.9845494429081,80.81334189630502,80.81334189630502,6003886
2606,2018-05-08,83.05817413330078,83.546177382141,81.53560505595415,81.78936568631623,19748071
2607,2018-05-09,82.70680236816406,83.429048143921,82.43351846538896,82.7653616915663,13934330
2608,2018-05-10,81.20376586914062,82.68729370210973,79.91543405034434,82.45305107185818,13973187
2609,2018-05-11,80.7547836303711,81.5941479906736,80.4034171256729,81.51606536847999,10688957
2610,2018-05-14,81.61367797851562,81.90647991196177,80.42295223390417,80.42295223390417,13962128
2611,2018-05-15,83.48760986328125,84.32697430993106,81.45751442913759,81.59415638444653,56040833
2612,2018-05-16,83.33145904541016,83.93658096298019,82.98009246599612,83.70233834176223,18183776
2613,2018-05-17,83.33145904541016,84.32698356661872,82.88249181508648,82.96057445388388,17900935
2614,2018-05-18,83.13623046875,83.93655877172164,82.80439257952835,83.42903763924035,18414996
2615,2018-05-21,83.0191421508789,83.72187008534367,82.60922149382218,83.72187008534367,16669979
2616,2018-05-22,82.27737426757812,83.54618279679454,81.78937098711027,83.44858214070098,9411261
2617,2018-05-23,82.49208068847656,82.94104257723988,81.86743552815759,82.37496203755522,18219990
2618,2018-05-24,82.66777038574219,82.92153101257882,82.53112841893045,82.92153101257882,17260447
2619,2018-05-25,82.7848892211914,83.17529181566707,82.08216666920484,82.08216666920484,30090956
2620,2018-05-28,80.7938232421875,82.96056050517802,80.54006265152374,82.86295987067864,17488299
2621,2018-05-29,80.81336212158203,81.8674460002281,80.32535885503079,81.30136538813326,15749359
2622,2018-05-30,81.78936004638672,82.74584317105307,80.81335361600853,80.81335361600853,36016623
2623,2018-05-31,81.76983642578125,83.03864478038673,78.70517518716093,81.94551970064228,274352477
2624,2018-06-01,80.40342712402344,81.16471425197321,78.21717167764018,80.77431168280383,17096388
2625,2018-06-04,78.74421691894531,80.79383042566623,78.31477302993093,80.79383042566623,14456405
2626,2018-06-05,77.63157653808594,78.52950572507292,76.16756673936463,78.39286375149074,13788817
2627,2018-06-06,78.50997161865234,79.34934135727411,77.1045266413315,77.1045266413315,8130515
2628,2018-06-07,79.15414428710938,79.6226242060726,77.39733267685605,78.64661775593187,7683528
2629,2018-06-08,77.26068878173828,78.54901514562056,76.81172688494135,78.43189649260354,12429285
2630,2018-06-11,76.40179443359375,77.78772661594309,75.93331456667113,77.53396073095671,19668041
2631,2018-06-12,76.14804077148438,76.69460331353858,75.50387758637856,76.69460331353858,13416832
2632,2018-06-13,77.35829162597656,77.82677154655165,76.16756057560367,76.63604579135266,10866676
2633,2018-06-14,77.63157653808594,77.82677784458211,76.75317065885315,77.37781589867578,7205187
2634,2018-06-15,77.24115753173828,77.69012467753194,76.61651771966105,77.63156006187315,9527937
2635,2018-06-18,77.55349731445312,77.88534058649513,76.61653212499716,77.24117205451834,4303444
2636,2018-06-19,77.5730209350586,77.96342356682239,76.83125699374231,77.12405896756515,8099053
2637,2018-06-20,77.74868774414062,77.96340702799122,76.83124069508419,77.5730044790458,8160216
2638,2018-06-21,76.30420684814453,77.5534972972583,75.66004361148477,77.33877268825557,10942576
2639,2018-06-22,77.1826171875,77.45590114385374,75.77716667443342,76.59701324832012,7677797
2640,2018-06-25,75.8161849975586,77.41683633813427,74.76209610871847,77.18259377448392,8701812
2641,2018-06-26,74.46930694580078,76.01139923261528,73.7861024406606,75.69907929119215,9869227
2642,2018-06-27,73.08338165283203,75.15251852299716,72.49777777743748,74.9377939249148,13094540
2643,2018-06-28,72.14642333984375,73.68851051390253,71.5022547798005,73.55187383285038,22542641
2644,2018-06-29,72.94673919677734,74.31314823013444,71.87313209913962,72.3220940082079,8435793
2645,2018-07-02,72.2440185546875,73.14194239625982,71.63889136130264,73.00530043032299,13100144
2646,2018-07-03,72.048828125,72.40018945098879,70.74097818837662,71.8536267999868,9990760
2647,2018-07-04,71.44368743896484,73.88370354393217,71.11184418965452,72.32209323675308,10626271
2648,2018-07-05,70.9166488647461,71.73649540399202,70.48721023029876,71.50225277918257,7739370
2649,2018-07-06,70.9752197265625,71.40465839873033,70.60433509677237,70.9166550938353,7229617
2650,2018-07-09,72.0292739868164,72.22447522828334,71.05326777948173,71.13135039413753,10238815
2651,2018-07-10,71.8536148071289,72.36113604938453,71.59984889082715,72.2244940856468,7258266
2652,2018-07-11,71.40464782714844,72.12689367049828,71.20944653409032,71.75601439079223,3825437
2653,2018-07-12,71.28753662109375,71.67793924801892,70.89713399416858,71.52177925628376,11523981
2654,2018-07-13,70.9556655883789,71.58031060628316,70.76046435123212,71.13134881988,4793733
2655,2018-07-16,70.79953002929688,71.24849197024797,70.50672807278431,70.68241136476156,12191173
2656,2018-07-17,70.83856201171875,71.15088193942779,70.27247618567584,70.54576009380143,4698206
2657,2018-07-18,69.68687438964844,71.75601118060071,69.51119641085991,71.28752598015053,5845129
2658,2018-07-19,69.2769546508789,70.58480433075567,69.14031269115915,69.92111783793051,5980121
2659,2018-07-20,68.63280487060547,69.47216950831196,67.9691182481353,69.29648619790079,5273662
2660,2018-07-23,69.12078857421875,69.49166780906627,68.57422078362524,68.69134472239813,6336970
2661,2018-07-24,69.39407348632812,69.6673574064824,68.80846962471794,69.5697567628807,6260188
2662,2018-07-25,68.5742416381836,69.88209160025971,68.20336229054554,69.74544961105624,7757736
2663,2018-07-26,70.99471282958984,71.75599983617053,68.00813471061765,68.80845773175292,33869484
2664,2018-07-27,70.23344421386719,72.14642123487687,69.56976295540453,71.54129401357865,19690254
2665,2018-07-30,71.52175903320312,71.73647829922938,70.29199216514554,70.62383006806375,10288607
2666,2018-07-31,71.17041015625,72.45873656593115,70.99472687530532,71.69744940873615,11713824
2667,2018-08-01,72.10737609863281,72.51729669848305,70.33104114387581,71.44368958012159,10299992
2668,2018-08-02,73.66897583007812,74.2740976369217,72.12688370981152,72.6734514910327,12305598
2669,2018-08-03,74.25457763671875,74.54737952801659,73.78609249257299,74.0984176870612,7491196
2670,2018-08-06,73.9617919921875,74.89875719112376,73.64947202426683,74.89875719112376,4944677
2671,2018-08-07,73.82514953613281,74.4302767508732,73.25906893609411,74.11795148982758,3270258
2672,2018-08-08,73.98130798339844,74.44979321765516,73.33714475767603,73.82514800370423,6225545
2673,2018-08-09,75.19156646728516,75.34773176162378,73.33715390117432,73.98131720720944,6328977
2674,2018-08-10,74.39122772216797,75.67955406684577,73.82514188561865,75.62099474121017,4909902
2675,2018-08-13,73.39569854736328,74.17650368206372,73.06386060125456,73.62994114680815,2537940
2676,2018-08-14,73.35665130615234,73.78608982841182,72.82960686181138,73.22000936944575,2304692
2677,2018-08-16,73.2785873413086,74.17651121938566,73.04434471806155,73.1614686772722,3661689
2678,2018-08-17,73.04432678222656,73.7860904943923,72.51728233312859,73.59088923881326,4022502
2679,2018-08-20,73.25906372070312,73.72754363615864,72.45873526047578,73.20049909799407,2487784
2680,2018-08-21,73.22003936767578,73.51284136836244,72.55635271471597,73.25908069346902,3655095
2681,2018-08-23,74.25457763671875,74.56689753603388,73.2200120131677,73.2200120131677,9442607
2682,2018-08-24,74.5473861694336,75.97235444166533,74.00082364935241,74.37170290093405,8393334
2683,2018-08-27,77.22164916992188,77.41685045937409,74.52787243451608,74.6254730792422,14042229
2684,2018-08-28,76.96790313720703,78.25622977364527,76.42134048220822,77.14358115389868,8224129
2685,2018-08-29,75.36724090576172,77.70965650306195,74.99635631811952,76.90933329205403,6955827
2686,2018-08-30,76.8897933959961,77.37779654014695,75.1134640693562,75.44530726641338,22347117
2687,2018-08-31,78.66613006591797,78.95893196003172,76.06994903530428,76.06994903530428,11854651
2688,2018-09-03,75.9333267211914,80.03255401258059,75.73812542160145,79.19318418820444,8999761
2689,2018-09-04,75.9137954711914,76.69460058785482,74.82067042593205,75.93331877621215,5387824
2690,2018-09-05,76.38228607177734,76.90933062190673,75.25011963142376,75.79668219278335,7334087
2691,2018-09-06,77.80724334716797,78.76373166442005,76.32371585017819,76.51891711531755,16457730
2692,2018-09-07,76.40179443359375,78.431889742445,75.28914614499591,78.431889742445,4580610
2693,2018-09-10,76.42160034179688,77.23354574308233,75.31260829618067,76.50081636164136,6293799
2694,2018-09-11,74.02538299560547,77.1741311502655,73.7481322977959,76.4612084588044,9560546
2695,2018-09-12,76.75827026367188,77.33257305149677,74.10460309322153,74.10460309322153,13582243
2696,2018-09-14,79.27330780029297,79.98623054428847,76.79787414470465,77.3325688887187,22816500
2697,2018-09-17,79.96641540527344,80.61992870301152,78.18410348124199,78.18410348124199,15162744
2698,2018-09-18,78.77822875976562,80.7585758775643,78.48117669209581,79.80801033542801,4937349
2699,2018-09-19,78.54059600830078,79.21391626269892,77.70884903876075,78.81784678882615,6025625
2700,2018-09-21,79.37232208251953,79.96642613692663,77.27315120039368,78.81782603947984,11174973
2701,2018-09-24,78.2633285522461,79.35251937332286,77.05531906313855,79.21389938463193,3992299
2702,2018-09-25,76.2829818725586,78.65939821779371,75.90671917445066,78.02569149002562,10770907
2703,2018-09-26,76.38200378417969,76.83748790852667,74.54028208098471,76.61964650730958,7286693
2704,2018-09-27,77.05532836914062,77.59002318392423,76.10476279398952,76.44142289011516,8101331
2705,2018-09-28,74.6194839477539,78.40194398975724,74.20360791821318,77.03550799221142,10284429
2706,2018-10-01,76.20377349853516,76.79787760262666,73.62932238080536,74.57988787294474,4684738
2707,2018-10-03,74.83733367919922,76.16416728410553,74.59969095753858,75.4512391191236,10349581
2708,2018-10-04,74.9561538696289,75.62947403260942,73.09463081839009,74.46106709450656,11239097
2709,2018-10-05,74.18382263183594,75.86711768785922,73.80755452932246,74.85713743102403,7035573
2710,2018-10-08,73.9263687133789,74.87693413197573,72.28267652159882,73.86695400993842,4680183
2711,2018-10-09,73.88676452636719,75.0353646904615,73.39167778563386,74.08479922266052,5552286
2712,2018-10-10,74.12439727783203,74.83731993989403,73.74812925661173,73.74812925661173,3526073
2713,2018-10-11,73.55010223388672,74.65909435062537,72.89658883037878,73.64911957902534,10016561
2714,2018-10-12,74.63928985595703,75.15417787996546,73.708525776833,73.76793510698249,6856067
2715,2018-10-15,74.50067901611328,75.25320987933847,73.70854013439505,74.63930439482108,6926558
2716,2018-10-16,74.14421844482422,74.7779306318801,73.31247153506561,74.4412705288783,6530627
2717,2018-10-17,74.89673614501953,75.2928055207705,74.46105875728652,74.4808654492949,4151254
2718,2018-10-19,74.91654968261719,75.82750718127036,74.08480284313134,74.85713497319767,9497796
2719,2018-10-22,74.91654968261719,75.64927379708224,74.56008291424097,75.01556703560276,4377225
2720,2018-10-23,75.62947845458984,76.30279865693872,73.5897218962303,74.46107144817138,4599675
2721,2018-10-24,75.41162872314453,76.14435813459144,75.01555935177156,75.84730073402706,4510189
2722,2018-10-25,75.7680892944336,76.10474933100383,73.94616913067225,75.13437723242514,7455415
2723,2018-10-26,74.6194839477539,75.64925993244321,74.38184126973553,75.39181593627089,6390862
2724,2018-10-29,75.0749740600586,75.45123676659064,74.22342592502443,75.01556472450459,8374975
2725,2018-10-30,73.72834014892578,75.07497505141725,73.51049875297115,74.8571336554626,5105532
2726,2018-10-31,73.64912414550781,73.96597752078341,70.81722897336357,73.31246407675553,9622136
2727,2018-11-01,74.63928985595703,74.97594988951695,73.49068977560664,73.708525776833,5603131
2728,2018-11-02,75.19377899169922,76.16415099256929,74.73830033963056,74.87692567861686,6034462
2729,2018-11-05,73.68873596191406,75.05517225682195,73.27285984187093,74.87694423854809,4872816
2730,2018-11-06,74.50067901611328,74.85714043847936,73.2728626750429,74.10460957525416,7337064
2731,2018-11-07,74.87693786621094,75.25320056523563,74.50066979515131,75.25320056523563,223308
2732,2018-11-09,75.92652893066406,76.1245636481021,74.77792864393055,74.85713930768446,9231137
2733,2018-11-12,73.64912414550781,76.4018086598507,72.97580400800325,75.84730719506572,3906667
2734,2018-11-13,72.8965835571289,74.46105427392635,72.42129818603117,74.06498492202304,7750412
2735,2018-11-14,73.64912414550781,74.06499487206143,72.91639467164346,72.99561070147992,9918943
2736,2018-11-15,74.10460662841797,74.65910274916357,73.49070116831308,73.66892918639093,8814911
2737,2018-11-16,74.50067901611328,75.25320987933847,73.74814815288808,74.06500155676113,5537047
2738,2018-11-19,75.1343765258789,75.45122986788623,74.32243647946358,74.54027248058928,5155461
2739,2018-11-20,74.6194839477539,75.68886794078531,74.26301724470922,75.68886794078531,2673334
2740,2018-11-21,72.12425994873047,74.40165915718597,71.80740655549864,74.26303378313378,6426666
2741,2018-11-22,71.21328735351562,72.75795671990603,70.42114866592728,72.75795671990603,6231287
2742,2018-11-26,72.26288604736328,72.42131274556773,70.83703501945224,71.31232048610109,5022526
2743,2018-11-27,72.302490234375,73.25305574527673,71.41133406064803,72.06484751364077,6727512
2744,2018-11-28,72.99559020996094,73.27283549248926,71.88659296374679,72.04501960691063,9281286
2745,2018-11-29,71.49053192138672,74.65908663851842,71.0152519370375,73.25304263160491,16395530
2746,2018-11-30,71.35192108154297,72.69856140767786,70.61919695189556,71.68858116307669,10573839
2747,2018-12-03,72.79757690429688,74.659099908254,71.7281873483804,71.7281873483804,11107638
2748,2018-12-04,74.16402435302734,74.54029249823733,72.14406898218068,72.6391558195433,6304336
2749,2018-12-05,72.67874145507812,74.34223486505641,72.2826721071818,73.31245348611911,5774768
2750,2018-12-06,72.67874145507812,73.43127751370861,72.36188812557481,72.67874145507812,8600328
2751,2018-12-07,72.34210205078125,74.0650052795246,71.54996312924739,72.79758622829193,8378029
2752,2018-12-10,71.0152587890625,72.243069562791,69.96567064011398,71.4905388192699,6431248
2753,2018-12-11,71.41133880615234,71.8074082430177,70.16371578239803,70.42116521398896,6514193
2754,2018-12-12,72.302490234375,72.79757699755665,71.56976075045912,71.64897140934707,7396629
2755,2018-12-13,72.302490234375,72.48071824589928,71.7281874402702,72.22327420345187,4251108
2756,2018-12-14,73.55010223388672,73.76793824437777,71.49053930618946,71.88660868674395,9276710
2757,2018-12-17,76.26318359375,77.8474612204324,75.13438471033177,75.2532033835189,23727234
2758,2018-12-18,77.76824188232422,78.02569128333732,75.60966693100798,76.40180571065466,15507368
2759,2018-12-19,78.81784057617188,79.01587529749858,77.25336412887664,77.25336412887664,11434466
2760,2018-12-20,78.4019546508789,78.79802404408912,77.19394515040176,78.04549327139672,7938383
2761,2018-12-21,77.98607635498047,78.85742571210896,77.49098966160027,78.42175371956193,8722621
2762,2018-12-24,76.81767272949219,78.34254088143771,76.52062070140025,78.02568753362017,8563441
2763,2018-12-26,77.35237121582031,77.74844060586892,75.78789497631432,76.6790511039237,4766041
2764,2018-12-27,77.84745788574219,79.01586473418438,76.63944839595747,77.25335380118545,46486470
2765,2018-12-28,78.0455093383789,78.56039750673659,77.47120645118021,78.22374275082983,5142112
2766,2018-12-31,78.67920684814453,79.21390161339703,77.62962401089189,77.90686936810926,6317785
2767,2019-01-01,79.21391296386719,79.4119476925565,77.6692377824619,78.2039326243302,3961625
2768,2019-01-02,77.33258056640625,79.21391042874558,76.83749376052748,78.85744363088433,7876559
2769,2019-01-03,76.4612045288086,77.23354188155646,76.04533387550384,77.19393387361454,7942863
2770,2019-01-04,77.59001159667969,77.92667164252873,75.80769939492744,76.56023013903811,4017540
2771,2019-01-07,78.5999755859375,78.77820893049038,77.57019426948153,77.6692116004478,3592512
2772,2019-01-08,78.164306640625,78.61979070956066,77.55040127158894,78.38214801534087,3990870
2773,2019-01-09,78.2633285522461,78.71881264777885,77.47118977328117,78.16431120487547,4087529
2774,2019-01-10,77.49099731445312,78.20392007451365,77.19394526908874,78.20392007451365,3589725
2775,2019-01-11,76.97610473632812,77.59001552680417,76.54043269590419,77.19394612857512,2995789
2776,2019-01-14,76.2433853149414,76.97610944889536,75.64927580919073,76.85729077096643,5370460
2777,2019-01-15,76.22355651855469,78.81781370675984,75.41161658672408,78.81781370675984,11498868
2778,2019-01-16,76.04533386230469,76.89688185875443,75.88690183056451,76.24336852994576,8515441
2779,2019-01-17,76.79786682128906,77.05531082251352,76.04533613615823,76.04533613615823,5325531
2780,2019-01-18,76.67904663085938,77.90686274279254,76.24337462484871,76.83747867526463,4366941
2781,2019-01-21,75.74828338623047,77.11472486619171,75.51064606104995,76.81767283768141,4067143
2782,2019-01-22,75.1343765258789,75.74828189053103,74.65909114083338,75.64926454964943,3577455
2783,2019-01-23,73.78775787353516,75.84731579029157,73.55011512913057,75.07498358602132,6173490
2784,2019-01-24,73.96598052978516,74.89674474406985,73.49070044753694,73.94617920753807,6157088
2785,2019-01-25,73.6095199584961,74.89674559204974,73.37187722866373,74.30264145348652,3868441
2786,2019-01-28,74.38184356689453,74.69869689934838,72.08463810448374,73.66891551082178,7440853
2787,2019-01-29,73.510498046875,74.38185287825367,72.73816056578777,73.98578347708792,17469350
2788,2019-01-30,74.10460662841797,74.42146539172644,72.63914760670029,73.31246777819985,12711500
2789,2019-01-31,74.69869995117188,75.84730004328625,73.98577723800697,74.65909193998836,25774313
2790,2019-02-01,75.3324203491211,75.98593380383568,73.62932402810307,75.62947240781274,9474849
2791,2019-02-04,73.11444091796875,75.05518023502701,72.77778079606244,75.05518023502701,3678667
2792,2019-02-05,73.70852661132812,74.04518664869956,72.678745179618,72.91638787494105,5500377
2793,2019-02-06,73.98578643798828,74.75811857794906,73.17384090988352,73.7679450354081,4322649
2794,2019-02-07,73.11444091796875,74.34225734207858,72.87679816297396,74.04520524134406,4309303
2795,2019-02-08,71.68856811523438,74.44125223307553,71.49053344120362,73.11441884266264,7692145
2796,2019-02-11,72.22325897216797,72.55991897453974,70.44094700058878,71.13406832286958,7913450
2797,2019-02-12,71.78759002685547,73.8273515969818,71.47073667702878,72.48071143013169,11930402
2798,2019-02-14,69.2923583984375,70.83702795290003,68.32198623917985,70.30233319926899,36962390
2799,2019-02-15,71.88661193847656,72.16386266621983,70.34194235884914,70.65879572881141,16005610
2800,2019-02-18,71.58955383300781,72.67874458665366,71.11427381827401,71.86680453729514,7973918
2801,2019-02-19,71.07466888427734,72.48071304194836,70.85682750089681,71.39152224115017,10824411
2802,2019-02-20,72.00543212890625,72.3222854819167,70.738007972795,71.58955605954097,9658184
2803,2019-02-21,72.00543212890625,72.48071215842192,71.62916407167596,72.36189349405169,9197823
2804,2019-02-22,72.04503631591797,72.32228703478114,71.49054025022649,71.96582566198197,12182132
2805,2019-02-25,72.06485748291016,72.28269354003089,70.69841567868464,71.68858934202605,29907322
2806,2019-02-26,71.76779174804688,72.36189583317211,70.83702760694369,71.09447163609099,13683801
2807,2019-02-27,71.8667984008789,72.99559706904431,71.2330863966427,71.80738907561422,13566494
2808,2019-02-28,72.42130279541016,73.17383353751569,71.53014669690853,72.44110411545185,69863939
2809,2019-03-01,72.5599365234375,72.77777255716803,72.12425908394108,72.52032850674958,7227772
2810,2019-03-05,72.480712890625,73.45108502357867,72.32228621251934,72.87678227190654,15733697
2811,2019-03-06,73.07482147216797,73.82735764067151,71.96582928495505,72.52032537856151,20336766
2812,2019-03-07,74.12439727783203,75.05515592773679,73.11441723920429,74.06498257929834,12295538
2813,2019-03-08,74.06498718261719,74.63928990921949,73.37186579563111,74.46105654660924,6211299
2814,2019-03-11,76.95629119873047,77.62961121764702,74.36203382893704,74.65908583045302,17678891
2815,2019-03-12,77.76824188232422,80.00603823245402,77.09492714284549,77.09492714284549,26457157
2816,2019-03-13,77.13452911376953,78.52077186955752,76.4810103741276,78.46135716811044,6930222
2817,2019-03-14,76.59559631347656,77.47342299895101,76.45269300704709,77.1467916166676,8466765
2818,2019-03-15,78.90245056152344,79.29032463593558,76.39145035003949,76.39145035003949,14301914
2819,2019-03-18,80.4539566040039,80.76017559664996,78.90244925638974,79.26991094000209,14247336
2820,2019-03-19,81.25012969970703,81.74007677429532,79.73944709297685,80.10690878337174,16995997
2821,2019-03-20,80.59683990478516,81.59715170980589,80.22937831237319,81.35218100674001,9060589
2822,2019-03-22,81.04598236083984,82.00546410939182,80.49478706545358,80.80100605868878,8782833
2823,2019-03-25,82.47499084472656,83.08742873106422,79.6577721373224,80.51518628575785,14506515
2824,2019-03-26,82.82205200195312,83.25076193541348,81.41344788925004,82.53625091746103,8371544
2825,2019-03-27,81.74005889892578,83.5773724869209,81.04596597726014,82.88327956525524,11579885
2826,2019-03-28,80.94390869140625,81.65841966969255,80.20897979105163,81.65841966969255,17034861
2827,2019-04-01,79.84149932861328,81.53590957098066,79.65776576229077,80.92347173365656,10617688
2828,2019-04-02,81.57675170898438,81.98504365979946,80.02524451101266,80.02524451101266,17946031
2829,2019-04-03,82.04627990722656,82.69954808483584,81.7196485873287,81.82172156702349,15076661
2830,2019-04-04,81.39301300048828,82.98535593884048,81.04596929435816,82.25042715087478,10130253
2831,2019-04-05,80.14773559570312,81.94421919981683,80.0456626007215,81.94421919981683,9883976
2832,2019-04-08,80.98473358154297,81.78090517366925,79.84151822969372,80.84183581592269,13511642
2833,2019-04-09,80.98473358154297,81.39302556974835,80.45395621200177,81.2297098820291,10655872
2834,2019-04-10,81.10720825195312,81.5155001583627,80.73974664374718,80.73974664374718,8637199
2835,2019-04-11,80.00482177734375,81.4134311380333,79.88233641459408,81.31135815647069,13713296
2836,2019-04-12,80.4539566040039,80.69893290568365,79.63737262361445,80.29064091548892,11004111
2837,2019-04-15,80.86223602294922,82.00545120263867,80.47435647744011,80.76016304126931,8965316
2838,2019-04-16,80.37227630615234,81.59715197674137,80.22937857483417,81.25010830032502,4918434
2839,2019-04-18,79.33114624023438,80.78058045526609,79.00451489363438,80.5764344791876,11593259
2840,2019-04-22,79.5353012084961,80.31105489773752,78.96369351841369,79.29032490194231,7772049
2841,2019-04-23,78.80036926269531,79.43321957618487,78.41248969132167,79.12700061072591,6686014
2842,2019-04-24,78.37165832519531,79.47404880101845,77.59590473078575,78.84119295829998,7288151
2843,2019-04-25,78.20833587646484,79.94357650682991,77.86128664282913,78.47372451236974,17599280
2844,2019-04-26,77.9021224975586,79.37197459684644,77.71838890846742,77.98377756329944,8664580
2845,2019-04-30,76.10565948486328,78.59624210793658,75.6973674331403,78.26960514386897,14290974
2846,2019-05-02,77.65715026855469,77.90212655416164,76.12605540577893,76.37103169138588,8897549
2847,2019-05-03,77.92254638671875,78.7799606994061,77.65715769269556,77.94296430952959,10782838
2848,2019-05-06,77.75922393798828,78.73912355115323,77.10595568327358,77.57549033772614,5477945
2849,2019-05-07,78.20833587646484,79.12699268077576,77.77962604509831,77.77962604509831,9450289
2850,2019-05-08,77.57548522949219,79.10658554262284,77.12636852565035,78.37165672778247,10180731
2851,2019-05-09,76.71806335449219,77.59588976671793,76.08520763381752,77.53464709383017,7921214
2852,2019-05-10,75.75859069824219,76.94263623692098,75.55444472475226,76.92222385469756,5938686
2853,2019-05-13,74.57455444335938,75.96275176924472,74.32958365673495,75.71777544480524,5504435
2854,2019-05-14,74.16625213623047,75.20739998634757,73.92128138355753,74.26832512911561,11334983
2855,2019-05-15,72.880126953125,75.37070886221196,72.45142263684062,74.7786833418061,7616268
2856,2019-05-16,74.24790954589844,74.59495881431447,73.0230336840635,73.227179661036,8660893
2857,2019-05-17,74.37039184570312,74.96241736960025,73.6354685740777,74.18666379670368,10183233
2858,2019-05-20,76.77932739257812,77.12637668593192,75.14615945944446,75.9831558100497,6287120
2859,2019-05-21,75.10533142089844,77.0038880929187,75.02367080665073,76.86098478689253,7748239
2860,2019-05-22,74.34998321533203,75.6565196950477,74.22749784315235,75.08490652403829,6972640
2861,2019-05-23,75.39111328125,76.79972252223521,74.7582630644672,75.94230844241001,13966122
2862,2019-05-24,75.79942321777344,76.16688487324143,75.22781004502976,75.79942321777344,7240775
2863,2019-05-27,76.49351501464844,77.41217190768658,75.79942201815247,76.12605336499598,6424176
2864,2019-05-28,77.65715026855469,78.10627253586509,76.67725066394104,76.86097872478562,11255911
2865,2019-05-29,77.63673400878906,78.8003671539565,77.31009713168538,78.14709893756303,8310232
2866,2019-05-30,78.06544494628906,79.1678355009433,76.82015662972525,78.96368951214173,34989609
2867,2019-05-31,77.28968048095703,78.55538654197441,76.92221886009743,78.18791938330122,11849847
2868,2019-06-03,78.82077026367188,79.00450383154202,77.57547666126877,77.67754963501592,12106965
2869,2019-06-04,78.77994537353516,80.02523906140684,78.37165345052418,78.6166297118935,11447117
2870,2019-06-06,79.80069732666016,80.90308803984117,79.26991989457458,79.61696923300677,26132949
2871,2019-06-07,78.29000854492188,80.04566748849913,78.04503777225901,79.80069117802152,8783688
2872,2019-06-10,79.33114624023438,80.0048268537306,78.55539263869889,78.77995099725963,11231885
2873,2019-06-11,79.06575775146484,79.90275404008791,78.75953878667875,79.73943836643146,6589306
2874,2019-06-12,78.0450210571289,79.04533293210189,77.6979718197654,78.80036221190511,7509749
2875,2019-06-13,79.14740753173828,79.39238379476369,77.4325847661877,78.0654350360075,11041648
2876,2019-06-14,79.4536361694336,80.41312341961623,78.943271199955,79.20866541433534,34979466
2877,2019-06-17,79.22906494140625,80.20896441623299,79.04533136708285,80.18855203589192,10860754
2878,2019-06-18,80.76016235351562,81.1888666577949,79.26989794124286,79.49445628390083,17815522
2879,2019-06-19,81.7808837890625,82.27083626191873,80.84181467686994,80.88263943476375,32722391
2880,2019-06-20,82.04627990722656,82.78120868371708,81.37259934880376,81.92379454671826,11459458
2881,2019-06-21,81.61759185791016,82.4954185505001,81.06639655025123,82.14836924287673,16601442
2882,2019-06-24,81.27053833007812,81.9646369092818,80.65810036177407,81.65841792512977,9883389
2883,2019-06-25,82.31168365478516,82.5974902655144,81.25012890136706,81.25012890136706,10375296
2884,2019-06-26,85.59842681884766,86.12920412915831,82.08711500455303,82.25043067404755,31182825
2885,2019-06-27,84.80225372314453,85.7004981952179,84.21023374011718,85.37386686236238,13741562
2886,2019-06-28,84.47563171386719,85.5780222750996,83.55697475877831,84.57770470887706,12067819
2887,2019-07-01,84.536865234375,85.74132865998023,83.9652576318796,84.61852583665168,11211814
2888,2019-07-02,84.65937042236328,85.41470620070832,84.25107841771636,84.67978280746973,12203723
2889,2019-07-03,85.31263732910156,85.59844396131477,84.3939802741784,85.00641831079385,13693989
2890,2019-07-04,85.82299041748047,86.06796670560158,84.8022604984877,85.33304337905248,12324046
2891,2019-07-05,84.04691314697266,86.55791299558518,83.37323255692625,85.76174150146699,12525923
2892,2019-07-08,82.16877746582031,84.25106752793853,81.80131027888285,83.69987228534636,8948141
2893,2019-07-09,83.59779357910156,83.78152162218888,81.49508574053118,82.4545728693659,6875651
2894,2019-07-10,83.8223648071289,84.29189948427934,82.92412022124718,83.57738850754167,12675299
2895,2019-07-11,85.16972351074219,85.39428186675063,84.14898810413719,84.27147901108049,7808266
2896,2019-07-12,84.39396667480469,85.6800907747011,83.45489738511009,85.16972582642921,6349095
2897,2019-07-15,83.67945861816406,84.41438749157854,82.84246228940751,83.96526521412763,6656137
2898,2019-07-16,85.29220581054688,85.49635177695869,83.41406181199547,83.61820777840727,6627472
2899,2019-07-17,84.92475128173828,85.96589358239494,84.29189541024087,85.25138264019137,6388864
2900,2019-07-18,83.84276580810547,85.29220548681616,83.69986806241059,85.29220548681616,8419638
2901,2019-07-19,83.98567199707031,84.78184350572326,82.80162646297701,84.02650229917296,10869152
2902,2019-07-22,83.3323974609375,84.59810350330568,82.71995958925744,84.10815652864973,9061812
2903,2019-07-23,85.92505645751953,86.1496203442179,83.37323186649576,83.57737783377766,14046808
2904,2019-07-24,85.65968322753906,86.96621986846334,85.14931821746157,85.59844053389271,18181391
2905,2019-07-25,87.02743530273438,87.53780015295162,85.68007431328607,85.74131698774953,28085772
2906,2019-07-26,86.37418365478516,87.37450116705428,85.84340632448772,87.02745189517637,10950941
2907,2019-07-29,84.88391876220703,86.76206286883267,84.3327235136149,86.70082018294778,5948953
2908,2019-07-30,85.02681732177734,85.65966760371936,84.39396150202157,84.84308373653546,10050004
2909,2019-07-31,86.0679702758789,87.35409445741227,84.49604502786049,84.7206089420428,26229893
2910,2019-08-01,87.3744888305664,88.2931456064003,85.65966063388447,86.53748711211864,27069006
2911,2019-08-02,85.96588897705078,87.35408602064378,85.06765002051792,86.94578853772931,20863783
2912,2019-08-05,82.1279525756836,85.74133769546671,80.37229374423258,85.74133769546671,18063375
2913,2019-08-06,80.88265228271484,82.69955365886824,80.12731661231399,81.9033821484608,11846580
2914,2019-08-07,81.18887329101562,82.0462875074395,80.47436236696474,81.25012151475697,9432897
2915,2019-08-08,82.76080322265625,85.19014272019355,80.45395464187875,80.86224662211599,6595239
2916,2019-08-09,82.47499084472656,85.27179163323129,82.16877190155773,83.08742873106422,9175926
2917,2019-08-13,82.47499084472656,83.8631822795292,80.33145824254474,81.84213503948946,7558090
2918,2019-08-14,83.7611083984375,84.18981269914187,80.73974929919973,82.08711041953937,8024154
2919,2019-08-16,86.21087646484375,87.47658276684456,82.59749117315977,83.33241455480429,11894601
2920,2019-08-19,85.54977416992188,86.76866930840114,85.17790966121929,86.41746175967262,8100095
2921,2019-08-20,85.1365966796875,87.14054051368636,84.97132417469294,85.52912378269619,8711658
2922,2019-08-21,84.66142272949219,85.77702176896695,84.41351120914595,85.38449472807152,5649369
2923,2019-08-22,83.77307891845703,84.92999188372013,82.96736787196426,84.49615092278815,5059207
2924,2019-08-23,83.256591796875,84.5374576116991,82.92604126065731,83.4838407371396,7611285
2925,2019-08-26,83.83506774902344,84.08297930786537,82.2856275114707,83.60781315168185,7846961
2926,2019-08-27,85.34317779541016,86.5207533496406,83.8970337543962,83.8970337543962,18828020
2927,2019-08-28,85.01262664794922,87.28513854720589,84.43416459025984,85.92162804515203,15756988
2928,2019-08-29,84.62010955810547,85.44647761848734,84.1449490442193,85.01263662845369,8660979
2929,2019-08-30,82.84341430664062,85.61174374046395,80.15771831020756,84.84735222064583,15630977
2930,2019-09-03,81.41793823242188,83.62847404803938,81.00475417732206,83.21528999293956,9494810
2931,2019-09-04,81.35595703125,82.22364461751954,80.69486146056049,81.5832060067212,8565768
2932,2019-09-05,82.36824798583984,84.00032702062113,81.5418799893261,82.22363806978326,14199248
2933,2019-09-06,84.08297729492188,84.43417925702539,82.65749006883246,82.78144304320224,13782929
2934,2019-09-09,83.83506774902344,84.64077331005033,83.3805641585078,83.97968329202853,4769289
2935,2019-09-11,83.21527862548828,84.24823862213246,82.55418310680268,83.8763741441739,7723322
2936,2019-09-12,82.49219512939453,83.46317851172972,81.66582724726517,83.46317851172972,11516235
2937,2019-09-13,83.73176574707031,83.87638127973662,82.2443021045273,82.43023716140786,7223537
2938,2019-09-16,83.5251693725586,84.28956091605801,82.988026794131,83.05000887930227,6031015
2939,2019-09-17,82.82275390625,83.7524179292841,82.36825037415552,83.62846496787962,5823968
2940,2019-09-18,83.48384857177734,83.87637561907106,81.91375159093599,82.84341560426311,7206830
2941,2019-09-19,83.11199188232422,83.77308747463857,82.26496122823896,83.77308747463857,6306748
2942,2019-09-20,81.06671905517578,86.31415804512386,80.73617410010029,82.71945503888648,51859153
2943,2019-09-23,77.80256652832031,81.9137495252474,77.01751805769688,81.39726953086794,24586363
2944,2019-09-24,78.69091033935547,79.31068632742469,76.43905534103733,77.6372934013044,18234411
2945,2019-09-25,82.12034606933594,84.04165063396121,79.78585188216555,79.95112997285037,48245282
2946,2019-09-26,82.32694244384766,83.2152870096312,81.4385922738969,82.61616790954821,15826874
2947,2019-09-27,81.85176849365234,82.533526578321,81.00474353365998,81.72781553507623,10034452
2948,2019-09-30,82.24430084228516,82.63682791004551,80.83947626973115,81.39727582764486,9111327
2949,2019-10-01,81.19068908691406,83.73176990003479,80.98409705976331,82.43024124981855,7634447
2950,2019-10-03,82.26496887207031,82.63683903016528,80.36432657329418,81.27332819354194,9432906
2951,2019-10-04,81.21134185791016,82.55418996510656,80.81881478490898,82.24430194036893,19442087
2952,2019-10-07,81.19068908691406,81.56255361495192,80.32300145204744,81.27332253527392,11655995
2953,2019-10-09,81.6865005493164,82.18232361948182,80.73617953636084,81.60386710706682,8504262
2954,2019-10-10,82.26496887207031,82.47156091360405,81.19069473942912,81.76915133489003,6982965
2955,2019-10-11,83.05001831054688,84.39286650286081,82.182330665449,82.24430715349153,10517558
2956,2019-10-14,81.9757308959961,83.58714745379491,81.68649984021584,83.05001046925095,11162487
2957,2019-10-15,83.1532974243164,83.46318540571139,81.93440245582966,81.97572197418225,5013200
2958,2019-10-16,82.03771209716797,83.15331125744403,81.25266353453571,83.0500152464617,6668842
2959,2019-10-17,81.6865005493164,82.53353116050175,81.19068308331796,82.1203471367529,7899823
2960,2019-10-18,83.69043731689453,83.97966835144847,81.39726841495454,81.68649384534194,8795448
2961,2019-10-22,84.72340393066406,85.75636398620739,83.05001088235068,83.05001088235068,10675241
2962,2019-10-23,85.2192153930664,85.52910336752605,83.58713648591248,84.70273543563367,5777589
2963,2019-10-24,84.33087158203125,85.63240565376924,84.12427958387178,85.28119813606482,5428181
2964,2019-10-25,83.855712890625,84.86801594480374,83.11198392309916,84.86801594480374,3993616
2965,2019-10-27,83.60780334472656,84.4135144154134,83.05000940796923,84.28956145261552,388417
2966,2019-10-29,83.0706787109375,83.83507037288756,82.43024563437181,83.56650184413962,5943950
2967,2019-10-30,82.61614990234375,84.22756618740152,82.34758145552846,84.22756618740152,6419057
2968,2019-10-31,81.95508575439453,83.00870859228586,81.74849370039641,82.76079700665449,15582577
2969,2019-11-01,81.52122497558594,82.16165794649352,81.29397601279081,81.9963854640819,8803683
2970,2019-11-04,80.46760559082031,82.07902205344887,80.17837455212205,81.76913405662927,15175738
2971,2019-11-05,80.73617553710938,81.19067906155277,80.11639953218658,80.46760705580951,8153818
2972,2019-11-06,80.61222076416016,81.19068287928849,80.44694827590934,80.7361793334735,9183411
2973,2019-11-07,80.2403564453125,81.33529298712861,80.01310747397656,80.98409105036707,15498054
2974,2019-11-08,79.18673706054688,80.73617710290364,78.85618648901067,80.67420062204273,11762251
2975,2019-11-11,79.22805786132812,79.7858574458691,78.64960131609455,79.1867439399429,10089055
2976,2019-11-13,78.1950912475586,80.30233083401308,77.80256979783516,79.33135288710938,9456977
2977,2019-11-14,77.67859649658203,78.56694643906775,77.22409865197585,78.50496436556165,19380370
2978,2019-11-15,77.53399658203125,78.05047656661824,77.16212650979543,77.67860649438241,18256039
2979,2019-11-18,78.7735366821289,78.91814657270251,77.1208009803445,77.55464186039664,11766437
2980,2019-11-19,80.75684356689453,80.98409816235484,78.58762725227797,78.91817225855254,22218922
2981,2019-11-20,81.02540588378906,81.45925247600871,80.15772390768387,80.96342940037684,9597590
2982,2019-11-21,81.10803985595703,81.37660833671627,80.15771889198845,80.90144785473198,12107895
2983,2019-11-22,82.12034606933594,83.1326435518624,80.98409001879588,80.98409001879588,16199814
2984,2019-11-25,82.05835723876953,82.802091773222,81.72781229290162,82.22363531586994,6529113
2985,2019-11-26,80.32298278808594,82.3889025795534,80.11639080893919,82.24428707331745,21594044
2986,2019-11-27,80.61222076416016,80.98409086793322,80.19903674144962,80.55024428158697,12155700
2987,2019-11-28,81.04607391357422,81.70716952427965,80.24036276237582,81.06673087471574,6724188
2988,2019-11-29,79.86849212646484,80.94277171120825,79.37266905530112,80.73617969891787,17547179
2989,2019-12-02,79.08342742919922,80.57089073435908,78.67024348910847,80.57089073435908,19957065
2990,2019-12-03,78.25707244873047,79.3726659083678,78.13311388377069,79.3726659083678,7451455
2991,2019-12-04,77.84388732910156,78.50497724944776,77.55465628582508,78.27772828984959,10311154
2992,2019-12-05,77.38939666748047,78.05049230186425,77.05884604820476,77.88521419014258,4569931
2993,2019-12-06,77.10015869140625,77.74059730672009,76.7902706658513,77.45136624120195,5388071
2994,2019-12-09,77.65794372558594,78.02980816582897,76.66630335021586,77.2654167250057,5459781
2995,2019-12-10,75.50938415527344,77.65794295060569,75.28213522299443,77.65794295060569,10563080
2996,2019-12-11,75.09619903564453,75.73663751476515,73.67071778372947,75.61267896840344,39214905
2997,2019-12-12,76.33576202392578,77.8232255683647,74.80698456216453,75.50939401081156,63493233
2998,2019-12-13,76.72828674316406,77.49267825292924,76.43905570568538,76.72828674316406,12987237
2999,2019-12-16,77.2447738647461,77.63730093695612,76.62499781652001,76.93488584063304,8479418
3000,2019-12-17,77.69928741455078,78.0298324411189,76.68698416391322,77.41005631317782,17903634
3001,2019-12-18,77.34807586669922,78.0918049405373,76.91423484098826,77.2860993779073,10099352
3002,2019-12-19,77.01752471923828,77.32741274266935,76.39774867237612,77.30675017860703,5749401
3003,2019-12-20,76.8935546875,77.45135416737746,76.48037071783763,76.70762526365169,9690984
3004,2019-12-23,76.76961517333984,77.47202468219135,76.33576856676923,76.70763868787753,17045076
3005,2019-12-24,77.32740020751953,77.43069619858511,76.6456421831538,77.03816919086945,3748896
3006,2019-12-26,76.37709045410156,77.47202707835885,76.04654545196753,77.38939362990905,3925143
3007,2019-12-27,78.11245727539062,78.29838671741408,76.64565067720483,76.64565067720483,7122947
3008,2019-12-30,78.62894439697266,79.1247618913633,77.96784880028447,78.09180177284031,6925363
3009,2019-12-31,78.60826110839844,79.43463458952513,78.19507716991802,78.29837315453813,11907723
3010,2020-01-01,80.77749633789062,80.94276882098816,78.60827468213087,78.73223324757912,13620373
3011,2020-01-02,80.61222076416016,81.27331632133041,80.30233274712725,80.79815581604669,5673692
3012,2020-01-03,79.74454498291016,80.48827403978844,79.02146728293486,80.26102505134435,7358268
3013,2020-01-06,79.78585815429688,80.13706571836089,77.67861837408017,79.33136018168535,7355290
3014,2020-01-07,79.2073974609375,80.36431610533108,78.98014848651813,79.80651654501338,14023712
3015,2020-01-08,78.73223876953125,78.89751126422031,78.02982366189376,78.62894275982968,9451757
3016,2020-01-09,79.72386932373047,79.90980435949555,78.9801403890031,79.31068533684493,7714854
3017,2020-01-10,79.39331817626953,80.03375106426577,78.91815214512246,80.03375106426577,4118638
3018,2020-01-13,80.48827362060547,80.57091267279152,79.24872146281898,79.49663301520975,27682638
3019,2020-01-14,80.67420959472656,81.12870757436757,80.26102553747658,80.4882745272971,5994314
3020,2020-01-15,80.26102447509766,80.90145751369101,79.70322488436005,80.73618501381216,7114590
3021,2020-01-16,81.1700210571289,81.68650109023505,80.19903747405596,80.19903747405596,8552344
3022,2020-01-17,81.56254577636719,81.74847522043363,80.01310572164581,80.96342671354151,4698386
3023,2020-01-20,84.55813598632812,87.1818557892267,83.979679444974,84.4548399752232,49337827
3024,2020-01-21,82.88473510742188,84.4135182740345,82.22364513672497,84.144949772918,17283910
3025,2020-01-22,82.6574935913086,83.60781471308819,79.76520509386228,82.84342866495433,56787054
3026,2020-01-23,83.4425277709961,85.69438281041825,80.11639881597804,81.29397433563764,226059260
3027,2020-01-24,81.3766098022461,81.87243285578231,80.26101633803984,81.17001779730047,16151679
3028,2020-01-27,79.74454498291016,81.1700266092881,79.45531390292004,81.1493696482177,8213919
3029,2020-01-28,78.69091033935547,79.74453288157308,78.13311082925985,79.74453288157308,9174575
3030,2020-01-29,79.49662017822266,80.07507663761466,78.19508613938258,78.69090916409941,17600091
3031,2020-01-30,80.32298278808594,80.67419027346862,79.08343091320546,79.49661487149895,26386034
3032,2020-01-31,77.20344543457031,80.7774913837087,76.48037346171955,80.6948523451449,63986362
3033,2020-02-03,77.41004943847656,78.09180199783249,73.31952847817367,74.74501008334201,16329297
3034,2020-02-04,80.30233001708984,80.6948570669869,77.6786104412431,77.82322596510869,14207381
3035,2020-02-05,78.23641204833984,80.86013169375885,77.67861250101974,80.1990361415338,14550344
3036,2020-02-06,79.70320892333984,80.05441641785573,77.94717705492663,78.48431397301006,9175642
3037,2020-02-07,78.67025756835938,79.6618980812133,77.90586602155871,79.6618980812133,18058457
3038,2020-02-10,77.10015869140625,78.95948684473595,76.33576710753728,78.79421435194006,30471811
3039,2020-02-11,78.29837799072266,79.00079297119113,77.71992156195424,77.88519402672146,32456571
3040,2020-02-12,78.23641204833984,79.29003466087045,77.90586707431079,78.52564310374046,16386952
3041,2020-02-13,78.73223876953125,78.98015031364844,77.55466313810003,78.00916670162033,18581113
3042,2020-02-14,76.06719970703125,79.08344656191606,75.7779686373275,78.71157644253489,23830630
3043,2020-02-17,75.86061096191406,76.76961813093874,74.60040182701697,76.43906752212638,17670292
3044,2020-02-18,76.43907165527344,76.99687128441909,74.72435884314754,75.44743098355212,30879880
3045,2020-02-19,77.47201538085938,77.65795041909006,75.61268741521874,76.8522393923125,22313738
3046,2020-02-20,78.1950912475586,78.79421030788232,76.810929287788,77.47201922504155,25907657
3047,2020-02-24,76.8935546875,78.17442611428662,76.459713761021,78.09178707868764,14921452
3048,2020-02-25,76.91422271728516,77.5546556741318,76.58367215555249,76.89356015483312,17807428
3049,2020-02-26,76.79026794433594,77.84389055638172,76.00521942825297,76.43906040698734,17113656
3050,2020-02-27,77.0381851196289,77.5546651817465,74.91028838453789,76.48038553170844,28472046
3051,2020-02-28,74.99291229248047,76.56301484409299,74.02192877838017,75.79862332856014,28010970
3052,2020-03-02,75.81928253173828,77.34806560807083,75.09621051534228,75.92257853408057,19540018
3053,2020-03-03,79.2073974609375,80.44694954868037,75.22017269953133,75.94324475071468,16039306
3054,2020-03-04,81.41793823242188,81.81046532643367,77.90587376407342,78.79421836170455,16939245
3055,2020-03-05,80.96342468261719,82.45088821867084,80.38496819753152,81.00474420387332,9715265
3056,2020-03-06,78.75289916992188,79.57926728363212,77.7406015931273,78.71157964340289,14371982
3057,2020-03-09,74.76567077636719,77.92652754818266,73.52611866160291,76.39774996914036,69609292
3058,2020-03-11,74.95159912109375,75.98455920143313,73.23688650856379,74.16655058086923,42604599
3059,2020-03-12,68.6298828125,73.50545194695704,68.07208327151687,72.80304248408339,58418097
3060,2020-03-13,69.37362670898438,71.31559423821192,61.77104032107128,67.26638665909597,44617540
3061,2020-03-16,67.6643295288086,69.7848659595918,66.4005803656646,69.57067059528727,39669086
3062,2020-03-17,69.39930725097656,72.97637057352128,66.72186551410483,67.06457573225624,35460792
3063,2020-03-18,61.752532958984375,70.64163959313973,52.32793216295338,70.25608914217612,119909061
3064,2020-03-19,63.03772735595703,65.07258381305643,60.01756849653493,62.28804339807831,44039786
3065,2020-03-20,67.36446380615234,69.33506244565784,63.50894700250216,63.50894700250216,131485883
3066,2020-03-23,65.54380798339844,66.76472289106177,60.63873113751778,60.63873113751778,39665620
3067,2020-03-24,63.101966857910156,67.34303373610484,62.288025668829704,65.13682273582174,42302851
3068,2020-03-25,64.36572265625,67.23593697370733,63.551775645667135,63.61603890154965,23309603
3069,2020-03-26,67.83570098876953,69.27080550383357,63.080562001682594,64.51567232716866,25329120
3070,2020-03-27,68.54252624511719,71.21996799565842,67.10741630474298,67.94278045508004,28883749
3071,2020-03-30,66.67903900146484,68.49969975708456,65.56522184770728,66.40058616563087,22364337
3072,2020-03-31,68.15699005126953,69.31364164318362,67.00033264893376,67.8571141883168,24838523
3073,2020-04-01,66.22923278808594,69.37790035405195,65.60806383660567,68.11415104680908,14182117
3074,2020-04-03,66.9146499633789,68.73531067450607,65.00831458739279,66.20780637879031,21066826
3075,2020-04-07,67.68575286865234,69.35647555597201,67.0003265375819,68.9709250605015,24741992
3076,2020-04-08,67.83570098876953,69.69919629887885,66.50768836204477,67.64292280683034,21481260
3077,2020-04-09,70.44888305664062,71.41276230521292,67.83569815398248,68.92809231152904,15607786
3078,2020-04-13,68.52111053466797,70.64164695148288,67.36445906129526,70.25609646035865,14901247
3079,2020-04-15,68.34977722167969,70.21327863571302,67.87854611082645,69.16371869837731,25249654
3080,2020-04-16,69.99906158447266,71.41275448039774,67.47155743835474,67.77142746324468,31150756
3081,2020-04-17,71.86256408691406,74.21871315759113,70.36319649648321,71.8197238508175,18536308
3082,2020-04-20,70.898681640625,72.48372962989697,69.46357156554163,72.48372962989697,24177042
3083,2020-04-21,69.67777252197266,71.1128827123192,69.46357714462009,70.25610120290891,13915863
3084,2020-04-22,69.48499298095703,69.72061137762768,67.08600945049452,68.54253682553858,19702407
3085,2020-04-23,67.68575286865234,69.35647555597201,67.51439773849002,69.18512042580969,32128585
3086,2020-04-24,68.17840576171875,68.58537930811741,66.72187833897975,67.25736678928243,33134279
3087,2020-04-27,68.37118530273438,69.18512660147606,67.5358209792969,69.18512660147606,9762001
3088,2020-04-28,67.3430404663086,68.71389320312446,67.17168532681198,68.56395527715686,26134701
3089,2020-04-29,67.70716857910156,68.79956840419389,66.82896992498706,68.32833744888471,14509262
3090,2020-04-30,69.42072296142578,70.02046873544826,67.34302705640118,68.3711693094915,18702868
3091,2020-05-04,68.13555908203125,69.1851186695671,67.51439602465821,68.92808307563782,12598146
3092,2020-05-05,70.10615539550781,71.04861727407837,68.62820513375416,69.16369351693726,18305545
3093,2020-05-06,70.8558578491211,71.39134637375787,69.69920031173672,69.78488079984754,12853774
3094,2020-05-07,69.2922134399414,70.6844832206413,68.97092041362605,70.1061546111895,8561359
3095,2020-05-08,68.11415100097656,69.6563589608657,67.72860046360972,69.6563589608657,30898767
3096,2020-05-11,68.02845001220703,69.57065750715259,67.83567770685136,68.24264533621559,9453421
3097,2020-05-12,69.95622253417969,70.68448911202879,67.55723324232402,67.8999493185441,19986028
3098,2020-05-13,71.39131927490234,73.6403702246777,69.42072109015801,73.44759791523475,27175817
3099,2020-05-14,68.88524627685547,70.25609897256149,68.5425360081396,70.25609897256149,26454121
3100,2020-05-15,68.45685577392578,69.29222004615637,67.79285244707062,68.19982016628396,20009870
3101,2020-05-18,66.1863784790039,68.62820190519255,65.67230733116389,68.47826981329139,32898286
3102,2020-05-19,67.70716857910156,68.24265698049358,65.97218848275983,66.40057920387345,12276533
3103,2020-05-20,67.87852478027344,68.82098670581505,66.7218733012045,66.93606866515294,24677051
3104,2020-05-21,68.0713119506836,68.47828552027354,67.25737062192559,67.49298322931648,17176100
3105,2020-05-22,66.76471710205078,67.68575605413852,66.01503328818984,67.25736530336084,25080927
3106,2020-05-26,67.40731048583984,67.98563341331955,66.6147863494872,66.89323920538892,18512685
3107,2020-05-27,67.32161712646484,67.64291016269115,66.72187128759325,67.4072975936269,22655078
3108,2020-05-28,67.36446380615234,67.83569479979388,66.85039257483038,67.83569479979388,25797051
3109,2020-05-29,67.49298858642578,67.96421964903237,67.08602079495554,67.36447366499777,63844851
3110,2020-06-01,68.04988098144531,68.99233703094245,67.55722703033057,67.9213602857725,45314328
3111,2020-06-02,70.7059097290039,72.1196027169369,67.9427928256094,68.47828127321549,43626060
3112,2020-06-03,70.4917221069336,71.75547730651734,70.19185202952913,70.89869569606657,13811685
3113,2020-06-04,72.50514221191406,72.80501802114263,70.72732199828353,70.77016222966199,23992166
3114,2020-06-05,73.4476089477539,74.66852366596596,70.49170832142336,71.54126791314026,22851633
3115,2020-06-08,73.83316040039062,74.92555443019933,73.19057430981584,74.3043913622297,11723588
3116,2020-06-09,73.06205749511719,74.56143093003625,72.8264449068647,74.54000790629058,8412588
3117,2020-06-10,72.84786224365234,73.36193346851994,72.22669914156056,73.06205761894361,10101681
3118,2020-06-11,73.25483703613281,76.38209305522514,71.90540731075902,71.99108197609075,22109491
3119,2020-06-12,71.24138641357422,72.5693987064466,70.94151641868082,71.13428874173646,20331770
3120,2020-06-15,69.934814453125,71.11288913496335,69.65636159950215,70.77017882441555,13833335
3121,2020-06-16,69.69918060302734,71.21997106921809,69.16369222980963,70.98435850917058,13972830
3122,2020-06-17,68.32835388183594,69.31365045319242,67.83570559615771,68.90668265651145,28371013
3123,2020-06-18,70.87727355957031,71.2414010703959,68.32834612126071,68.8424115655907,19720997
3124,2020-06-19,73.42620086669922,73.81175724279524,70.70591806987596,71.04863420302551,21577413
3125,2020-06-22,76.5105972290039,77.003245369445,73.10488885694382,75.56813536956997,33039735
3126,2020-06-23,80.30187225341797,80.96587564475668,76.70339082823607,77.75294476326894,34298071
3127,2020-06-24,76.46776580810547,80.7088388538136,75.82517968729168,80.00198947258133,32910525
3128,2020-06-25,76.8318862915039,78.52403178493734,74.6899329126871,76.42491282536055,40909792
3129,2020-06-26,76.76763153076172,78.00996337173821,76.31781781926327,77.51731523950518,11954078
3130,2020-06-29,76.36066436767578,77.23886884253794,75.88943340682548,76.25356668613803,7547198
3131,2020-06-30,74.90413665771484,77.08893051141057,74.54000338036204,76.68195699958902,11889584
3132,2020-07-01,74.30438995361328,75.13974836927164,73.64038085302121,74.96839324378436,15209917
3133,2020-07-02,75.01123046875,75.73949698588339,73.94025371438958,74.32580418387519,15481100
3134,2020-07-03,76.08220672607422,76.8533076600079,75.01122997871038,75.39678044567721,22720042
3135,2020-07-06,76.2535629272461,76.55343874493795,75.31110686242462,76.42491804717538,11724475
3136,2020-07-07,74.15445709228516,76.46776597002906,73.55471120700658,76.46776597002906,20855578
3137,2020-07-08,72.7193603515625,74.81847424284734,72.31238674153619,74.11163054002176,16818545
3138,2020-07-09,73.49044036865234,73.89740801897014,72.61223600874911,73.04062667882278,16110083
3139,2020-07-10,73.94025421142578,74.43290235965907,72.61224186500763,73.51186350680192,23809286
3140,2020-07-13,72.4408950805664,74.62568908762296,72.05534456412617,73.94026271927287,10803798
3141,2020-07-14,69.97763061523438,72.31235614960866,69.82769272705511,72.18384127998071,16288923
3142,2020-07-15,70.06332397460938,71.24139856577821,69.87055161867104,70.70591011524692,15061461
3143,2020-07-16,69.48499298095703,70.47029518350254,68.32834145243147,70.47029518350254,15458966
3144,2020-07-17,69.95622253417969,70.19184092603498,69.24937897945628,69.24937897945628,13711930
3145,2020-07-20,70.04190826416016,70.36320134137527,69.54926004118131,69.95622778606746,8390572
3146,2020-07-21,74.39007568359375,74.73279179600023,70.29894603305682,70.29894603305682,33717545
3147,2020-07-22,76.96041107177734,77.7100948508174,74.45432994446607,74.54000460438938,46076322
3148,2020-07-23,77.86003875732422,78.202754854641,76.01796079702488,76.25357339296261,18738194
3149,2020-07-24,77.96713256835938,78.50262099649878,76.53202241886154,76.8961557120806,14438899
3150,2020-07-27,77.49588775634766,77.7743463376118,76.57484898643935,77.66724867110106,11938756
3151,2020-07-28,77.9242935180664,78.33126705381518,76.55344660741746,77.19603273096517,11893746
3152,2020-07-29,77.86003875732422,79.03811335785608,77.32455030253702,77.66726639985379,13335993
3153,2020-07-30,75.76091766357422,78.50261711811117,75.2254292618904,78.18132407710088,23995122
3154,2020-07-31,76.38209533691406,76.8319033220015,75.48247355631749,75.6538287025212,14354565
3155,2020-08-03,76.48917388916016,76.89614153325282,74.58283311232428,76.6819462014924,12500988
3156,2020-08-04,76.36066436767578,76.70338043484922,75.22543010545989,76.1893092392996,9628257
3157,2020-08-05,75.3753662109375,76.23214764265681,75.0326501519972,75.84659716046731,10577794
3158,2020-08-06,75.35394287109375,76.1464668541759,75.13974751406727,75.67523590663346,8564058
3159,2020-08-07,75.3753662109375,76.23214764265681,75.07549038566736,75.31110876564274,8026904
3160,2020-08-10,75.93226623535156,76.59627528237307,75.50387555098435,75.76091112368879,7766140
3161,2020-08-11,75.76091766357422,78.11706663098303,75.20401204999146,76.31782327715699,21833550
3162,2020-08-12,76.27499389648438,76.87473978393986,74.1972975984945,75.48246984750827,19435650
3163,2020-08-13,76.57486724853516,77.23887642551134,75.56814778116083,77.08893849455403,10641012
3164,2020-08-14,75.1397476196289,77.38879887156655,74.58284201474605,77.38879887156655,17130105
3165,2020-08-17,76.53202819824219,78.18133384354448,75.22543865908239,75.39679380694275,17368089
3166,2020-08-18,76.1464614868164,77.06750029502453,75.63239615244049,77.04608308499989,13890131
3167,2020-08-19,75.97511291503906,76.85331156836978,75.84659802298809,76.46776108179583,12400644
3168,2020-08-20,77.62440490722656,80.58029920622099,75.58954933619432,75.91084232109415,44062975
3169,2020-08-21,81.00871276855469,81.60845868127356,78.2241727783969,78.39552792339921,49949864
3170,2020-08-24,79.3593978881836,81.6727124121877,78.99526461604066,81.24432169447154,19724617
3171,2020-08-25,79.14521026611328,80.02341480953233,78.39552643682514,79.89489409540143,10109220
3172,2020-08-26,79.40226745605469,81.24435170901809,78.86677886108097,80.10911123933535,18000615
3173,2020-08-27,79.33798217773438,80.38754178016761,79.12378681482319,80.06624873580083,10363056
3174,2020-08-28,78.09564208984375,80.00197713467686,77.88144674927236,79.89487946439117,12114955
3175,2020-08-31,76.6605453491211,79.40224501855177,76.25357180777449,78.60972095985767,24259718
3176,2020-09-01,77.28170013427734,78.09564712930852,76.51059918262983,76.70337732575214,16505345
3177,2020-09-02,79.4026107788086,80.23519746032768,76.79529375517149,77.9784473165835,30959608
3178,2020-09-03,78.21947479248047,79.5121796799053,77.84699999919489,79.05206166107297,11884498
3179,2020-09-04,76.70765686035156,78.00035551998866,76.11608007681127,77.64979458194026,17373558
3180,2020-09-07,77.1896743774414,77.54024124862791,75.83124632510595,76.70765458778634,13069001
3181,2020-09-08,76.64192199707031,77.12394774775755,76.1379884164299,77.05821831437386,9597878
3182,2020-09-09,76.7952880859375,77.97844156000595,75.98460929396641,76.68573705846907,20122483
3183,2020-09-10,77.82508087158203,78.1975556108188,76.31327408318997,77.12395299952304,19635358
3184,2020-09-11,76.75146484375,78.13181251513137,76.29135291563854,78.04416931762276,31182063
3185,2020-09-14,75.15202331542969,77.7812479971157,74.82337023021894,77.7812479971157,14143608
3186,2020-09-15,75.94078826904297,76.2037059615609,74.93291532147245,75.30538997723714,7858789
3187,2020-09-16,75.3492202758789,76.00652647013216,74.84528671565619,75.80933223444661,13201491
3188,2020-09-17,73.74977111816406,75.1082051206627,73.57449065347609,75.08629729139818,10765947
3189,2020-09-18,75.32730865478516,75.80933439970993,73.31156841279692,74.100339434544,23788415
3190,2020-09-21,74.71382141113281,75.239668740429,73.46493846169726,74.93292347441891,13331596
3191,2020-09-22,73.96887969970703,74.69192133845313,72.96101248134046,73.96887969970703,9039386
3192,2020-09-23,71.8216781616211,74.45090311048332,71.33965239895817,74.45090311048332,8404497
3193,2020-09-24,69.82785034179688,72.32561043139847,69.45537562548526,71.09864118845638,20770480
3194,2020-09-25,70.44132995605469,71.20818716426369,69.98121206501504,70.55088098579883,8761400
3195,2020-09-28,73.68405151367188,74.07843409769735,70.55089273012949,70.55089273012949,16915185
3196,2020-09-29,71.55874633789062,74.23179258720066,71.2081854286633,74.056512132587,13468026
3197,2020-09-30,71.18629455566406,71.53686152118203,70.24415660847451,71.40539668029074,14349950
3198,2020-10-01,72.12843322753906,72.74191794340004,71.33966206983916,72.19416267146612,14856837
3199,2020-10-05,71.361572265625,72.91719478243999,71.05482695132567,71.8655059018098,10360105
3200,2020-10-06,71.51493072509766,72.0407780764826,70.92335988419474,71.471115065419,8989183
3201,2020-10-07,69.93740844726562,71.5149387923252,69.6744847419141,71.42730151955787,17614061
3202,2020-10-08,69.36772918701172,70.59470431632744,69.23627032550684,70.20031584476502,12953710
3203,2020-10-09,69.23628234863281,69.82785921518196,68.66661331496421,69.5430217265852,11980039
3204,2020-10-12,70.02503967285156,71.33965214255785,69.47728447714061,69.76211599020546,20670634
3205,2020-10-13,70.30986785888672,70.98908783554249,69.76211268909529,70.11267956387618,11179799
3206,2020-10-14,68.81998443603516,70.46325017106072,68.49133128903004,70.30987751375338,13362234
3207,2020-10-15,68.25032806396484,68.81999119733096,67.74639437775244,68.62280285586979,15536883
3208,2020-10-16,69.65258026123047,70.63853983023161,68.0750497056491,68.40370289531616,18673957
3209,2020-10-19,70.00313568115234,71.16437557103292,69.84976302923802,70.09077295115725,18793008
3210,2020-10-20,68.88570404052734,70.28795964493071,68.75424517790626,70.11267918026127,13701957
3211,2020-10-21,71.7559585571289,72.80764749204971,68.90763113897563,69.06100380404276,36573148
3212,2020-10-22,72.3475341796875,72.69809517071073,70.63853300375551,71.05482938117997,39056262
3213,2020-10-23,74.56045532226562,75.10821052855711,72.17224618894936,72.34752666625776,29149043
3214,2020-10-26,75.39306640625,75.78744906240738,74.34137139846254,74.51665191858518,36760149
3215,2020-10-27,76.02845001220703,76.83912900803608,75.15204157207295,75.39305745922489,23610507
3216,2020-10-28,75.74359893798828,76.48854829753142,75.173935976119,76.48854829753142,14060472
3217,2020-10-29,75.19585418701172,75.94080364941651,74.60427737198725,74.95484427221722,17654072
3218,2020-10-30,74.93293762207031,75.3711418313773,74.18798808883844,74.71383551741681,22904945
3219,2020-11-02,75.83125305175781,76.42282392672354,75.34922727582047,75.61215096665215,13423596
3220,2020-11-03,78.8548583984375,79.18351151676393,76.18181184734433,76.24754128230477,27441682
3221,2020-11-04,77.60598754882812,78.8767786172416,76.5323848162662,78.85487078332204,19461431
3222,2020-11-05,78.4604721069336,78.78912520960148,77.38686959414223,78.00035419708416,10248002
3223,2020-11-06,78.19755554199219,78.6357597187028,77.60597871472795,78.10991232924026,8815864
3224,2020-11-09,80.6514892578125,80.93632074560725,78.4823764978299,78.83293741457365,15228920
3225,2020-11-10,81.4621810913086,81.87847150357258,79.55599168581652,80.32284901440904,13815795
3226,2020-11-11,83.10543823242188,83.69700907013355,80.58575846885866,80.58575846885866,15502357
3227,2020-11-12,83.03971099853516,83.67510944504023,82.00993591723504,83.47791518411806,26079694
3228,2020-11-13,82.75487518310547,83.23690095100129,81.59363534012306,82.64532414238025,11968619
3229,2020-11-14,82.38240051269531,83.21499317760006,81.94419634949253,82.82060467589808,1162700
3230,2020-11-17,81.85655975341797,82.93015639594353,81.44026341755588,81.94419702066172,16872514
3231,2020-11-18,81.24308013916016,83.1273557956294,80.95824265828884,81.85656482195074,16685757
3232,2020-11-19,83.17117309570312,86.41388277408312,78.17564078888792,78.21946239471558,64832376
3233,2020-11-20,84.06950378417969,85.01164766980295,82.86444210524579,84.79254554636043,27479934
3234,2020-11-23,85.34028625488281,85.84421986388216,83.4779125807122,84.13522478211178,20909280
3235,2020-11-24,85.2307357788086,86.63298557215442,84.68298056026933,85.4498378662243,15308572
3236,2020-11-25,85.58128356933594,86.52342121151294,84.81442638140896,85.2307226608359,19854793
3237,2020-11-26,86.61107635498047,87.2683826067102,84.50769278333068,85.51556593543091,24879552
3238,2020-11-27,84.31049346923828,86.61106505000858,82.68913588252406,86.61106505000858,46793847
3239,2020-12-01,84.2885971069336,86.08523552027793,83.98185773225643,85.38410760976248,18193922
3240,2020-12-02,85.07736206054688,85.53747406093217,83.06162169293029,84.507693074305,15836732
3241,2020-12-03,84.7706069946289,85.49364260198499,83.69700452609877,85.44982694492151,21308517
3242,2020-12-04,85.16500091552734,86.30433296572053,84.46387898635419,85.09927147760793,14838659
3243,2020-12-07,84.79251861572266,86.43578401963018,84.35431450801399,84.57341656186831,22078115
3244,2020-12-08,83.95994567871094,85.2745583090778,83.74084357364978,85.01164053782442,15896364
3245,2020-12-09,84.44195556640625,85.34027759378041,83.74082777379135,84.52959876930456,18701467
3246,2020-12-10,84.46387481689453,85.62511464122944,83.91611367854021,84.57342585586055,13612880
3247,2020-12-11,84.61723327636719,85.55937687454576,84.20094293495039,85.01162173305761,14876364
3248,2020-12-14,85.14310455322266,86.32625836924646,84.4857981984373,85.88805413272289,20316890
3249,2020-12-15,84.48577880859375,85.31836547820131,83.85038043405103,85.18690661482475,16084083
3250,2020-12-16,85.97566986083984,86.26050135447124,84.37622598719531,85.31836367083328,35024972
3251,2020-12-17,86.91997528076172,87.86426983723865,86.15554490195862,86.91997528076172,23058726
3252,2020-12-18,87.18977355957031,87.59446947926017,86.35789488640418,86.91997424679327,20310375
3253,2020-12-21,83.41259002685547,86.87500110428502,82.94044583400189,86.78507207176344,21609326
3254,2020-12-22,85.57099151611328,85.90823916282855,83.18777115328758,83.39012218089752,23934507
3255,2020-12-23,85.41361236572266,86.20052358104904,84.98642955210742,86.11058843114513,9836093
3256,2020-12-24,85.43606567382812,86.44781443908472,85.18875323942225,85.54848152563993,12945145
3257,2020-12-28,86.13306427001953,86.47031189066868,85.43608219464039,85.52601733306075,6879688
3258,2020-12-29,85.3011703491211,86.62767985964186,84.98640351982621,86.15552961569955,8549660
3259,2020-12-30,85.52600860595703,85.72835959727914,83.997154101476,85.43607347671367,19132583
3260,2020-12-31,85.3686294555664,85.88574122724187,84.55923764763536,85.660909491822,23272111
3261,2021-01-01,85.21125030517578,85.391120581716,84.76158681172818,84.98641855845197,3074621
3262,2021-01-04,84.73909759521484,85.61594375925591,84.53674660383587,85.43607350071868,7133203
3263,2021-01-05,84.5367431640625,85.2112383092796,83.72735142938221,85.2112383092796,10478882
3264,2021-01-06,88.20150756835938,88.85351590169297,84.08708218351447,84.53674562675866,54265234
3265,2021-01-07,88.60620880126953,90.74211028573524,87.90923286170856,89.03339153774313,40129922
3266,2021-01-08,91.52903747558594,91.73138851248302,88.83105617803669,89.37065487712744,29487917
3267,2021-01-11,91.52903747558594,92.18105206207456,90.58474280165326,91.73138851248302,12726089
3268,2021-01-12,91.59646606445312,92.06861634922585,89.91022811658826,90.4048591344188,31454127
3269,2021-01-13,92.1810302734375,92.90049300251651,91.10183313034359,91.64143170189054,23792586
3270,2021-01-14,92.22599792480469,93.30519514028737,91.5515027146036,92.6082130970422,12024674
3271,2021-01-15,91.28170776367188,92.51828229205432,91.05687603123872,91.70888439592426,13530190
3272,2021-01-18,88.02165222167969,90.83204902327209,87.48205359619338,90.494801407081,26118654
3273,2021-01-19,89.77533721923828,89.93272065748648,87.79681912127155,87.93171572608355,19382828
3274,2021-01-20,88.20150756835938,90.20250623142552,87.75184412511518,89.93271304463963,21158179
3275,2021-01-21,87.7518539428711,88.8984934118505,87.30219044931816,88.33641404490933,12509109
3276,2021-01-22,87.32466888427734,88.26896341565602,86.7850763655976,87.68440332901514,16720401
3277,2021-01-25,85.52600860595703,88.49378858462659,85.25620931717782,87.43707826129602,9393599
3278,2021-01-27,86.49279022216797,87.39211718557347,85.1213190425551,85.43607982037625,18874916
3279,2021-01-28,84.22199249267578,85.86326298915913,83.54749726680991,85.86326298915913,16072463
3280,2021-01-29,82.9404525756836,84.98641904295353,82.2884380668869,84.85152243373079,13415015
3281,2021-02-01,84.94145202636719,85.18876449344474,82.06360096064061,82.94044716019029,9485240
3282,2021-02-02,87.32466888427734,87.97668337233557,85.0763514757335,85.88574330322876,10803602
3283,2021-02-03,92.85552978515625,94.4293519103995,87.45956821289366,87.45956821289366,73411707
3284,2021-02-04,92.33840942382812,93.37263902323531,91.82129767359997,92.85552727300717,23523019
3285,2021-02-05,93.12532806396484,93.66492055591266,90.49479560649735,92.47331360820802,28755118
3286,2021-02-08,95.57599639892578,95.95821158378921,92.49580028413433,92.85553473416223,28436890
3287,2021-02-09,94.76661682128906,97.77936502243918,94.42936916141191,94.42936916141191,27738169
3288,2021-02-10,94.63170623779297,96.22801535465895,93.08037079058435,94.67667380849866,34189378
3289,2021-02-11,96.11559295654297,96.58773716954153,93.6874113916409,93.91224313096426,20504448
3290,2021-02-12,95.62096405029297,98.47632842339462,94.67666950421075,98.47632842339462,25066544
3291,2021-02-15,95.5310287475586,96.88002531030556,95.1263328282102,96.2280108132238,8599603
3292,2021-02-16,101.4216079711914,103.37765119844512,95.91323098744778,95.95819854996232,80200957
3293,2021-02-17,103.44509887695312,103.96221672485471,99.91524566514347,101.39913261412391,39034960
3294,2021-02-18,106.3454360961914,107.15482791056735,102.74812830082949,103.87228698688008,44291912
3295,2021-02-19,104.41188049316406,106.16557283686114,102.86053914264768,104.99644054176248,36335681
3296,2021-02-22,101.1518325805664,105.17632340165119,100.5447856272531,104.52430887791623,25800846
3297,2021-02-23,101.6689453125,103.0179297446881,101.01693078286841,101.51156186407668,18293559
3298,2021-02-24,100.16255950927734,102.61322779114025,99.64544775317306,101.6914140443056,11421326
3299,2021-02-25,102.32096099853516,104.68168835575841,99.28572617021551,100.58975524421646,30696079
3300,2021-02-26,96.36289978027344,102.18604392690676,94.96894185840881,99.6004790762848,38070699
3301,2021-03-01,102.18605041503906,102.88302637074925,97.75686390904659,97.80183147692011,31441940
3302,2021-03-02,101.19678497314453,103.1303354372422,100.43236074036336,102.97295810331299,18223787
3303,2021-03-03,102.2984619140625,103.49007496651294,100.58974319949179,103.4226205681093,19350542
3304,2021-03-04,101.24174499511719,103.40013313031125,100.2974505671542,100.2974505671542,22865747
3305,2021-03-05,99.03841400146484,101.62397922385999,98.63371805601074,101.62397922385999,17342685
3306,2021-03-08,100.82453155517578,102.54196014847247,99.38189277915941,99.77117783599286,15749448
3307,2021-03-09,98.92389678955078,101.71758145250176,97.66444934583843,100.98481078835282,12585004
3308,2021-03-10,98.53462982177734,100.2749612440481,98.00795294584238,99.83987683553929,10661165
3309,2021-03-12,100.77873992919922,101.1680250158231,98.64912955289354,98.78652757793037,18173078
3310,2021-03-15,102.65645599365234,103.7327124941539,100.64134100798215,101.21381720912507,30092241
3311,2021-03-16,102.79385375976562,104.05330139922656,102.35876936324611,103.11443670456981,14767699
3312,2021-03-17,100.9619369506836,103.0457479781849,100.45815661746735,103.02285141330611,12571132
3313,2021-03-18,101.2367172241211,102.35877310132332,100.82453558759777,101.21382066000045,14232655
3314,2021-03-19,105.42724609375,106.29740247824161,100.3665526737289,101.62600033487341,70334403
3315,2021-03-22,102.38166046142578,107.35076106416689,101.7633911681049,107.35076106416689,29180881
3316,2021-03-23,100.2978515625,102.58775628203068,100.06886109054693,102.38166237256728,38455903
3317,2021-03-24,101.2367172241211,102.54196424958208,99.33609741387802,99.4047933180045,24398959
3318,2021-03-25,99.10711669921875,102.31298385107446,98.62623911114645,101.2367272077413,20272124
3319,2021-03-26,98.28275299072266,101.67181129669063,97.16069700691033,100.4581628359287,25184863
3320,2021-03-30,101.37411499023438,102.45037152473516,98.6491257020052,99.3360971650783,53328751
3321,2021-03-31,98.76362609863281,101.2596250293944,98.30564509935655,100.71004534555694,20694060
3322,2021-04-01,100.16045379638672,100.45814014983647,98.35142669103524,99.22158919025904,11229344
3323,2021-04-05,98.07664489746094,100.29785376657013,97.71026261899033,98.55752862618837,14484908
3324,2021-04-06,95.80964660644531,100.29786414692278,95.48906363254578,98.55753882642563,25301732
3325,2021-04-07,96.42790985107422,99.0155071468274,95.96992890835884,96.58820442337742,22841720
3326,2021-04-08,95.71804809570312,97.77896247187012,95.48905760946235,97.06908823746501,20468881
3327,2021-04-09,95.39745330810547,96.84009204404897,95.26006150916385,95.90123359049828,11773021
3328,2021-04-12,92.1229019165039,94.6417974209279,90.90925350672532,94.6417974209279,18544315
3329,2021-04-13,95.60355377197266,95.90124016459552,92.71826989053328,93.9548210128308,19831072
3330,2021-04-15,95.16847229003906,96.81720509995539,94.8249865467967,95.21427163149099,10159348
3331,2021-04-16,96.1073226928711,98.37432453258499,94.91657105180971,95.03106628245477,22020846
3332,2021-04-19,92.14579010009766,94.80208339020085,91.5962166761815,94.27540031777194,18404990
3333,2021-04-20,93.29074096679688,94.2067028700546,92.3518825006634,93.88611993097292,14467660
3334,2021-04-22,93.1762466430664,93.84032151414934,92.14578949179138,93.42813989599219,11626459
3335,2021-04-23,96.70269775390625,97.50416438786839,93.42813532035659,93.5655271157588,38318040
3336,2021-04-26,98.83230590820312,99.12999847865592,95.35164963828555,95.35164963828555,19139358
3337,2021-04-27,99.22159576416016,100.98482365231916,98.83231071688908,98.94680595362975,15270611
3338,2021-04-28,101.16801452636719,101.53440301004554,99.06130093345007,100.20625329788719,16383579
3339,2021-04-29,100.82453155517578,102.42746490891936,100.32075125878922,102.17557786660824,14761969
3340,2021-04-30,100.77873992919922,101.80919716403405,99.22160579446845,99.72538612940731,16897105
3341,2021-05-03,101.1222152709961,102.06107993765025,99.26739492381763,99.61088063342581,15528063
3342,2021-05-04,99.8627700805664,101.53440554377046,99.24450075775316,101.39700752955086,20857434
3343,2021-05-05,99.93146514892578,100.91612289514727,99.29028688462914,99.86276304077697,23178237
3344,2021-05-06,98.64911651611328,100.48104024705869,97.82475332189343,100.04596208801753,18823613
3345,2021-05-07,98.25983428955078,99.2902914176617,97.77895678113799,99.084203719098,12509591
3346,2021-05-10,100.6871337890625,100.82452558368327,98.44302846908504,98.6491161610162,17845577
3347,2021-05-11,102.3129653930664,103.13733481045183,100.0230606977136,100.75583144257931,22995780
3348,2021-05-12,103.48081970214844,107.62554468348401,102.15267001986219,102.31296458963094,55645370
3349,2021-05-14,104.8089599609375,105.33564302121965,102.51906142978508,104.30518588690718,18820793
3350,2021-05-17,104.60287475585938,105.7936202104518,104.0074958167992,105.77072364854193,10996347
3351,2021-05-18,106.75538635253906,109.84677039213656,104.6486788132227,105.74783813501422,52885042
3352,2021-05-19,107.05307006835938,108.99948907238306,105.97681982378106,107.25916397702045,28081040
3353,2021-05-20,104.8547592163086,107.6026447428746,104.60287219441223,107.16756038312946,10707136
3354,2021-05-21,104.39678955078125,104.99216232768863,103.5037241736557,104.44258267841684,21702883
3355,2021-05-24,105.79362487792969,107.3507650858907,104.6028793708031,104.87766297290048,22028927
3356,2021-05-25,106.6637954711914,107.37366347495634,105.86232879066,106.70958859781031,9165363
3357,2021-05-26,103.32052612304688,107.07596610288486,103.02283975448717,106.80118250837685,18322114
3358,2021-05-27,104.55707550048828,105.15244826361251,102.24427413785459,103.82431093410904,51194207
3359,2021-05-28,103.25182342529297,105.79361498946358,102.95413086457225,105.79361498946358,15307498
3360,2021-05-31,103.34343719482422,103.77852163348814,102.4732745292613,103.50373178863539,13102261
3361,2021-06-01,102.77095031738281,104.41968300432409,102.54195983896776,103.64111289300718,15733731
3362,2021-06-02,104.16778564453125,104.48837476726239,102.63354834876993,102.67934768226918,7995532
3363,2021-06-03,103.64111328125,105.99972018717195,103.34342690054814,104.90056091725074,10291328
3364,2021-06-04,103.57241821289062,104.48838634911384,102.95414267152802,103.50372231090908,6142487
3365,2021-06-07,108.1980209350586,108.90788890087747,103.91589794276791,104.09908907474401,18058790
3366,2021-06-08,107.19046020507812,109.43457175611445,106.27449833502703,109.43457175611445,22511761
3367,2021-06-09,110.87723541259766,112.43436340077135,107.07598307053205,108.0835437826033,39865778
3368,2021-06-10,110.67113494873047,113.57930923688072,110.02995659969878,113.57930923688072,32690784
3369,2021-06-11,112.80072784423828,113.94568019383114,111.74737416731848,113.94568019383114,29142097
3370,2021-06-14,113.89988708496094,114.40366114944,110.87721785103034,113.55640138003572,18732629
3371,2021-06-15,113.3961181640625,115.18223645657399,113.14421869686885,114.74715205922793,15026686
3372,2021-06-16,110.9001235961914,113.3503168581302,110.35054393809855,113.05263667666304,30706682
3373,2021-06-17,109.84676361083984,111.77027366993497,108.42701520587866,111.77027366993497,22261167
3374,2021-06-18,106.70958709716797,112.20535854352562,105.38143736155348,111.74737758966248,49278209
3375,2021-06-21,107.55685424804688,107.83163783800606,104.60287475011013,106.20580801310379,11719831
3376,2021-06-22,107.19046020507812,108.54150644810906,106.27449833502703,106.27449833502703,10961545
3377,2021-06-23,106.36609649658203,108.08352499469063,106.2516012633748,107.9690297614834,10721151
3378,2021-06-24,105.86231994628906,106.6866831212577,104.46546819524131,106.36609399112334,12964208
3379,2021-06-25,105.72493743896484,106.61800290502053,105.0608749044777,105.99973350272899,7736431
3380,2021-06-28,106.18289184570312,106.48058440096358,105.65622126331614,106.25159395031001,9989595
3381,2021-06-29,108.08353424072266,108.95370305694765,106.09132198190356,106.52639396648709,61089570
3382,2021-06-30,106.43479919433594,108.81630254291812,106.2516018507804,108.61020863730013,17437744
3383,2021-07-01,105.70203399658203,106.68669808650327,105.42725037422368,106.50350072257814,15924813
3384,2021-07-02,104.39678955078125,105.83942215364965,104.23648875699881,105.70203034721393,9549992
3385,2021-07-05,105.4730453491211,105.74784139981747,104.57997992553459,105.01506435482335,6849185
3386,2021-07-06,104.78605651855469,105.56462656473549,104.55706605929724,105.06085252378013,5343938
3387,2021-07-07,105.77073669433594,105.99972718873423,104.7860725990115,104.7860725990115,7228897
3388,2021-07-08,105.86231994628906,106.77828179037145,105.12954301690658,105.38143003932372,8740010
3389,2021-07-09,105.45014190673828,105.99972154875833,105.33564666563115,105.81652419357539,2990856
3390,2021-07-12,104.87767028808594,106.13711799534718,104.5112879852249,105.65624044637148,5578309
3391,2021-07-13,104.71736907958984,106.205807096669,104.55706830055695,105.51883570417093,8264289
3392,2021-07-14,105.31275177001953,105.9997232275424,104.62578031249666,104.71737899153884,9228746
3393,2021-07-15,105.51884460449219,105.99972213509642,105.01505808671679,105.7936282152578,5376823
3394,2021-07-16,107.09886169433594,108.31251614338892,105.56463052910563,106.09131357458779,15903784
3395,2021-07-19,106.77828979492188,107.46526122948194,106.02261624749438,107.09886652556041,13725925
3396,2021-07-20,105.93101501464844,108.22091974124372,105.77072665319807,107.579753871914,14178067
3397,2021-07-22,106.82408142089844,107.39655760832524,104.74027058337055,107.39655760832524,10378326
3398,2021-07-23,106.70958709716797,107.14467148804364,106.2745027062923,107.05307281256532,6660369
3399,2021-07-26,106.57218933105469,107.78584376027726,106.2744967582936,106.91567502722773,12963701
3400,2021-07-27,106.18289184570312,107.55684697315158,105.6333247029562,106.70957485161715,10832912
3401,2021-07-28,104.46546936035156,106.43479728591484,104.14488643840552,106.2515999456441,13828088
3402,2021-07-29,102.22135162353516,105.97679793861003,102.06869130522746,104.41965772246019,28609665
3403,2021-07-30,104.51126098632812,105.76306819729002,102.70986790886109,103.22891052918816,34142169
3404,2021-08-02,104.41966247558594,105.03030377661275,103.38157102148743,104.72498312609935,9575755
3405,2021-08-03,106.5263671875,106.98434815120125,104.48072136767348,105.36615868494648,20959435
3406,2021-08-04,107.0148696899414,107.83923282053655,106.15996953010952,107.25912865325436,23323277
3407,2021-08-05,106.9843521118164,107.32020980037578,105.79360653152264,107.01488914660516,6621382
3408,2021-08-06,106.86222839355469,107.77819035121372,106.58744477566864,107.16754904610771,5340311
3409,2021-08-09,107.7476577758789,108.08351547699897,106.28212852179418,108.08351547699897,16415005
3410,2021-08-10,105.39668273925781,107.53392722525939,104.63338113711438,107.53392722525939,11925263
3411,2021-08-11,107.68658447265625,108.08350377914975,105.3661551224751,105.61040168936805,31279965
3412,2021-08-12,114.18992614746094,114.61737009945679,107.65606903249925,108.0835129844951,58107755
3413,2021-08-13,112.81597900390625,114.37311927215387,112.11373903149008,112.48012132298102,26776843
3414,2021-08-16,110.3428726196289,112.54119113244472,110.15968769257988,112.35799378186725,21308655
3415,2021-08-17,111.9000015258789,112.20532213031514,110.52605880591587,110.55659583577037,15962459
3416,2021-08-18,110.28181457519531,113.57928002846957,110.00703096389282,112.17480009096404,25227527
3417,2021-08-20,109.06053924560547,109.9459766297846,108.11405263655429,108.26671296932348,18720467
3418,2021-08-23,107.25914001464844,109.85436537475238,106.37370273179013,109.61010638556635,13112745
3419,2021-08-24,107.8392333984375,109.48797209199022,107.13699353397212,108.26668969240762,11029463
3420,2021-08-25,107.16754150390625,108.35828699564945,106.89275790535883,108.20562668011682,12001351
3421,2021-08-26,105.7020034790039,107.10648339767322,104.78604155557488,107.10648339767322,12115246
3422,2021-08-27,106.4653091430664,106.77062979585612,104.87764423326576,106.12946387911524,8051699
3423,2021-08-30,107.16754150390625,107.68658409201154,105.51881506556516,106.98434415585578,14512401
3424,2021-08-31,107.07595825195312,108.11405600120844,106.83169922721481,107.16755693917126,43248333
3425,2021-09-01,107.25914001464844,108.57202121093609,106.64849875344751,108.57202121093609,11817591
3426,2021-09-02,107.32019805908203,107.53392000863352,106.37369916653248,107.10647610953053,13545023
3427,2021-09-03,107.19807434082031,107.96137588860876,106.49583443214938,107.47285792861304,12286475
3428,2021-09-06,106.3126449584961,107.68658784618825,105.64094203144123,107.28966852726033,13950485
3429,2021-09-07,105.64094543457031,106.34318541782963,105.30508774845916,106.3126483832635,12485031
3430,2021-09-08,107.41197967529297,107.87804265853211,105.76522759401162,106.41771450626965,25370295
3431,2021-09-09,107.8158950805664,108.21981882988266,106.8216299887802,107.1323386201363,5078350
3432,2021-09-13,108.06446075439453,108.31303017938443,107.31875247942484,108.28195426022339,7522483
3433,2021-09-14,108.18875122070312,108.81016853115261,107.81590336298693,108.06447281572024,8434427
3434,2021-09-15,110.55015563964844,111.23371223657075,107.97127095588921,108.12662530258832,20064238
3435,2021-09-16,111.51331329345703,112.88043874131326,110.79869361606649,111.20260468841226,16214883
3436,2021-09-17,111.10940551757812,112.10367055466675,109.8354951419932,111.57546843897272,21219226
3437,2021-09-20,109.99085998535156,111.35797296196097,108.81016460949776,110.1151383858553,7833069
3438,2021-09-21,109.30731201171875,110.86085535286664,109.02766662465129,109.40052714074123,9481007
3439,2021-09-22,109.83551788330078,110.27050497622625,109.24517645107785,109.24517645107785,9165634
3440,2021-09-23,110.76763153076172,111.07834017460677,109.99085992114908,109.99085992114908,10295913
3441,2021-09-24,109.462646484375,111.54439165523713,109.24515298463105,110.79869604389619,7093411
3442,2021-09-27,109.36943817138672,110.08407055162806,108.81016010672971,109.68014680255543,5205649
3443,2021-09-28,114.30968475341797,117.3857073679548,109.43156243819485,109.89762532135816,38873626
3444,2021-09-29,121.20745849609375,121.98423017924543,113.37758981571031,114.03008308666502,53686662
3445,2021-09-30,118.00714111328125,123.04061842957414,117.23036953228646,121.14529071484021,23618199
3446,2021-10-01,119.21887969970703,120.24422054296741,117.85176700386954,118.56639926691552,16994903
3447,2021-10-04,119.09461975097656,119.96460643873357,118.10035466901131,119.3121132622242,10757286
3448,2021-10-05,118.0382080078125,121.23850954812865,117.66536016606344,119.09462497599633,17200858
3449,2021-10-06,116.57788848876953,119.40534239517746,116.04968628723397,119.28105134361337,8929507
3450,2021-10-07,117.01287078857422,119.0324768088996,116.57787113699835,118.69069227143042,6733699
3451,2021-10-08,116.64000701904297,118.1624867921641,116.20502002258876,117.44785446133301,8165175
3452,2021-10-11,120.21316528320312,121.23850630264046,117.63429373852638,118.06928076846141,12982042
3453,2021-10-12,120.15100860595703,120.95885599290452,119.09460446250095,120.49279311030362,8539966
3454,2021-10-13,123.91061401367188,127.079839762822,120.6481731395652,121.23851452634416,33075614
3455,2021-10-14,127.17305755615234,127.98089248960174,123.19598416428761,124.40774288584561,19185455
3456,2021-10-18,126.64485931396484,130.46656585176046,125.61951817145724,130.37336336470648,38546365
3457,2021-10-19,123.44452667236328,127.26624489930256,122.41918578570665,126.76910609281298,16174177
3458,2021-10-20,120.77244567871094,124.43881015438477,120.15102839953798,124.28345583459152,21909934
3459,2021-10-21,120.5860366821289,122.63670626401561,120.24425209709722,121.95314973672004,16946547
3460,2021-10-22,120.83458709716797,122.41920624526685,118.84605682440247,121.73564975417666,7705870
3461,2021-10-25,119.71605682373047,121.1763850898493,118.38000697239124,120.83460048505256,7862419
3462,2021-10-26,118.31783294677734,119.90243916136254,117.88283333752204,119.68494567811729,8525850
3463,2021-10-27,118.22462463378906,119.21888964486308,117.16822043004144,118.16248544111546,9862679
3464,2021-10-28,115.52146911621094,118.75283375386407,115.11754537581271,118.50426432571392,11095238
3465,2021-10-29,114.99327850341797,117.2303782953547,112.66296358624062,116.14289800067193,12988035
3466,2021-11-01,116.67110443115234,117.1371674315431,114.68257401992567,114.71363730095757,5475153
3467,2021-11-02,115.27288818359375,118.84603700869167,115.05539469670602,117.23035485111345,10946890
3468,2021-11-03,114.30968475341797,116.391442412426,113.71934349185037,115.2728864357281,13957727
3469,2021-11-04,114.99327850341797,115.49040476675526,114.4961395973131,114.93112665807918,830214
3470,2021-11-08,117.54109191894531,118.28678766685246,114.71363797615855,116.5778899886945,11947323
3471,2021-11-09,115.9253921508789,118.28677009701406,115.14862059436743,118.28677009701406,10381150
3472,2021-11-10,114.58934783935547,115.89432158603358,114.06114568507704,115.55253702827099,13857851
3473,2021-11-11,113.19115447998047,115.1175454241114,112.2900918829039,114.96219111179815,8851354
3474,2021-11-12,113.09793853759766,114.15434279650171,112.04153427869362,114.15434279650171,9590673
3475,2021-11-15,117.01287078857422,117.29250348812823,113.09793713822167,113.22221552851988,24821341
3476,2021-11-16,116.57788848876953,118.90820347445697,115.8943319548548,117.44787527864644,23206330
3477,2021-11-17,118.72176361083984,120.43066094673499,116.20501884086985,116.20501884086985,18359498
3478,2021-11-18,119.6228256225586,120.83458425357647,118.72177562952137,119.21890186463035,10742933
3479,2021-11-22,120.67922973632812,122.4192031632681,119.31211678856586,120.8035207769763,25095721
3480,2021-11-23,125.43309783935547,125.77488246149831,120.02677159499764,120.0889108055411,19671538
3481,2021-11-24,126.33415985107422,128.91303189325325,125.52631219075873,125.65059061106767,18120478
3482,2021-11-25,126.9244613647461,127.39052425837428,125.0602097902333,125.89912047021103,18537454
3483,2021-11-26,125.52629089355469,127.35946681731913,124.78059521267997,126.80020137804657,12814537
3484,2021-11-29,124.43881225585938,126.76912709211142,123.35133199894175,123.66204064377536,16066147
3485,2021-11-30,128.47802734375,130.186924926315,124.46989079811361,124.46989079811361,37739647
3486,2021-12-01,128.7576446533203,129.72084641434154,127.20410158248988,128.63336626476024,20332817
3487,2021-12-02,133.29400634765625,134.22613226617133,128.32266811557582,129.87621131310095,33758843
3488,2021-12-03,128.0740966796875,134.5057628886659,127.7012488466448,132.4550934855477,47614182
3489,2021-12-06,125.52629089355469,129.25479458346226,125.12236713192799,128.85087082183554,11322446
3490,2021-12-07,127.8876724243164,128.6022921326123,125.61949698084427,125.89912968037169,8049102
3491,2021-12-08,127.26626586914062,129.03730261458279,126.48949425773904,127.48375939177963,8788449
3492,2021-12-09,126.27197265625,128.29157859900792,125.5884162503312,127.70123730361568,5755422
3493,2021-12-10,125.93022918701172,126.92449442383446,125.43309024721613,126.92449442383446,6164402
3494,2021-12-13,127.01770782470703,130.2801488853959,126.5827080976209,127.70126437553581,21648126
3495,2021-12-14,131.8958282470703,132.45510637243126,126.27199635540019,126.83127448076114,48042035
3496,2021-12-15,130.4044189453125,134.00864437196162,129.13052105553132,132.4240251868663,15207306
3497,2021-12-16,129.37908935546875,131.61620196673104,128.1984064851308,131.36763249406093,13410737
3498,2021-12-17,130.46653747558594,130.8083219963405,127.4216032772944,129.3790573639774,15209414
3499,2021-12-20,130.4044189453125,132.1443924566812,128.9440908068963,130.96369704845011,22539246
3500,2021-12-21,128.38482666015625,131.58512865783808,127.26628297505434,131.39869838893668,17566511
3501,2021-12-22,127.0921401977539,128.00646697308235,124.85359832842515,125.98863617212389,14750231
3502,2021-12-23,131.38003540039062,132.1682525708142,127.40742855888911,127.69118160861939,15932489
3503,2021-12-24,129.5198516845703,131.60073737609446,129.1730309881217,131.28545049897966,8975969
3504,2021-12-27,129.96124267578125,130.68640502823877,129.26761414132181,129.51984619814033,8648187
3505,2021-12-28,129.6459503173828,131.56920523642563,128.19563850299008,130.30805783483817,15736206
3506,2021-12-29,129.01536560058594,129.83511647324514,127.81727310556624,128.00645033127336,17172943
3507,2021-12-30,129.4883270263672,133.30330364098322,127.15520910227497,129.01539667723577,87481206
3508,2021-12-31,128.8892822265625,130.02430732457566,128.3532970834127,128.63705015065193,9842223
3509,2022-01-03,129.2676239013672,130.49723763124547,128.73163875831912,129.5198559772299,7410054
3510,2022-01-04,132.798828125,134.3122076787406,129.58290459146102,130.08736871905978,14784090
3511,2022-01-05,131.5692138671875,133.27175783939327,131.1908721877035,132.4204858532904,9565107
3512,2022-01-06,129.8666534423828,131.60073118493446,129.04691529788246,131.00169127822053,5615931
3513,2022-01-07,129.3937225341797,131.47462094697693,128.952326060704,130.49722654692408,11908249
3514,2022-01-10,128.63702392578125,130.68638827754,128.29020328847753,130.68638827754,11085710
3515,2022-01-11,128.5424346923828,129.77206099493384,128.3217364829158,128.98384394037046,7208789
3516,2022-01-12,129.23609924316406,130.33960342787194,128.85775751707567,129.89820688561167,11018139
3517,2022-01-13,131.15933227539062,133.3663402704092,130.2450055233621,130.90710022443463,20522807
3518,2022-01-14,131.00167846679688,132.19977099211147,130.2449952029424,131.1277880677546,14183654
3519,2022-01-17,130.11888122558594,132.1367247753691,129.77207338589616,131.88449272801432,7574539
3520,2022-01-18,129.36219787597656,131.06474174429343,129.01537720733006,130.05582638421473,8475422
3521,2022-01-19,129.04693603515625,130.78101405636662,126.7768728277469,129.8982081343026,13724367
3522,2022-01-20,135.35264587402344,135.79404232784648,129.51983920921577,130.59180935653154,30170343
3523,2022-01-21,135.63638305664062,138.25326614468824,134.31218102083736,134.87969984448253,29509593
3524,2022-01-24,134.9427490234375,137.3073999993155,133.36631503951884,136.45612821380993,12850189
3525,2022-01-25,138.0010528564453,138.85232479289638,133.65009172351728,134.62748609847714,27389035
3526,2022-01-27,135.478759765625,138.28482048784224,133.90232548203835,137.46506952875518,28512473
3527,2022-01-28,132.5465850830078,137.14977817165533,131.94754520652359,137.14977817165533,18932049
3528,2022-01-31,135.82557678222656,136.67684870662993,133.17715955968256,133.68162364846847,19907759
3529,2022-02-01,134.28067016601562,136.86603271252037,133.24023377867945,136.834498894517,8622355
3530,2022-02-02,134.9427490234375,137.33893381061492,134.4698188282619,135.47873401215932,9921099
3531,2022-02-03,133.24021911621094,135.5733365200507,133.05104188711954,134.94276286181793,4594389
3532,2022-02-04,132.2313232421875,134.53292022175384,131.85298152080634,133.6816481413819,7329263
3533,2022-02-07,134.72207641601562,135.13195189548276,132.42047979659708,133.08258732720208,7869237
3534,2022-02-08,132.4520263671875,135.8255934924511,131.47463188581435,134.9427876429941,9074237
3535,2022-02-09,132.01060485839844,133.46092953659644,131.60072937725073,132.79882200327668,9833985
3536,2022-02-10,133.71311950683594,136.01470258228662,132.45197247193647,132.45197247193647,19180334
3537,2022-02-11,131.03323364257812,133.68163832686528,130.56030331830854,132.54660041699586,20071130
3538,2022-02-14,127.28130340576172,130.49722682684697,126.90296173782025,130.49722682684697,12109375
3539,2022-02-15,128.2902374267578,128.542469518366,125.48418908389162,127.37591052736738,19046061
3540,2022-02-16,127.22086334228516,130.26690000858162,126.83199637594366,128.711471699736,20270061
3541,2022-02-17,127.67453002929688,128.87350140516088,127.02643596823445,128.4846476056249,16405551
3542,2022-02-18,126.83203887939453,129.71606619020824,126.54040174241293,127.54495309959175,14600643
3543,2022-02-21,128.41986083984375,128.97073824045233,126.73481865571361,126.83202223160788,10682638
3544,2022-02-22,128.41986083984375,128.61428117714178,124.3044655481674,125.8598809885894,13606058
3545,2022-02-23,128.35504150390625,129.29477267268743,128.06339124822685,128.54946182218433,6493463
3546,2022-02-24,123.85079193115234,127.02645596744026,123.07308420963713,125.73026764124188,13145037
3547,2022-02-25,127.86898803710938,128.25784191119715,124.53130034562845,124.79054065685696,10920938
3548,2022-02-28,135.5488739013672,136.2617747229829,127.05884443920074,127.96616556552584,31938385
3549,2022-03-02,136.6830596923828,138.14127153863402,133.6370092577969,134.64156047052924,20502615
3550,2022-03-03,141.1873016357422,142.15944281733167,136.553426033064,136.553426033064,19805555
3551,2022-03-04,139.3726348876953,140.9604600833972,136.71543865495855,139.9559090017033,12794317
3552,2022-03-07,137.91441345214844,139.46982855988534,135.35443414844366,136.4237919241428,17635653
3553,2022-03-08,137.62277221679688,144.78421691711515,135.9701402605363,138.69213006232283,28410490
3554,2022-03-09,134.86839294433594,139.9883394790513,133.89625169795363,139.43746207653655,22830958
3555,2022-03-10,135.35443115234375,137.0070761496159,134.18786984736315,136.74783590889587,16516553
3556,2022-03-11,137.6875762939453,138.0440332973197,134.64153951886465,135.6460905752781,12992850
3557,2022-03-14,138.30328369140625,138.69213751462598,135.84052083516755,137.68758638459246,12598659
3558,2022-03-15,135.8729248046875,139.37263542988808,134.99800044476427,138.1736508485221,14528285
3559,2022-03-16,135.67849731445312,137.2663357721221,135.41925703712877,136.9098787426126,11933774
3560,2022-03-17,137.10430908203125,137.88201671054324,134.64154628256338,137.39594614634626,28464621
3561,2022-03-21,132.79449462890625,139.9883370923853,132.5352543305222,139.9883370923853,17797415
3562,2022-03-22,135.2572479248047,135.7757285347019,132.24362058449466,132.85930477142668,13285297
3563,2022-03-23,136.16456604003906,136.48861308591518,134.99800458618992,135.77571222208934,9408783
3564,2022-03-24,136.58583068847656,136.87746775738037,134.80357192504448,136.09976011663144,11188958
3565,2022-03-25,135.8729248046875,136.61823562443973,133.96103938136585,136.58582564664317,9842670
3566,2022-03-28,137.5903778076172,137.88201486803507,134.4795209641235,135.87292586663645,12823578
3567,2022-03-29,136.9423065185547,138.98379265220876,135.90534527449617,138.5949387784418,10470515
3568,2022-03-30,140.7012176513672,141.73816550925213,137.26632704802915,138.10884141390116,54218485
3569,2022-03-31,140.50680541992188,140.7984424891945,139.1782072476618,139.6966877991555,10326026
3570,2022-04-01,145.8535919189453,146.30725254410325,140.05314143723135,140.05314143723135,39663961
3571,2022-04-04,147.37660217285156,147.83026277232906,145.20548955733773,146.46926778838818,9907530
3572,2022-04-05,151.038330078125,152.0428679872283,147.05254886327566,149.02922788890282,17167487
3573,2022-04-06,153.37147521972656,154.53803671745894,149.80695758100086,149.93657113002382,17153675
3574,2022-04-07,149.9365692138672,155.47777911018326,149.0616448053721,152.91779947287296,11913911
3575,2022-04-08,150.7467041015625,151.71884537459775,149.4505157375155,151.00594441147388,6746769
3576,2022-04-11,149.64495849609375,152.6585992654796,148.0247229411025,150.681906614186,12413822
3577,2022-04-12,151.0707550048828,151.42721208819498,148.15433111218042,148.57559497822834,14769907
3578,2022-04-13,148.73760986328125,152.52895806583163,147.4738315242676,152.26971776448,11015439
3579,2022-04-18,149.7745361328125,150.22820989067236,147.47381010801493,148.7375882635018,19069923
3580,2022-04-19,147.6682586669922,151.23277671471007,146.7933341469271,150.81151285378687,15036942
3581,2022-04-20,147.1173858642578,148.41357428596933,144.8166461415157,147.92750362782752,9814641
3582,2022-04-21,147.2793731689453,148.18670747793465,145.98318506624832,146.5340623727931,11134333
3583,2022-04-22,146.11280822753906,149.191255174238,145.62673765700765,145.8535811383288,12032249
3584,2022-04-25,144.42776489257812,147.05255122352443,143.55284051076535,145.14066575236973,11042683
3585,2022-04-26,150.0985870361328,150.4874408489619,145.39990493280402,147.11735689043266,15389155
3586,2022-04-27,148.6079864501953,150.90871265652981,147.40900178414526,149.93657148006236,12680209
3587,2022-04-28,152.69097900390625,153.112242838235,149.09406438504374,151.26517714903432,18378146
3588,2022-04-29,147.6034393310547,153.17704625815517,147.1497787104976,152.36692858893971,9026331
3589,2022-05-02,150.0662078857422,151.16796268253654,146.40447324797006,146.40447324797006,12634353
3590,2022-05-04,153.98716735839844,155.1861388984501,150.94113012848237,151.0059369063618,23124643
3591,2022-05-05,151.49200439453125,155.96385657311868,150.908717034627,154.50564476611248,16481935
3592,2022-05-06,154.50564575195312,154.99171635738995,150.0013835635998,150.0013835635998,17715186
3593,2022-05-09,158.88027954101562,159.72279400366537,152.72338526980542,154.89449798097252,54118806
3594,2022-05-10,157.9081268310547,160.95416376375312,157.16281599439208,159.3015317542921,30997494
3595,2022-05-11,155.0241241455078,160.72735826123966,154.70007705223918,158.13498151509063,15412618
3596,2022-05-12,152.88540649414062,156.77397123827896,150.45505352905417,154.89449564151036,26538994
3597,2022-05-13,153.1446533203125,155.44537964753292,151.07074412357508,155.44537964753292,15074553
3598,2022-05-16,152.43173217773438,154.18159421795212,151.005930383935,152.62616568848367,7960529
3599,2022-05-17,154.6676788330078,155.08894268748813,150.84392053047176,152.23732565582515,15470937
3600,2022-05-18,147.70065307617188,154.4084246033719,147.1821725042446,153.92235401175586,19181550
3601,2022-05-19,147.9598846435547,148.8348090198067,143.6500563480817,144.52498072433372,15085602
3602,2022-05-20,148.44595336914062,151.07072646540854,146.95533172026668,149.54770802404207,15148281
3603,2022-05-23,145.5619354248047,150.35783450740107,145.30269514200057,150.35783450740107,11572501
3604,2022-05-24,147.1173858642578,148.83483816012767,145.5619571211019,145.8211974425463,16336858
3605,2022-05-25,145.72396850585938,148.67280219322956,144.23335985666327,148.02470803648967,11062614
3606,2022-05-26,147.24696350097656,148.47834483822257,145.10826103834566,147.11734996463795,14150454
3607,2022-05-27,145.62673950195312,148.1867191171558,144.78422508032972,148.15430913783987,8430491
3608,2022-05-30,147.927490234375,148.99684822256873,145.36752360748,145.49713716371167,9305758
3609,2022-05-31,150.94113159179688,152.39934344301227,147.89508114684133,147.92749112884988,26351545
3610,2022-06-01,148.5431671142578,151.0059300458616,147.86267619917606,150.45505268065008,10282009
3611,2022-06-02,146.17762756347656,148.67278717782122,145.52953347219182,148.67278717782122,10071898
3612,2022-06-03,146.46925354003906,147.83024839158404,145.8211594978265,146.46925354003906,16082518
3613,2022-06-06,145.69154357910156,147.40898221445048,144.88142603959477,146.46925114282533,12693293
3614,2022-06-07,145.82115173339844,146.63126924302844,144.9786242491807,145.1406477511067,9103195
3615,2022-06-08,145.52952575683594,146.79330389363784,144.5573846714476,144.5573846714476,11240130
3616,2022-06-09,145.72396850585938,146.2748459019864,143.22880863951272,145.6267517452465,9468041
3617,2022-06-10,145.46469116210938,147.4089731371993,143.90927613044224,143.90927613044224,9019239
3618,2022-06-13,144.10372924804688,146.14522842411077,143.5528518666986,143.77968217837036,10186775
3619,2022-06-14,145.14065551757812,147.31178110796844,143.87687740913316,144.10370768686596,17023962
3620,2022-06-15,144.03892517089844,146.66371175867758,143.81209485497524,145.33511347389864,5898563
3621,2022-06-16,140.21514892578125,145.36750467588828,139.76148835254256,144.75180740019854,11883333
3622,2022-06-17,136.9746856689453,140.57161320526623,136.26178479463627,138.82175122049867,19675226
3623,2022-06-20,134.96559143066406,136.68304337048474,133.7342100482167,135.51646875858563,7402273
3624,2022-06-21,136.32659912109375,138.14126797943305,134.3499199139656,135.4840846540504,9459619
3625,2022-06-22,136.5210418701172,136.9098957416305,134.93320321529887,136.61825863437298,10257637
3626,2022-06-23,135.16004943847656,137.20153560125263,133.6046207357104,136.1645875279119,13114525
3627,2022-06-24,135.41925048828125,137.39594267359018,134.64154287942623,137.39594267359018,9499105
3628,2022-06-27,137.10430908203125,138.27087052479925,135.8729276822973,138.27087052479925,17545390
3629,2022-06-28,136.294189453125,137.10430704810196,135.03039809365632,135.80811889613884,6770087
3630,2022-06-29,136.81263732910156,139.34020650276452,135.09518563510585,135.516449361634,41502918
3631,2022-06-30,137.33116149902344,139.17822730343383,136.3590202140169,137.07192118591968,22260722
3632,2022-07-01,133.83145141601562,137.97925690572058,132.9889236873766,136.78028528074208,11133663
3633,2022-07-04,136.55340576171875,137.49315000905546,132.8916850697209,132.8916850697209,20178279
3634,2022-07-05,138.78936767578125,139.95592925814643,136.71545844239395,136.74786842475527,20083997
3635,2022-07-06,136.39138793945312,138.78934384263454,134.93317632277112,138.69212709775428,19203527
3636,2022-07-07,137.75241088867188,139.53466972395668,137.46076062250188,138.20607149981365,14069302
3637,2022-07-08,141.80299377441406,142.19184759572252,137.81721243860906,138.69213683293012,17142257
3638,2022-07-11,140.6688232421875,143.39081306342575,140.1179327339897,142.5806954754968,10826079
3639,2022-07-12,138.36810302734375,140.60402260299637,138.1412727086631,139.40505104524772,8503695
3640,2022-07-13,138.98377990722656,140.44199168926534,138.33568578187598,139.01618988769758,10210005
3641,2022-07-14,139.2429962158203,142.09461251339567,137.94680818833208,142.09461251339567,10898403
3642,2022-07-15,135.6461181640625,140.63643811323126,135.32207107163572,140.63643811323126,22067479
3643,2022-07-18,136.26177978515625,137.65518468878852,135.386855417692,136.3265865558003,15155654
3644,2022-07-19,136.09974670410156,137.07188775198802,135.84050645423048,136.0349399380105,14922395
3645,2022-07-20,135.6136932373047,137.59038555749987,135.12762265222474,136.94229144405995,14181034
3646,2022-07-21,137.5903778076172,138.17365192845295,135.7432991399447,136.06734617841246,12461554
3647,2022-07-22,136.09974670410156,138.6597128559998,135.7756996881394,138.6597128559998,9272199
3648,2022-07-25,134.73876953125,136.74785865639868,134.41472247282252,136.0997645395437,6635194
3649,2022-07-26,135.5164794921875,136.7478609721666,134.22029123652715,134.7387718129948,11451315
3650,2022-07-27,136.5210418701172,136.74787219637415,135.71092414383537,136.0349712343481,9209354
3651,2022-07-28,138.82174682617188,139.21061382303859,136.13216693939347,136.74785104191935,13192642
3652,2022-07-29,138.6597442626953,141.15491739917076,137.94684330320655,140.2475829118624,15433067
3653,2022-08-01,141.90020751953125,142.67792840344453,138.78936354040545,139.37265090696312,12136557
3654,2022-08-02,144.2657470703125,144.78422763546797,140.86325297343953,142.54829503193207,17748747
3655,2022-08-03,144.91384887695312,145.65915978436428,142.35388226618133,144.75182533992935,12406038
3656,2022-08-04,143.0991973876953,145.3027070077019,141.99742939218243,145.17309344846961,9712267
3657,2022-08-05,144.94625854492188,145.659159469182,141.8354013665933,143.68246704756564,14099223
3658,2022-08-08,143.81210327148438,146.66372034207572,143.29362264573686,145.8211926216135,8392041
3659,2022-08-10,144.8490447998047,145.7563792611559,142.93717230148306,143.0667858593149,8585266
3660,2022-08-11,144.42776489257812,147.05255122352443,143.6824540541791,145.59433952533382,5040626
3661,2022-08-12,147.79786682128906,148.15431066990902,143.87689218791067,144.52498629686522,13279062
3662,2022-08-16,148.3163299560547,149.02923081841766,147.14976850459925,148.5431602506009,11298246
3663,2022-08-17,148.08949279785156,149.67731797159055,147.57101227534102,148.31632308188463,11225465
3664,2022-08-18,149.9365692138672,150.1633995145128,147.60343306271085,147.7330466100774,11360485
3665,2022-08-19,149.31484985351562,150.3292534934643,147.71141703165384,149.51117959914853,9829530
3666,2022-08-22,147.87501525878906,151.04915226545526,147.67868553513142,149.28210486251686,9190493
3667,2022-08-23,148.9221649169922,149.77295370877786,146.72971640680498,147.2205607034134,8903751
3668,2022-08-24,150.16561889648438,150.49284841102454,148.23497008669855,148.79125759841625,13007225
3669,2022-08-25,148.10409545898438,151.18004781581533,147.3187365722374,150.85281827508845,12124365
3670,2022-08-26,150.82008361816406,151.3109279085009,148.30041892410233,148.30041892410233,7966045
3671,2022-08-29,148.59494018554688,149.80568682662073,147.64596652578314,149.38028575948556,7517013
3672,2022-08-30,150.26380920410156,150.68921028920013,149.28212053772242,149.3475637858134,7214498
3673,2022-09-01,147.9731903076172,150.59102653885324,147.25328800702798,147.28601628591989,13109081
3674,2022-09-02,146.72972106933594,149.7729584680117,146.4679480881629,148.88944136904237,6897237
3675,2022-09-05,146.20616149902344,147.61325118752762,145.0935730712509,147.25329336662978,18055474
3676,2022-09-06,147.28602600097656,149.21667502285825,146.59883861894846,146.59883861894846,14103701
3677,2022-09-07,146.860595703125,148.52945808957986,145.97707875558987,145.97707875558987,7866745
3678,2022-09-08,146.860595703125,148.4967431300426,146.2388516918952,147.9077273933519,7187735
3679,2022-09-09,145.87893676757812,148.00592885299704,145.6171504632949,147.94048560567737,9162027
3680,2022-09-12,146.56607055664062,147.05691474914778,145.42076744079057,146.30429763930417,8778919
3681,2022-09-13,148.43133544921875,148.88945151248592,146.46795806663653,146.79518763040022,11278383
3682,2022-09-14,152.19448852539062,152.6198763428744,147.05697328032957,147.2533163614807,25072958
3683,2022-09-15,155.49949645996094,155.92489758436753,152.063585810148,152.78348823567904,23606369
3684,2022-09-16,154.22328186035156,156.05575925964794,152.75074895904012,156.02304429528775,29399642
3685,2022-09-19,152.58714294433594,155.826710187035,151.60545428715386,154.41962044873975,13920046
3686,2022-09-20,152.29261779785156,154.6159527847455,151.8999450252085,153.14341990108124,20162973
3687,2022-09-21,148.59494018554688,153.37248350451478,146.7951777065169,153.04525396287298,14468837
3688,2022-09-22,144.0464324951172,148.16952978611687,143.42470173115842,146.59882542216445,26264530
3689,2022-09-23,132.5606689453125,143.81735783926817,129.64831855638087,142.8683976641679,87162722
3690,2022-09-26,131.44808959960938,137.01099118901533,121.95843394709335,130.8918021036693,167547134
3691,2022-09-27,134.06591796875,136.06202316258987,131.7098683287272,134.68766198216005,54127095
3692,2022-09-28,135.93116760253906,137.69821539369522,132.56071344673475,134.2950196375831,52877873
3693,2022-09-29,136.1274871826172,138.81076671888914,134.85129731628172,136.7492179759593,36761869
3694,2022-09-30,138.87620544433594,143.1301892803736,135.4730237015072,135.4730237015072,62897614
3695,2022-10-03,137.95997619628906,140.47964093295914,136.78194455355836,139.3997808129566,11740863
3696,2022-10-04,136.4219970703125,138.97439027946663,136.1274957948352,138.81077550086707,19179333
3697,2022-10-06,135.01492309570312,138.02543241399454,134.55679371824257,136.6837858789383,20692745
3698,2022-10-07,137.0437469482422,137.27280498485828,133.50966491971914,133.50966491971914,14282850
3699,2022-10-10,136.7492218017578,138.71259907566676,135.83298972593707,136.09476271045483,16834226
3700,2022-10-11,136.3565673828125,138.38538817621648,135.17854884874217,137.43642769196487,17807162
3701,2022-10-12,141.06866455078125,141.3304375391855,137.0110101354569,137.73091248357758,35288330
3702,2022-10-13,140.0215301513672,142.21397896111495,139.56341407127377,140.67598930293235,16436903
3703,2022-10-14,139.17071533203125,142.67206847800932,138.45081306234465,142.67206847800932,23365190
3704,2022-10-17,138.6471405029297,140.6759607986942,138.09085299981726,138.71258374182477,9520537
3705,2022-10-18,138.97438049316406,140.70869968719302,138.45082122751634,139.3670532711508,13256574
3706,2022-10-19,139.98880004882812,141.95217729126608,139.36705593305365,139.3997842130959,11595367
3707,2022-10-20,142.34486389160156,142.67209346376615,138.97439663530508,139.10529645317416,16371066
3708,2022-10-21,142.21395874023438,143.26109057084972,140.05423852114978,140.93775558713762,11634491
3709,2022-10-24,143.22836303710938,144.1446083867912,143.0647482716306,143.8501071349309,1132859
3710,2022-10-25,142.99932861328125,143.58834452915178,140.2178771413982,143.22838665972927,20622687
3711,2022-10-27,146.5334014892578,147.1551323351403,142.2466888728941,143.52289216208115,24298489
3712,2022-10-28,148.43133544921875,149.87114020377703,146.07527193811606,146.46795806663653,11669879
3713,2022-10-31,149.31484985351562,150.68921133296516,148.36587614710646,149.18395004142224,11755682
3714,2022-11-01,153.8960418701172,154.38688613720348,150.39468876123567,150.95097626759954,15220278
3715,2022-11-02,152.68528747558594,154.8122791900572,152.39077294150397,153.89603394236144,12884449
3716,2022-11-03,149.24937438964844,152.8816137073925,148.36584412249266,152.48894098587988,9358215
3717,2022-11-04,148.0059356689453,150.16564281998032,147.25330500259767,149.2166824026323,8059667
3718,2022-11-07,149.21665954589844,151.76905243797364,148.16952775594538,148.75854354873246,14862038
3719,2022-11-09,143.16290283203125,151.180025390625,142.7047868689696,151.180025390625,22831150
3720,2022-11-10,140.64324951171875,144.07915945101968,139.72700419823786,141.36315178838117,16217631
3721,2022-11-11,140.08697509765625,142.57391167829755,139.7597455490189,141.36316501134021,12123886
3722,2022-11-14,141.62820434570312,143.2029652178748,140.89108368569373,141.3601567511178,18460862
3723,2022-11-15,144.74423217773438,145.0792882707384,140.48902252327687,140.72355906168622,15258103
3724,2022-11-16,145.48135375976562,145.71589029963255,143.03544153894237,144.71072201437372,9825807
3725,2022-11-17,146.28550720214844,147.7262376089781,144.91177165904529,145.3473473410147,9449665
3726,2022-11-18,146.31900024414062,146.62055892267287,145.3138319159691,146.31900024414062,5828998
3727,2022-11-21,146.78810119628906,147.0896462705631,145.0793094194848,145.74942170317755,4712051
3728,2022-11-22,145.950439453125,146.88858560603725,145.34733575949048,146.4195125295811,4366445
3729,2022-11-23,144.1746368408203,146.62054900054446,143.57153315803714,146.25198185176944,13510578
3730,2022-11-24,147.92727661132812,148.0948046709106,144.14113973807045,144.34217886295676,7622243
3731,2022-11-25,147.82675170898438,148.02779082660862,145.14630285248975,147.9272712677965,10989671
3732,2022-11-28,148.29583740234375,148.89892748406504,146.8550934253553,146.8550934253553,4526153
3733,2022-11-29,146.98910522460938,148.93243329007092,146.4530236560641,148.29583216696486,6476054
3734,2022-11-30,150.10513305664062,150.741734194342,145.84992330605886,146.98910859461952,17317951
3735,2022-12-01,148.69790649414062,150.67473211832868,147.7597466458858,150.10513944978874,13241961
3736,2022-12-02,147.29066467285156,148.4298499413622,146.45302443616214,146.45302443616214,12880949
3737,2022-12-05,148.69790649414062,148.93244304783727,145.54837083453288,147.22365140874928,16477957
3738,2022-12-06,149.7700958251953,150.20567153751054,147.02263818104666,148.4633823217189,11299945
3739,2022-12-07,148.12832641601562,150.1721607101978,147.7262481372538,149.33452035189296,5813973
3740,2022-12-08,145.950439453125,148.66438562427942,145.34733575949048,148.6308881950853,11176439
3741,2022-12-09,145.54837036132812,146.72106675946694,144.54320202006627,146.3525132144185,6020031
3742,2022-12-12,144.4427032470703,146.08447283239548,143.8060884193249,144.74424831099736,8194429
3743,2022-12-13,144.94528198242188,145.28033810014963,142.76741721719134,144.44269780583022,8235450
3744,2022-12-14,146.8885955810547,147.7932579996746,144.9452810179393,144.9452810179393,10055353
3745,2022-12-15,144.97877502441406,147.69273494922248,144.67722998097665,147.0896312288797,5385778
3746,2022-12-16,142.867919921875,146.21848102354625,142.46585531636805,144.07412737186385,11166617
3747,2022-12-19,146.68756103515625,146.8885865119627,143.06895248449885,143.43751964217844,7758862
3748,2022-12-20,145.6154022216797,146.6875791306475,143.33701776920495,146.6875791306475,6541929
3749,2022-12-21,144.77777099609375,146.25201263455466,143.30351572416288,145.44788331057052,7005861
3750,2022-12-22,144.07412719726562,145.41435163630996,142.63338319859938,144.8112479120464,6961415
3751,2022-12-23,141.5612030029297,144.27516288075162,141.02510778669128,143.00194696728616,4554651
3752,2022-12-26,141.9632568359375,143.57152872925965,141.36015317175838,141.72872030916415,6864331
3753,2022-12-27,142.49935913085938,144.20813702569373,141.9297664992479,142.70038460665128,13115851
3754,2022-12-28,144.5767059326172,146.35250597435788,142.39884130095552,142.39884130095552,16815549
3755,2022-12-29,144.5767059326172,145.07929007838527,143.06895349531294,143.43752065559653,22536873
3756,2022-12-30,143.20297241210938,145.24682008585097,142.90142737396872,144.7777469968616,4643134
3757,2023-01-02,144.10763549804688,144.40918053766185,142.73390002098364,143.77257939471124,5959394
3758,2023-01-03,144.47616577148438,144.87823030406264,143.63852564800237,144.2416292636025,2873110
3759,2023-01-04,141.42718505859375,144.34217039767918,141.0586178957404,144.34217039767918,9954542
3760,2023-01-05,139.91943359375,141.99677869864232,138.44517856544718,141.99677869864232,21273509
3761,2023-01-06,139.45034790039062,140.9246029395755,139.08179436569526,139.48385896421192,11510471
3762,2023-01-09,140.12046813964844,142.0302853171588,136.87042646795976,140.18747663766362,52485126
3763,2023-01-10,141.92977905273438,142.36534110554206,140.05345931191462,140.65656305956873,17248326
3764,2023-01-11,142.0302734375,142.76740775441775,140.79056861076984,142.19780148525996,9164361
3765,2023-01-12,143.06895446777344,143.3370020740319,141.66172157675115,143.1024655311061,21179555
3766,2023-01-13,143.4040069580078,144.3086556770775,142.93493388396197,143.13595935849565,6560245
3767,2023-01-16,144.50970458984375,144.67723264672196,142.5328653385999,144.07412891526675,8362194
3768,2023-01-17,146.3524932861328,146.55351874693136,144.0071008092187,144.50968491141458,13000571
3769,2023-01-18,146.98910522460938,147.52520042662198,145.0122797299391,146.28549560961855,11171369
3770,2023-01-19,147.92727661132812,148.26233273049309,146.52004363752897,146.62056319997214,11586815
3771,2023-01-20,149.6025390625,150.03811469127902,148.09478670912654,148.09478670912654,10112645
3772,2023-01-23,150.84225463867188,152.9866218750349,149.80358890086572,150.10513393976834,14393610
3773,2023-01-24,148.06129455566406,151.84743145321605,147.75974949986806,151.61289489498932,6150893
3774,2023-01-25,147.02261352539062,148.26231831910556,145.95043677497412,147.8937511704622,5790331
3775,2023-01-27,146.92210388183594,148.39634530890504,145.4143513904602,146.9556149461426,10458603
3776,2023-01-30,141.9632568359375,146.65404190527155,141.0921192174269,146.08444930211718,24288177
3777,2023-01-31,145.17982482910156,147.55871518797034,142.1643196388831,142.46586470451734,20997546
3778,2023-02-01,145.11279296875,150.77523523877508,143.13595392665047,150.77523523877508,20246369
3779,2023-02-02,142.53285217285156,145.48134842824945,141.62820347596517,144.74422777276672,12820663
3780,2023-02-03,143.9735870361328,144.17462612660952,140.99159353934667,142.86789930544302,10815686
3781,2023-02-06,145.44786071777344,145.6488862008087,142.7674118762275,143.03544585360783,6948201
3782,2023-02-07,145.3138427734375,146.21849160969126,144.14114630294995,146.08447460930887,10035526
3783,2023-02-08,145.41673278808594,146.27414276914777,144.35353882947305,145.99976878415987,12432719
3784,2023-02-09,145.999755859375,146.75427378486677,145.41671991491495,145.41671991491495,7011082
3785,2023-02-10,146.85719299316406,147.09726502007211,145.3138548777298,145.34815686239176,10892159
3786,2023-02-13,148.16043090820312,148.5033948686388,146.7885750664605,146.85716506749978,7710133
3787,2023-02-14,147.4744873046875,148.8806449750366,145.93114964684773,148.8806449750366,6010681
3788,2023-02-15,147.13153076171875,147.61167469726067,146.10263893821022,146.27412090879497,8107497
3789,2023-02-16,147.2001190185547,148.77775871137734,146.7885650850648,148.77775871137734,3963115
3790,2023-02-17,146.65139770507812,148.09184357379758,146.10264977640426,146.78857770962682,6491149
3791,2023-02-20,148.02325439453125,148.84636233687897,146.92575853108147,147.88606043398022,6841917
3792,2023-02-21,148.9835205078125,150.04671423649756,148.1947146600164,149.22360641478096,6701434
3793,2023-02-22,147.23443603515625,149.0521478786006,146.10265213601244,148.16043596891402,9128659
3794,2023-02-23,146.27413940429688,148.0918513133819,145.82828343335296,147.47451335017035,10345874
3795,2023-02-24,147.50880432128906,147.74887630149775,145.6910925478703,145.6910925478703,9808830
3796,2023-02-27,150.35540771484375,150.86985370012067,147.1658537703191,148.4691057688283,17763618
3797,2023-02-28,152.44749450683594,152.961940495048,150.0467465618464,151.31571054172133,36559278
3798,2023-03-01,150.1496124267578,152.44746798326446,149.12072062934547,151.96732405990062,12896085
3799,2023-03-02,151.14422607421875,151.59008204776023,148.02326216990906,149.53229812855986,79708558
3800,2023-03-03,152.34458923339844,154.64244498931993,151.1785173438978,151.1785173438978,9951869
3801,2023-03-06,155.80853271484375,156.9403165949265,152.96192900289006,153.64785693563843,15659957
3802,2023-03-08,156.42587280273438,156.6316428122531,154.81393097435273,155.67134090211331,11591495
3803,2023-03-09,154.88253784179688,158.0720916687812,154.6767538731734,157.07750171599426,13941653
3804,2023-03-10,155.39697265625,156.4944545145893,152.4474770789266,152.4474770789266,9605434
3805,2023-03-13,155.08828735351562,157.79771079110355,154.60814343051933,156.4258550622706,13209653
3806,2023-03-14,154.47096252441406,156.2200843084263,153.64785459972555,154.43667450144164,9583405
3807,2023-03-15,156.5973358154297,157.79770956886085,154.8139122175701,155.43125008181087,12228069
3808,2023-03-16,159.23817443847656,159.75262039469268,156.63164267821904,157.38616062295472,18437817
3809,2023-03-17,157.55763244628906,160.50712798712232,156.5973445541469,160.47282601015775,33711025
3810,2023-03-20,156.04859924316406,157.35186506085807,154.53956342598514,154.53956342598514,9281411
3811,2023-03-21,153.06480407714844,156.18576745328534,152.58464620411647,155.87710549973747,11272787
3812,2023-03-22,153.71644592285156,154.12799988873513,151.4528921328722,152.96192799285845,7589846
3813,2023-03-23,152.37889099121094,153.99081882033136,151.7615530690348,153.6478548585934,17091298
3814,2023-03-24,152.55038452148438,153.8193484849386,151.45290255188183,152.9619385156803,10371666
3815,2023-03-27,150.9727325439453,155.19119204698868,150.59548056073157,152.8933363038601,19983733
3816,2023-03-28,152.34458923339844,153.0305171578669,150.01243149915777,151.76155328864812,8689166
3817,2023-03-29,152.58465576171875,153.44206563665588,151.28140391600536,152.34458378778413,19743258
3818,2023-03-31,154.81393432617188,155.53416426318006,152.96193442420795,153.6478623812672,10202058
3819,2023-04-03,154.05941772460938,155.945719623176,153.54497175227303,155.945719623176,7643214
3820,2023-04-05,154.7796630859375,155.4312891337108,153.44209505148066,155.4312891337108,12019382
3821,2023-04-06,154.5052490234375,155.97999669972543,154.09369510232497,155.84280275586266,4282875
3822,2023-04-10,157.11180114746094,157.35187313680103,154.33378739230358,154.47096739900084,4145643
3823,2023-04-11,158.68943786621094,159.13529385123886,156.70024390202232,157.00891987099888,5106602
3824,2023-04-12,155.9114227294922,158.82661640690722,155.73994074846777,158.7237244272447,9118795
3825,2023-04-13,158.5865478515625,158.89522382438327,155.70565583668062,155.91143981856112,11428621
3826,2023-04-17,162.32484436035156,164.55411009075613,159.34106071224255,159.54683071421329,21815047
3827,2023-04-18,157.96920776367188,162.90788327453026,157.52335181839896,162.49632930783199,13482833
3828,2023-04-19,157.72911071777344,158.72371451876958,156.83741284525516,157.07748481265475,8264190
3829,2023-04-20,158.38075256347656,159.7526083432291,157.52334270113124,158.3464505868873,7308750
3830,2023-04-21,158.8266143798828,159.37534833901412,157.4890465718195,158.9980963587187,5030650
3831,2023-04-24,159.10096740722656,159.34105333126334,157.7291116366784,158.4493414983116,5725067
3832,2023-04-25,159.75262451171875,160.43855247101746,158.20928660329665,158.65514256788882,8338703
3833,2023-04-26,163.45663452148438,164.2797424716053,159.1352828952502,160.54144076154984,13581018
3834,2023-04-27,161.84469604492188,163.45663790978563,160.1641781305729,163.2508539403698,9794457
3835,2023-04-28,162.73638916015625,163.21653309296968,159.8897856735779,162.53060521452855,10585487
3836,2023-05-02,164.69129943847656,165.411529374346,163.42233551097138,163.730997509064,6732907
3837,2023-05-03,164.4169158935547,165.99455568255064,163.7995919333068,164.62269985046345,4789217
3838,2023-05-04,163.83387756347656,165.10284139857853,161.15875593892386,164.38262547039366,9189783
3839,2023-05-05,165.34292602539062,165.65158799857193,163.3880203444462,163.79958824900643,3896441
3840,2023-05-08,167.88084411621094,168.90973590854725,165.37720463047825,165.8916505266464,8758321
3841,2023-05-09,166.95484924316406,169.35559682978035,166.4746913526977,167.40070515744048,9166941
3842,2023-05-10,169.87005615234375,170.0758261600132,167.77797036531373,168.15523631223377,9689409
3843,2023-05-11,170.48739624023438,170.93323824010528,169.14982837490234,169.90434632303746,12616726
3844,2023-05-12,165.82305908203125,171.2075899571427,165.41150515974184,170.69314406547144,13853807
3845,2023-05-15,166.85195922851562,168.49818895542538,166.23462133651964,166.95485120305474,12187763
3846,2023-05-16,165.0342559814453,167.74367965862612,164.62270201744957,167.05775173355343,11418509
3847,2023-05-17,163.79959106445312,165.92596480186137,162.87357721851484,165.24003688945618,11560929
3848,2023-05-18,161.63890075683594,165.30861196586036,160.91867093173602,165.30861196586036,14497723
3849,2023-05-19,160.3013458251953,162.90787744643382,159.13527396872695,161.63891361316203,10071694
3850,2023-05-22,160.7471923828125,163.93675974633058,159.58112059432716,160.98726434453147,12566129
3851,2023-05-23,160.57571411132812,162.25624579250547,160.0612682007054,160.5414260904297,12458561
3852,2023-05-24,161.74180603027344,163.1479498662851,161.09016614557038,163.11366184408325,8877971
3853,2023-05-25,163.21652221679688,164.82846378791015,162.0847524569769,163.04504025861354,12502747
3854,2023-05-26,162.77072143554688,163.18227544817364,161.0559014202345,163.14797346577097,6811801
3855,2023-05-29,160.85008239746094,163.49090185472986,160.5757084637311,163.38800988517642,13638297
3856,2023-05-30,161.2616424560547,161.81039034439289,160.3013406290821,161.81039034439289,9469926
3857,2023-05-31,160.4042510986328,161.33025105614612,157.76343123637628,161.19307104586272,48104157
3858,2023-06-01,159.8212127685547,160.57573072448272,157.79773089285135,159.7869107888689,8804790
3859,2023-06-02,160.91871643066406,161.2616804528757,159.88982436402907,160.50716239505843,6617781
3860,2023-06-05,161.6046142578125,163.25084404766028,161.0558802980227,162.1876501955063,27428302
3861,2023-06-06,161.39883422851562,162.56490603145605,160.8157843718071,162.18764011890798,6898603
3862,2023-06-07,164.07395935058594,164.65700926976433,161.98188748524873,162.3591394829785,11153571
3863,2023-06-08,165.75448608398438,168.3610038292482,164.10825627078444,164.10825627078444,19300834
3864,2023-06-09,167.9837646484375,168.39531864430012,165.85739070711358,167.05776466893647,11037141
3865,2023-06-12,165.75448608398438,169.0469317551449,165.44581014418725,168.05234184469043,8188909
3866,2023-06-13,166.16604614257812,166.9891541017457,165.6172981996398,165.9945641548149,6443218
3867,2023-06-14,169.0812225341797,169.56136646840855,166.0631370690939,166.0631370690939,10297426
3868,2023-06-15,169.0469207763672,169.3898847170417,167.2292230549831,169.3898847170417,9732749
3869,2023-06-16,169.0469207763672,169.664258660629,167.709366989832,169.0126327554428,9702361
3870,2023-06-19,166.74908447265625,170.31591824181535,166.2689404822118,169.04694035019486,10431647
3871,2023-06-20,170.6245574951172,171.27618338888266,167.19491814848166,167.26350814436674,13426365
3872,2023-06-21,177.10659790039062,177.68964784444398,170.62458410638493,170.65888608729645,31172093
3873,2023-06-22,173.91702270507812,176.96939624424974,173.33397283233055,176.96939624424974,7430965
3874,2023-06-23,171.5505828857422,174.67156073824773,171.17333087455117,173.95133078605713,5593393
3875,2023-06-26,170.45309448242188,171.65346838722766,169.52709454690537,171.48198640082683,7305362
3876,2023-06-27,171.17332458496094,171.51628855811836,169.8700586959148,170.17872068966057,11142907
3877,2023-06-28,171.58486938476562,173.1967971813462,169.04692774599454,172.03072531707235,17808717
3878,2023-06-30,175.0145263671875,178.1354902937549,172.30510248110673,175.94052634638354,17659979
3879,2023-07-03,171.82493591308594,174.87730943204133,171.13900802520936,174.60294944108156,12467239
3880,2023-07-04,171.20761108398438,173.19680490162523,170.93323711685466,173.19680490162523,8637967
3881,2023-07-05,173.7112579345703,174.19140193018083,171.1390280539992,171.27620806553355,5340907
3882,2023-07-06,180.19325256347656,180.8105904604665,174.5000594040418,178.3069508508754,16705046
3883,2023-07-07,175.22027587890625,180.09037511658767,174.70582995565022,180.09037511658767,13149183
3884,2023-07-10,171.4819793701172,175.87192083304004,170.4530874938965,175.22028093829007,15319047
3885,2023-07-11,173.88272094726562,175.18598673555124,171.5162752975344,172.85382910734097,7486045
3886,2023-07-12,172.88815307617188,174.74015304152263,172.27081510264148,174.2257070561207,9390877
3887,2023-07-13,166.74908447265625,172.9910261246346,165.78878253652724,172.68236412438316,30591450
3888,2023-07-14,164.656982421875,167.64076571394787,162.35911300976468,166.68046395362023,72085831
3889,2023-07-17,165.30862426757812,168.01803389650718,164.07394846273718,166.33751611986594,11474161
3890,2023-07-18,165.41152954101562,167.16063745736952,164.3483356260876,165.30863755646774,14940593
3891,2023-07-19,166.85195922851562,168.87544092175057,164.9999595077663,165.30862147614496,22954874
3892,2023-07-20,167.53790283203125,168.63538476782566,166.2003489032881,167.33211886365234,10249082
3893,2023-07-21,167.4350128173828,168.94406270768602,166.13174689787917,166.85197684043752,18466409
3894,2023-07-24,169.7328643798828,170.21302231444668,166.5775986244563,167.40072053146307,14825562
3895,2023-07-25,172.27078247070312,172.5108544273676,170.2129989188856,170.7617328262276,10500017
3896,2023-07-26,172.1679229736328,175.35749087156296,171.48199499365816,174.15711690660734,12898171
3897,2023-07-27,171.96212768554688,173.81414148279367,171.2761997506939,172.85383958295157,10836773
3898,2023-07-28,177.10659790039062,179.13009380364073,171.5505840833514,172.71667001621768,17518458
3899,2023-07-31,182.4911346435547,183.1427606066886,177.75822905031143,179.71312089495285,24269734
3900,2023-08-01,172.71665954589844,179.71311889799955,171.82494764865987,179.71311889799955,31395702
3901,2023-08-02,170.48739624023438,174.08851794997176,169.14982837490234,173.47118000868312,20825405
3902,2023-08-03,170.5902862548828,171.89355223246196,168.80687626436222,170.7960702348524,10882019
3903,2023-08-04,169.66429138183594,170.83037737816196,169.14984537160888,170.11014738174762,7406390
3904,2023-08-07,170.07583618164062,170.76176415810255,168.738282209636,170.65888612582557,6345966
3905,2023-08-08,168.88697814941406,171.50944675421863,168.29255477788558,171.50944675421863,15171726
3906,2023-08-09,168.08274841308594,170.28562484493617,167.66315628982935,169.9359623709219,18442141
3907,2023-08-10,169.09677124023438,169.69119457629827,167.87295263100796,168.22261509078695,9962450
3908,2023-08-11,170.8450927734375,172.2087707491626,169.796105337402,171.68427703114483,23866073
3909,2023-08-14,170.98495483398438,171.54442050002248,168.36248620156132,171.22971572744996,9188486
3910,2023-08-16,173.4675750732422,173.8871672352576,169.97095001010732,171.05489524299685,9191471
3911,2023-08-17,170.42547607421875,173.9920445225383,169.37648870184285,173.46755083635034,15301142
3912,2023-08-18,168.5373077392578,170.3905216450217,167.9079124581566,170.3905216450217,12292241
3913,2023-08-21,172.8731231689453,173.2227856464131,169.02683591679983,169.44644227200325,9129526
3914,2023-08-22,173.292724609375,174.93613536130405,172.5234557985211,173.4325839052745,11107830
3915,2023-08-23,174.55148315429688,174.83121594536962,172.87310063566116,174.83121594536962,8487619
3916,2023-08-24,172.24374389648438,176.6844545612935,171.8940814153529,174.83124056573615,18982087
3917,2023-08-25,169.2366485595703,173.01300637298917,168.8170564087023,172.1388501304294,12851343
3918,2023-08-28,173.7822723388672,174.1319348586637,169.62129404441043,169.93598462110555,11908665
3919,2023-08-29,175.63546752929688,176.92921586695317,173.8521831802282,174.5515081441292,12363321
3920,2023-08-30,172.80320739746094,175.9501699474148,172.34864329468462,175.74038098076682,6748007
3921,2023-08-31,171.0198974609375,174.55147941061,170.32057261215476,173.32766092524022,20715819
3922,2023-09-01,176.3697509765625,176.64948380890766,171.4744762078322,172.733266839484,13120723
3923,2023-09-04,178.6076202392578,179.37687494707617,175.3907278615963,177.3488294607881,10240031
3924,2023-09-05,177.83834838867188,179.72652014656117,176.92922022210107,178.5376733697869,10893186
3925,2023-09-06,177.9781951904297,179.90133875339112,176.3347844458231,179.51670434967795,10018473
3926,2023-09-07,179.7265167236328,180.21603850996902,176.33479347538164,177.6285418202441,13760453
3927,2023-09-08,180.8804168701172,182.7336309941047,179.79645741236874,180.60068402026562,16781751
3928,2023-09-11,184.97145080566406,185.32111328355757,180.14610576517316,182.06924939358743,17683806
3929,2023-09-12,178.37448120117188,190.44948878271637,177.76839106004135,189.28394723569852,29826173
3930,2023-09-13,180.14610290527344,181.45151800536675,178.37448540319264,180.14610290527344,10692151
3931,2023-09-14,181.96434020996094,182.43055682769366,180.61231486409645,181.07853148182917,10941807
3932,2023-09-15,180.9853057861328,182.94340714228744,179.21367401307546,182.89678263261175,20516593
3933,2023-09-18,186.57989501953125,186.95286262042129,180.985295639369,182.05758816277933,25627043
3934,2023-09-20,190.8224639892578,192.0346300920111,185.04138053128378,185.2744888499747,33369524
3935,2023-09-21,187.97854614257812,191.66165458066482,186.85961487669684,191.14881345510292,20332556
3936,2023-09-22,185.69407653808594,189.1907012348448,183.1298850937961,186.99949162822395,21193988
3937,2023-09-25,185.46096801757812,187.0927262075742,183.40961771000062,186.486650285268,11951847
3938,2023-09-26,184.94815063476562,186.53328439825063,184.2488256601867,185.64747560934458,7440011
3939,2023-09-27,185.88059997558594,186.1137083205627,183.9691087012157,185.83397546102975,6736870
3940,2023-09-28,187.18597412109375,190.6359742854862,184.4352988911512,186.57989820235804,50185120
3941,2023-09-29,186.25355529785156,188.25828124072464,185.64747933218388,187.37247243405523,16293959
3942,2023-10-03,186.06707763671875,186.48666979820393,183.59612072521026,185.32112811196518,10830728
3943,2023-10-04,185.55422973632812,185.92719737131,182.19746411027828,185.460980713681,14120040
3944,2023-10-05,183.31639099121094,186.02044184825996,182.15084937562034,186.02044184825996,14575590
3945,2023-10-06,183.73597717285156,184.10894478663246,181.6846268414517,183.68935266417833,12857229
3946,2023-10-09,182.9900360107422,183.5961119675546,180.65895274945885,183.22314433687052,7853369
3947,2023-10-10,184.57516479492188,185.1346304536322,182.47718991646224,182.99003106564624,7440527
3948,2023-10-11,185.08802795410156,185.69410396660786,184.0157352464968,184.0157352464968,10031916
3949,2023-10-12,187.18597412109375,188.35151567851028,184.0157067760417,184.0157067760417,21872719
3950,2023-10-13,188.16505432128906,188.72450579890523,185.83397092837868,186.9062635979959,13105921
3951,2023-10-16,189.33059692382812,190.07654645869013,186.57992135259065,186.76640517935516,18336656
3952,2023-10-17,193.15354919433594,194.8785564617935,188.910989132075,189.79679790679532,19378328
3953,2023-10-18,192.5474853515625,194.3657275250601,190.21640199379542,194.3657275250601,14923328
3954,2023-10-19,191.894775390625,193.38666012931785,188.53800982991083,190.21639261026792,13192888
3955,2023-10-20,189.14410400390625,191.33531376170316,187.32584765390453,191.33531376170316,22081120
3956,2023-10-23,186.25355529785156,191.28868952466965,185.55423030924888,188.35153026365964,6988219
3957,2023-10-25,186.0204315185547,186.90624025165405,184.43529785493445,185.55421489820745,16817158
3958,2023-10-26,185.5076141357422,186.48667200935208,183.03667142273986,185.32113030929364,11070090
3959,2023-10-27,187.37246704101562,188.16504102974113,185.69408427111648,185.78733329136756,9995487
3960,2023-10-30,187.27923583984375,188.5380122705543,184.2954378682265,187.3724706340798,7679981
3961,2023-10-31,188.4913787841797,189.23732824156428,186.99949409721302,187.88530285319362,7474770
3962,2023-11-01,187.37246704101562,188.67788218551627,186.95287490549157,188.67788218551627,5598615
3963,2023-11-02,189.37721252441406,189.8900394669292,187.32584784314017,188.11842185434176,12924797
3964,2023-11-03,190.58935546875,192.54747103480122,189.37720359508296,189.65692219497373,8684015
3965,2023-11-06,194.1326141357422,194.83193912486792,191.1022058495307,191.14883036103308,9804415
3966,2023-11-07,193.94613647460938,194.97181884901008,191.8481614406292,194.13262029873573,10730361
3967,2023-11-08,193.01368713378906,195.43801932997218,192.6873297977558,194.8785536761445,7435543
3968,2023-11-09,195.62451171875,196.27721219164138,192.1745113096357,193.29342843856423,13777877
3969,2023-11-10,196.88328552246094,198.6082928178688,195.43802529030103,196.2772095688328,12066023
3970,2023-11-13,197.95559692382812,200.56641306858404,196.46369791888094,197.6758640819251,11352269
3971,2023-11-15,195.9508514404297,200.47315861662355,195.62450832354952,200.47315861662355,19182861
3972,2023-11-16,196.94891357421875,198.51728961333515,195.5231250862241,196.4736507448872,27533260
3973,2023-11-17,199.13511657714844,200.27574441571852,196.66374417368837,197.42416756735838,16705395
3974,2023-11-20,198.9450225830078,200.75101552678328,198.51728893883683,199.70544600812872,11156900
3975,2023-11-21,198.61233520507812,199.75296310462474,197.66180953814415,199.6103900561329,9608081
3976,2023-11-22,201.1312255859375,202.08175119928526,197.89942979823314,197.89942979823314,13079580
3977,2023-11-23,200.46585083007812,202.5570188323662,198.89748933223225,201.55896401379601,11382709
3978,2023-11-24,200.0381317138672,201.60650782941948,199.1351351949032,200.84608436465513,7250200
3979,2023-11-28,199.80047607421875,203.84020983084918,199.13511106213588,203.84020983084918,15629209
3980,2023-11-29,200.60842895507812,200.9886333900701,198.75490695272057,199.895534761566,10062023
3981,2023-11-30,198.61233520507812,202.27186482432214,197.94697013899847,199.99059452135825,60354322
3982,2023-12-01,199.80047607421875,201.9391586512584,199.0875818818722,201.03616224172666,20719909
3983,2023-12-04,202.36688232421875,203.50752457903252,201.22625457327376,201.22625457327376,27914088
3984,2023-12-05,211.30184936523438,212.2048458083256,201.08369889518062,203.12732318764338,40709207
3985,2023-12-06,213.29794311523438,215.05642131204104,211.49195024057073,214.81878990727634,29544730
3986,2023-12-07,218.6208953857422,220.90215110126275,213.15537300109864,213.86826722518256,24534268
3987,2023-12-08,217.29017639160156,221.85268805548762,215.24653747594303,220.3318556688159,22206320
3988,2023-12-11,219.5238800048828,221.37740198683693,215.3415732505315,216.71983244204253,19106395
3989,2023-12-12,219.9040985107422,221.75762048908192,218.14562038798414,218.62088317750045,14355329
3990,2023-12-13,225.22703552246094,225.74982749743944,219.1912067316932,219.57141116593056,26878281
3991,2023-12-14,220.6169891357422,225.84487973607855,219.66646357204468,225.51218998723678,29972018
3992,2023-12-15,225.60726928710938,226.3201635260568,215.9118960343281,223.37352820352595,41341690
3993,2023-12-18,220.37937927246094,225.17952223493756,219.999160307519,225.17952223493756,29051897
3994,2023-12-19,221.99526977539062,222.80320788036195,219.42885340593793,220.66452515517295,12612164
3995,2023-12-20,215.91188049316406,223.75371655713664,215.0088840896017,223.3259829453302,20400245
3996,2023-12-21,220.85464477539062,221.6625828909196,211.68206337628502,213.34548329539078,17755207
3997,2023-12-22,220.2843017578125,222.61308651316224,219.09614479040252,221.47245872522248,9735375
3998,2023-12-26,221.80516052246094,224.13394540427203,219.61894868293356,220.52194512642725,6772092
3999,2023-12-27,222.4705352783203,224.181484379819,220.99721759358894,223.37353176126194,10231881
4000,2023-12-28,227.27069091796875,228.07862902597248,222.5180626219332,223.4685882811403,39164340
4001,2023-12-29,225.4646759033203,226.4627307127971,223.13589101712117,226.03499708126992,12665999
4002,2024-01-01,226.4627227783203,227.65087977086134,224.7042446278118,226.130033018861,5952776
4003,2024-01-02,226.08251953125,228.22120212907143,224.46661440980031,228.12614376762042,9128513
4004,2024-01-03,225.32211303710938,226.89047459149845,222.99332804573407,224.3240581825569,8284439
4005,2024-01-04,229.50440979003906,231.07278577726413,225.3221028318456,226.22509927692488,19663959
4006,2024-01-05,229.31431579589844,232.87878702588648,227.46079365707874,230.02721004189604,16345257
4007,2024-01-08,230.35989379882812,233.1164123430284,228.50635720462532,230.4074084775552,13585746
4008,2024-01-09,230.31236267089844,232.5460891954018,229.55193926737536,230.59752326020336,8688409
4009,2024-01-10,227.3181915283203,230.1222536525246,226.225092889436,229.07666969056336,16872195
4010,2024-01-11,229.97967529296875,231.07278847936942,227.36572978756354,228.36378460858322,18812468
4011,2024-01-12,227.65087890625,230.64502871453388,226.98551389372798,230.50245567751827,11296498
4012,2024-01-15,229.21925354003906,229.55194331740952,225.27457791397953,228.50635930613407,12597366
4013,2024-01-16,227.22315979003906,230.40741201881508,225.93994435954087,229.6945177805095,7478450
4014,2024-01-17,227.36572265625,229.26677387328198,225.93993424347602,226.70035763106276,13620300
4015,2024-01-18,221.9001922607422,224.0388748013865,214.8663088175042,216.00693660507397,25522629
4016,2024-01-19,223.75372314453125,225.22704074312347,220.90214631004426,223.3735187014809,20931080
4017,2024-01-23,226.1775665283203,234.58972399806527,224.56167588831065,229.0766725463825,27492163
4018,2024-01-24,234.0194091796875,234.77983259087733,223.3735249346404,224.466623616815,28309825
4019,2024-01-25,233.35403442382812,236.39571343815095,231.07277878905342,232.64114022497733,20651484
4020,2024-01-29,241.385986328125,242.38404116310008,233.02135769309493,233.306518289355,26181011
4021,2024-01-30,241.528564453125,244.23756825607788,239.05719205380416,241.43350609012427,16031367
4022,2024-01-31,246.47129821777344,247.13667779956128,239.91267680079497,241.4335236964945,34369455
4023,2024-02-01,252.64967346191406,257.5449031319291,245.52073200974112,246.1861114817054,29929092
4024,2024-02-02,263.3906555175781,267.477904086907,250.89124939647797,251.41402688520378,33900724
4025,2024-02-05,268.9036865234375,275.08210292539013,261.2994817210342,263.77085408336313,27440927
4026,2024-02-06,260.6816711425781,268.90371258034895,258.82813443928796,268.90371258034895,29668277
4027,2024-02-07,254.69332885742188,260.82420115716616,253.60020128533364,258.63800402846425,27335466
4028,2024-02-08,262.5351867675781,273.79889211207103,257.402325234492,257.402325234492,69776717
4029,2024-02-09,259.4934997558594,265.62440173780277,255.78645556089518,264.81644914214303,24496638
4030,2024-02-12,256.9270935058594,262.3451017760712,253.07747589811217,259.6836413321649,19140023
4031,2024-02-13,256.8795471191406,257.44986828894565,251.1763934365695,256.92706179673286,22031847
4032,2024-02-14,260.111328125,261.39454350374814,253.7903386018209,256.16665263367315,13546941
4033,2024-02-15,272.19158935546875,273.83451154465087,262.2374970122589,262.86566273421687,25475670
4034,2024-02-16,265.3299865722656,273.3995808386285,264.1219643615146,272.5298107454337,25129188
4035,2024-02-19,267.0695495605469,268.95404646646875,264.1219577445219,265.8615273800602,11429901
4036,2024-02-20,278.2316589355469,279.0531199056764,268.37421577217833,269.0023813989614,43053543
4037,2024-02-21,270.6936340332031,279.72964644035,269.8721729975114,277.89342901019285,24651085
4038,2024-02-22,273.10968017578125,273.97945030996505,264.07366771498397,270.69363564042,26793590
4039,2024-02-23,272.4814758300781,275.62233328036086,269.63053188580767,273.0613028421026,14313526
4040,2024-02-26,278.135009765625,281.71076714917245,272.5781078407271,273.44790738837213,31012494
4041,2024-02-27,282.6772155761719,283.5469857255522,274.55931169406915,274.55931169406915,36510093
4042,2024-02-28,270.16204833984375,283.7885434100249,269.0506739158798,281.7107513143137,18824161
4043,2024-02-29,273.35125732421875,275.4290495185322,265.18501581333237,270.2103997419899,35043015
4044,2024-03-01,278.0384216308594,279.681314247064,275.0425204577747,275.42908169142686,15149735
4045,2024-03-04,284.7550048828125,287.0260926593028,278.3283322756875,278.3283322756875,23131460
4046,2024-03-05,285.0932312011719,285.52813097806177,280.0195381035239,282.2422870920687,13220556
4047,2024-03-06,283.8368835449219,284.9965670617385,276.8786644731141,280.5510398487906,15969436
4048,2024-03-07,282.8221740722656,288.8622855529339,281.2275905399155,284.12684405063635,14908694
4049,2024-03-11,275.9605712890625,282.1456683616253,274.84919679696185,278.71486772094926,19020659
4050,2024-03-12,275.57403564453125,278.9564980166188,273.25463877364604,275.33243118938213,17906155
4051,2024-03-13,255.42420959472656,274.3660041398093,253.00816512450507,273.7861475684101,39389523
4052,2024-03-14,257.4053955078125,259.38654026675135,251.9451406543695,255.18261679808933,26005940
4053,2024-03-15,257.0188293457031,262.8656453213841,248.9975437965075,259.0966217465722,43817794
4054,2024-03-18,256.0040588378906,257.6952899186334,250.7854088301445,257.018815181974,12423655
4055,2024-03-19,250.3022003173828,257.5503335312066,249.62569608700076,253.3464103686429,20031514
4056,2024-03-20,255.76246643066406,256.2456753336098,250.2539026327205,251.2203204386121,11308487
4057,2024-03-21,264.5568542480469,265.28166754735656,258.13018222604643,258.8066569430983,23559105
4058,2024-03-22,266.48968505859375,268.9057293474296,262.2374530087883,264.5568496275251,22097588
4059,2024-03-26,260.98114013671875,264.8951502979465,257.163807156045,261.02947872699576,28477120
4060,2024-03-27,261.1744079589844,263.6387615283877,260.15968107575486,261.8992213020713,18094214
4061,2024-03-28,267.60107421875,270.11376631558045,262.5273809337525,262.8656330512983,26646830
4062,2024-04-01,270.741943359375,272.14326097986196,268.32589883628094,271.32179994346376,8945400
4063,2024-04-02,270.16204833984375,272.2398699282817,269.1473215815999,269.8721348354103,13229425
4064,2024-04-03,270.6936340332031,273.5928874584226,269.1956687345345,270.74194312653105,14499308
4065,2024-04-04,268.3258972167969,277.0719960332488,265.8132050293982,273.30294300578544,23722104
4066,2024-04-05,269.05072021484375,270.5486855594619,265.9098622411781,270.5486855594619,9308711
4067,2024-04-08,272.2882080078125,274.6559433527985,269.67886821916386,271.1284948811398,14473340
4068,2024-04-09,271.7566833496094,274.80089336639224,271.56338800233806,273.3512667400452,5780865
4069,2024-04-10,273.06134033203125,275.7673278948139,270.5969867144032,270.5969867144032,8809693
4070,2024-04-12,266.0065002441406,274.89755582777644,265.4266436638634,272.0466115121729,17731780
4071,2024-04-15,264.84674072265625,266.9245622293252,259.38648699070853,261.1743655116274,13378690
4072,2024-04-16,265.04010009765625,266.2964315280087,262.14084649585874,263.832077763574,9662195
4073,2024-04-18,270.6936340332031,280.1645167584943,268.37423719157374,278.23168114168135,51039603
4074,2024-04-19,272.19158935546875,272.77144598063495,265.4750028010983,268.7608176867294,18755469
4075,2024-04-22,274.1243896484375,275.13914598438646,272.23989272635384,274.46264176042047,14965203
4076,2024-04-23,275.7673034667969,277.50684357306227,271.2734669483376,274.12438153875746,11464036
4077,2024-04-24,280.647705078125,282.04902259462483,274.8491986529872,275.4290551940467,19324163
4078,2024-04-25,283.4503173828125,284.6100304926076,279.53633724953056,282.19398609114234,22022414
4079,2024-04-26,282.43560791015625,286.20463150981226,281.6624854512073,284.36844355026,15581578
4080,2024-04-29,283.8368835449219,284.7066535557161,279.874565170496,282.48387520287866,9804396
4081,2024-04-30,291.7132263183594,294.12927088039197,283.20873176436584,283.8369269446795,33288857
4082,2024-05-02,303.068603515625,306.59602230235464,291.7131952822045,291.80984295294945,44059506
4083,2024-05-03,300.4109802246094,305.4846736948099,297.89828803605917,301.5223548004881,27074447
4084,2024-05-06,296.5452880859375,300.3626204461588,292.921221577211,299.78279339894556,16855909
4085,2024-05-07,285.3348388671875,297.9465786271384,284.6100255593115,296.6902473572449,13857464
4086,2024-05-08,291.8581848144531,292.6796458689342,282.19400650933875,282.19400650933875,18754452
4087,2024-05-09,286.2046203613281,294.12925797415875,285.33485025570775,292.58298362376127,11196567
4088,2024-05-10,293.54937744140625,294.2258816309549,286.3012446650752,286.3012446650752,11786977
4089,2024-05-13,296.2553405761719,297.31840596782007,287.605919668838,293.98428252599905,11710605
4090,2024-05-14,298.86468505859375,302.48875157102617,297.4150584536208,297.65666288778294,9957875
4091,2024-05-15,304.27667236328125,305.67796057958014,298.4781651414664,299.5895397937677,11397656
4092,2024-05-16,302.00555419921875,305.001455195421,295.0473344333768,303.9383897460938,19843532
4093,2024-05-17,302.63372802734375,305.3880246545783,300.3143312069944,304.3249591765384,9069551
4094,2024-05-21,314.71392822265625,316.45349783420977,300.5559143611049,300.5559143611049,21976662
4095,2024-05-22,314.8105773925781,316.7434128639063,309.44697075673395,316.7434128639063,10287081
4096,2024-05-23,309.15704345703125,309.93019538050453,298.62309550132346,308.7221731495121,35705284
4097,2024-05-24,308.093994140625,312.1046517518792,306.74101506955776,307.3208716693671,15058182
4098,2024-05-27,307.2725524902344,310.7033238963522,303.93839927030405,310.7033238963522,12857918
4099,2024-05-28,302.2954406738281,308.7704509733332,301.52231832137704,308.28724212986947,10935739
4100,2024-05-29,307.0309143066406,307.99733200418405,298.71971620922153,298.71971620922153,16812268
4101,2024-05-30,296.40032958984375,306.9825860377692,293.59769457864434,304.0350237583432,22768893
4102,2024-05-31,299.5895080566406,301.03913470852757,295.43392345165654,298.188190496058,36929443
4103,2024-06-03,326.31097412109375,336.98990882907395,314.665651076674,323.74997277233655,55218939
4104,2024-06-04,286.0113525390625,323.70164579446663,270.3553727743411,323.70164579446663,73262478
4105,2024-06-05,288.7655944824219,290.9400342887435,269.8238313193131,286.3495502531756,45312613
4106,2024-06-06,290.3601989746094,300.9907932796608,288.08911156543945,293.2111133880554,36508044
4107,2024-06-07,298.96136474609375,300.217696141184,286.83280315668793,288.04082545686384,38016104
4108,2024-06-10,305.1947326660156,312.4912048287108,301.13579555878835,302.48877459453075,25478964
4109,2024-06-11,305.9195556640625,308.96379545632936,304.56657658568383,305.5813330140168,12238518
4110,2024-06-12,313.7475280761719,316.11526344707596,306.2577902406442,309.15704359633236,20346144
4111,2024-06-13,310.6549987792969,316.9367141794659,309.88184688056157,316.01860551619563,11756503
4112,2024-06-14,310.7033386230469,315.05221894592,308.62554614510947,315.05221894592,14159988
4113,2024-06-18,320.65740966796875,321.3339139154091,311.1865271601856,311.1865271601856,21653702
4114,2024-06-19,316.3085021972656,323.60497354599545,314.47231446125795,322.7835126004129,14235150
4115,2024-06-20,313.65087890625,317.2749455836111,311.4764388998334,316.5018231561994,11749507
4116,2024-06-21,315.0038757324219,318.53129460259504,312.15293158800944,315.72868904106275,17209541
4117,2024-06-24,321.768798828125,322.78352565960404,311.7180307223853,312.2495781758454,18044357
4118,2024-06-25,316.4051818847656,323.7499630647814,314.85890750591005,323.7499630647814,13979671
4119,2024-06-26,315.72869873046875,319.111160941264,314.0374676250711,314.7622809559558,12946277
4120,2024-06-27,320.415771484375,321.3338800816993,313.4575818519264,317.5165184310063,27061015
4121,2024-06-28,319.8359680175781,326.0210357549625,318.5312981489532,321.8171126194953,21676594
4122,2024-07-01,318.53131103515625,320.60910339523787,314.3273877296191,319.88429004920494,11959181
4123,2024-07-02,319.69097900390625,323.1700887926685,317.0333301988798,318.9661656934445,12684459
4124,2024-07-03,323.8949279785156,325.58615917136916,318.04811193745746,319.98094758643293,9369793
4125,2024-07-04,323.74993896484375,327.32569635647224,322.68687356521946,325.68277442135025,12878827
4126,2024-07-05,328.002197265625,328.48540616834185,321.67217243712713,323.74996482026324,10894118
4127,2024-07-08,328.002197265625,329.548471652865,325.5378436588616,329.548471652865,7828162
4128,2024-07-09,329.69342041015625,330.8531335455759,326.7458579723325,328.5820458594717,9214579
4129,2024-07-10,334.4288635253906,336.1200946533038,324.23316766563494,331.481301070977,10662609
4130,2024-07-11,331.28802490234375,337.0382228673527,330.51490242475876,336.7966184065159,12642065
4131,2024-07-12,331.57794189453125,334.2838998461679,328.6786885923221,331.2879988686725,11380570
4132,2024-07-15,332.302734375,333.80067002341855,328.77531564379694,333.80067002341855,5277531
4133,2024-07-16,330.94976806640625,335.3469570023425,330.03165941296817,331.2396815923714,11363095
4134,2024-07-18,329.7900695800781,333.1242227399578,325.63448489601467,330.51488291981457,13908161
4135,2024-07-19,321.04400634765625,330.36993225950425,319.8842931855408,328.14715361423816,12937990
4136,2024-07-22,327.22906494140625,328.00218736532514,318.4346572788613,318.9178661669931,10678640
4137,2024-07-23,323.0251159667969,329.06522658696883,310.3167291205006,327.71224770659586,15954324
4138,2024-07-24,325.8277587890625,327.42234227724197,319.20779089107947,319.78764747570773,12573882
4139,2024-07-25,328.0505065917969,331.094716508845,319.35274711867163,319.35274711867163,16271884
4140,2024-07-26,332.6409912109375,333.94563153949946,327.1323984067023,328.92027708826834,11468068
4141,2024-07-29,330.8531188964844,334.28389007337466,326.40759139784944,328.388735966015,31849674
4142,2024-07-30,338.05291748046875,344.9628279938475,331.771202099382,333.4141240730656,25813219
4143,2024-07-31,336.5066833496094,338.8743892188871,331.09473787411304,336.5549924415972,17976593
4144,2024-08-01,348.97344970703125,350.32642863632236,338.3911637207874,339.3575814549566,26792459
4145,2024-08-02,346.21917724609375,348.92513529209725,342.1119015913948,345.9775727958173,13771470
4146,2024-08-05,331.28802490234375,342.88503902251074,330.03169350308514,340.9038942407417,13566586
4147,2024-08-06,329.30682373046875,339.01930959586133,327.8571972136802,331.287968172989,12273667
4148,2024-08-07,340.22735595703125,340.71056483042156,331.8678483459246,334.2355836226288,12441847
4149,2024-08-08,331.14306640625,343.0783326082087,329.79008733113017,343.0783326082087,15489731
4150,2024-08-09,334.38055419921875,337.2314984670845,332.7376321647316,336.2167420954083,8720610
4151,2024-08-12,329.69342041015625,332.2544216337502,328.0988369685019,331.48129920529055,12521136
4152,2024-08-13,325.6344909667969,330.9497888906235,323.8949212233606,325.68280005992114,10435954
4153,2024-08-14,322.3003234863281,326.9874555285283,321.3339057247499,325.6827856518518,12385993
4154,2024-08-16,329.9497985839844,330.8755111103973,322.1541744224629,324.49285572333014,13013828
4155,2024-08-19,331.6063537597656,334.5297128457628,330.6319007310999,333.89632432471933,5891370
4156,2024-08-20,331.8012390136719,333.8963069688124,330.1446570558706,331.75252825994914,6393840
4157,2024-08-21,328.0495910644531,332.23975673776164,327.5623645725297,331.31401450792913,10118601
4158,2024-08-22,325.46728515625,329.07277296483517,322.05669983275635,327.4161910553892,18370039
4159,2024-08-23,327.6598205566406,328.3419495503754,324.83391281020965,326.10068981235077,7494822
4160,2024-08-26,329.60870361328125,332.7756756361731,327.27002252858057,327.8547002342416,7993675
4161,2024-08-27,326.7828369140625,332.7270064784567,326.4417723982957,330.33958460603657,9589690
4162,2024-08-28,325.90582275390625,330.2421208277819,325.2236937482446,326.78282451979544,8790600
4163,2024-08-29,324.78515625,327.3187398668881,320.40011797621275,324.0056057853932,17653536
4164,2024-08-30,328.7804260253906,332.14230066599464,325.5160026293444,326.4417448457266,22713812
4165,2024-09-02,326.9776916503906,331.21656814014403,325.6622038931788,329.75488864284597,9789776
4166,2024-09-03,326.1006774902344,329.3163901046873,325.4672890130972,327.4161949353313,8434423
4167,2024-09-04,324.3954162597656,326.1494496026038,322.5439614017258,322.7388639080236,9025610
4168,2024-09-05,322.7875671386719,325.7596369937512,321.17972558202325,323.8594714224198,13912371
4169,2024-09-06,321.37457275390625,324.5902853490741,316.6972104637728,324.541544858544,23755639
4170,2024-09-09,320.156494140625,320.789912327337,315.28422955325925,319.3282329511273,18597200
4171,2024-09-10,325.61346435546875,326.7340793590947,318.64613134550325,318.64613134550325,15472387
4172,2024-09-11,324.687744140625,328.63426680605346,323.518388671934,328.2932023161899,10134008
4173,2024-09-12,329.55999755859375,330.3395480186224,324.73644359057795,326.2955742485791,18410837
4174,2024-09-13,328.63427734375,332.53208938044384,327.51366233078966,331.119120621964,10417461
4175,2024-09-16,329.60870361328125,332.7756756361731,328.4393482019592,328.6342506831607,7748570
4176,2024-09-17,328.293212890625,331.31402316709057,325.95453161585823,328.0983401315295,11451846
4177,2024-09-18,325.7596130371094,330.24210260626126,324.59028732642474,329.8523273693664,6583254
4178,2024-09-19,326.34429931640625,329.7061740158864,324.5902958354267,327.61110604195386,10589610
4179,2024-09-20,332.1423034667969,334.18866066798813,326.19813435398225,329.5112685312731,31236123
4180,2024-09-23,332.43463134765625,333.7501488307827,331.55762960488704,333.26292233613924,6542941
4181,2024-09-24,341.1072692871094,342.03301155544364,333.6039988421936,335.7477776530497,26145769
4182,2024-09-25,354.457275390625,356.8934078675365,343.34851724349755,344.8101967296445,40770462
4183,2024-09-26,356.1138610839844,356.74724958699784,348.0746238263358,354.74960309232995,18733959
4184,2024-09-27,345.1999816894531,354.018769608783,344.3229799206824,352.9468950791444,33148043
4185,2024-09-30,343.83575439453125,348.3182442385522,340.76623332608574,345.1999826762908,16356171
4186,2024-10-01,341.83807373046875,346.90524082876277,341.0098125356985,342.13042745033755,9856291
4187,2024-10-03,335.35797119140625,340.9610755602838,333.847581039321,334.23735626521943,19350466
4188,2024-10-04,330.1933898925781,338.57369125680236,329.1214856940243,334.2373637099936,20121706
4189,2024-10-07,320.54632568359375,331.31401941955096,316.697224445159,331.31401941955096,13851446
4190,2024-10-08,318.79229736328125,322.5439474121905,314.1149347944762,318.93845936769156,21148292
4191,2024-10-09,321.32586669921875,323.32348339155686,317.18444157875876,318.64612103303875,9228363
4192,2024-10-10,325.8083801269531,329.4625790298172,321.6669547037071,321.76440595537287,20773976
4193,2024-10-11,321.6181945800781,326.78281322369,321.08225733554576,325.9058114881167,6098468
4194,2024-10-14,322.2516174316406,323.0311679326801,319.42567995499536,321.6181991943575,5944216
4195,2024-10-15,321.42333984375,324.931376720629,319.1333692617633,324.931376720629,12415489
4196,2024-10-16,318.8410339355469,324.1517849501145,316.6485146825187,323.22607244160326,22085298
4197,2024-10-17,322.69012451171875,323.4209643059041,316.3074688710122,320.1078298531866,17039729
4198,2024-10-18,323.5671081542969,325.3211414046507,319.86419863345947,323.0311708971571,10569021
4199,2024-10-21,322.69012451171875,325.2237084124841,321.0335721543337,324.49286861829876,8745904
4200,2024-10-22,314.50469970703125,327.0751372179107,312.84811774368296,324.3953915194,11219831
4201,2024-10-23,308.80413818359375,313.6764030010627,305.8320685401155,311.04539784239614,12541589
4202,2024-10-24,310.9966735839844,312.6045151100818,307.19631277558693,307.19631277558693,8327779
4203,2024-10-25,307.73223876953125,313.2866326431413,305.24739556909486,313.2866326431413,12979410
4204,2024-10-28,310.1683654785156,312.2634631342605,302.81125752081437,306.46545612323774,9610615
4205,2024-10-29,312.36090087890625,312.99431912661174,306.1244075541381,308.02460282136286,15856332
4206,2024-10-30,310.3145751953125,317.0870058214911,308.6579931710393,310.4119967066671,14498110
4207,2024-10-31,312.6044921875,314.4559765693672,309.729873848708,312.2147169579283,9900390
